-- MySQL dump 10.13  Distrib 5.7.44, for osx10.19 (x86_64)
--
-- Host: 127.0.0.1    Database: ninico
-- ------------------------------------------------------
-- Server version	8.0.36

/*!40101 SET @OLD_CHARACTER_SET_CLIENT=@@CHARACTER_SET_CLIENT */;
/*!40101 SET @OLD_CHARACTER_SET_RESULTS=@@CHARACTER_SET_RESULTS */;
/*!40101 SET @OLD_COLLATION_CONNECTION=@@COLLATION_CONNECTION */;
/*!40101 SET NAMES utf8 */;
/*!40103 SET @OLD_TIME_ZONE=@@TIME_ZONE */;
/*!40103 SET TIME_ZONE='+00:00' */;
/*!40014 SET @OLD_UNIQUE_CHECKS=@@UNIQUE_CHECKS, UNIQUE_CHECKS=0 */;
/*!40014 SET @OLD_FOREIGN_KEY_CHECKS=@@FOREIGN_KEY_CHECKS, FOREIGN_KEY_CHECKS=0 */;
/*!40101 SET @OLD_SQL_MODE=@@SQL_MODE, SQL_MODE='NO_AUTO_VALUE_ON_ZERO' */;
/*!40111 SET @OLD_SQL_NOTES=@@SQL_NOTES, SQL_NOTES=0 */;

--
-- Table structure for table `activations`
--

DROP TABLE IF EXISTS `activations`;
/*!40101 SET @saved_cs_client     = @@character_set_client */;
/*!40101 SET character_set_client = utf8 */;
CREATE TABLE `activations` (
  `id` bigint unsigned NOT NULL AUTO_INCREMENT,
  `user_id` bigint unsigned NOT NULL,
  `code` varchar(120) COLLATE utf8mb4_unicode_ci NOT NULL,
  `completed` tinyint(1) NOT NULL DEFAULT '0',
  `completed_at` timestamp NULL DEFAULT NULL,
  `created_at` timestamp NULL DEFAULT NULL,
  `updated_at` timestamp NULL DEFAULT NULL,
  PRIMARY KEY (`id`),
  KEY `activations_user_id_index` (`user_id`)
) ENGINE=InnoDB AUTO_INCREMENT=2 DEFAULT CHARSET=utf8mb4 COLLATE=utf8mb4_unicode_ci;
/*!40101 SET character_set_client = @saved_cs_client */;

--
-- Dumping data for table `activations`
--

LOCK TABLES `activations` WRITE;
/*!40000 ALTER TABLE `activations` DISABLE KEYS */;
INSERT INTO `activations` VALUES (1,1,'M1TvVSWVobzH0Y0dplNm3tIfcHnfanyw',1,'2025-01-21 09:38:58','2025-01-21 09:38:58','2025-01-21 09:38:58');
/*!40000 ALTER TABLE `activations` ENABLE KEYS */;
UNLOCK TABLES;

--
-- Table structure for table `admin_notifications`
--

DROP TABLE IF EXISTS `admin_notifications`;
/*!40101 SET @saved_cs_client     = @@character_set_client */;
/*!40101 SET character_set_client = utf8 */;
CREATE TABLE `admin_notifications` (
  `id` bigint unsigned NOT NULL AUTO_INCREMENT,
  `title` varchar(191) COLLATE utf8mb4_unicode_ci NOT NULL,
  `action_label` varchar(191) COLLATE utf8mb4_unicode_ci DEFAULT NULL,
  `action_url` varchar(191) COLLATE utf8mb4_unicode_ci DEFAULT NULL,
  `description` varchar(400) COLLATE utf8mb4_unicode_ci DEFAULT NULL,
  `read_at` timestamp NULL DEFAULT NULL,
  `created_at` timestamp NULL DEFAULT NULL,
  `updated_at` timestamp NULL DEFAULT NULL,
  `permission` varchar(191) COLLATE utf8mb4_unicode_ci DEFAULT NULL,
  PRIMARY KEY (`id`)
) ENGINE=InnoDB DEFAULT CHARSET=utf8mb4 COLLATE=utf8mb4_unicode_ci;
/*!40101 SET character_set_client = @saved_cs_client */;

--
-- Dumping data for table `admin_notifications`
--

LOCK TABLES `admin_notifications` WRITE;
/*!40000 ALTER TABLE `admin_notifications` DISABLE KEYS */;
/*!40000 ALTER TABLE `admin_notifications` ENABLE KEYS */;
UNLOCK TABLES;

--
-- Table structure for table `ads`
--

DROP TABLE IF EXISTS `ads`;
/*!40101 SET @saved_cs_client     = @@character_set_client */;
/*!40101 SET character_set_client = utf8 */;
CREATE TABLE `ads` (
  `id` bigint unsigned NOT NULL AUTO_INCREMENT,
  `name` varchar(191) COLLATE utf8mb4_unicode_ci NOT NULL,
  `expired_at` datetime DEFAULT NULL,
  `location` varchar(120) COLLATE utf8mb4_unicode_ci DEFAULT NULL,
  `key` varchar(120) COLLATE utf8mb4_unicode_ci NOT NULL,
  `image` varchar(191) COLLATE utf8mb4_unicode_ci DEFAULT NULL,
  `url` varchar(191) COLLATE utf8mb4_unicode_ci DEFAULT NULL,
  `clicked` bigint NOT NULL DEFAULT '0',
  `order` int DEFAULT '0',
  `status` varchar(60) COLLATE utf8mb4_unicode_ci NOT NULL DEFAULT 'published',
  `created_at` timestamp NULL DEFAULT NULL,
  `updated_at` timestamp NULL DEFAULT NULL,
  `open_in_new_tab` tinyint(1) NOT NULL DEFAULT '1',
  `tablet_image` varchar(191) COLLATE utf8mb4_unicode_ci DEFAULT NULL,
  `mobile_image` varchar(191) COLLATE utf8mb4_unicode_ci DEFAULT NULL,
  `ads_type` varchar(191) COLLATE utf8mb4_unicode_ci DEFAULT NULL,
  `google_adsense_slot_id` varchar(191) COLLATE utf8mb4_unicode_ci DEFAULT NULL,
  PRIMARY KEY (`id`),
  UNIQUE KEY `ads_key_unique` (`key`)
) ENGINE=InnoDB AUTO_INCREMENT=10 DEFAULT CHARSET=utf8mb4 COLLATE=utf8mb4_unicode_ci;
/*!40101 SET character_set_client = @saved_cs_client */;

--
-- Dumping data for table `ads`
--

LOCK TABLES `ads` WRITE;
/*!40000 ALTER TABLE `ads` DISABLE KEYS */;
INSERT INTO `ads` VALUES (1,'New Modern & Stylist <br> Crafts','2030-01-21 16:39:08',NULL,'IYHICPADQD5X','sliders/banner-slider-01.jpg','/products',0,1,'published','2025-01-21 09:39:08','2025-01-21 09:39:08',1,NULL,NULL,NULL,NULL),(2,'Popular Energy with our <br> newest collection','2030-01-21 16:39:08',NULL,'R4YAV9FECJUS','sliders/banner-slider-02.jpg','/products',0,2,'published','2025-01-21 09:39:08','2025-01-21 09:39:08',1,NULL,NULL,NULL,NULL),(3,'Winter <br> Exclusive In','2028-01-21 16:39:08',NULL,'QPTCBJBOJOSY','banners/banner-offer-01.jpg','/products',0,3,'published','2025-01-21 09:39:08','2025-01-21 09:39:08',1,NULL,NULL,NULL,NULL),(4,'50% Offer','2030-01-21 16:39:08',NULL,'T2VFLDYYIJEH','banners/banner-offer-02.jpg','/products',0,4,'published','2025-01-21 09:39:08','2025-01-21 09:39:08',1,NULL,NULL,NULL,NULL),(5,'New Modern & Stylist <br> Crafts','2028-01-21 16:39:08',NULL,'JO7LLJHFH1RO','banners/banner-03-01.jpg','/products',0,5,'published','2025-01-21 09:39:08','2025-01-21 09:39:08',1,NULL,NULL,NULL,NULL),(6,'Lamp <br> Collections','2029-01-21 16:39:08',NULL,'L8GDJUBVD2TQ','banners/banner-03-02.jpg','/products',0,6,'published','2025-01-21 09:39:08','2025-01-21 09:39:08',1,NULL,NULL,NULL,NULL),(7,'Minimal Chair','2027-01-21 16:39:08',NULL,'PXJPAXLOCVRS','banners/banner-03-03.jpg','/products',0,7,'published','2025-01-21 09:39:08','2025-01-21 09:39:08',1,NULL,NULL,NULL,NULL),(8,'100% Fresh Product <br> Every Hour','2026-01-21 16:39:08',NULL,'EMRCINED6AX9','sliders/slider-05-banner-1.jpg','/products',0,8,'published','2025-01-21 09:39:08','2025-01-21 09:39:08',1,NULL,NULL,NULL,NULL),(9,'100% Fresh Product <br> Every Hour','2028-01-21 16:39:08',NULL,'JVMDAIB9HO2I','sliders/slider-05-banner-1.jpg','/products',0,9,'published','2025-01-21 09:39:08','2025-01-21 09:39:08',1,NULL,NULL,NULL,NULL);
/*!40000 ALTER TABLE `ads` ENABLE KEYS */;
UNLOCK TABLES;

--
-- Table structure for table `ads_translations`
--

DROP TABLE IF EXISTS `ads_translations`;
/*!40101 SET @saved_cs_client     = @@character_set_client */;
/*!40101 SET character_set_client = utf8 */;
CREATE TABLE `ads_translations` (
  `lang_code` varchar(191) COLLATE utf8mb4_unicode_ci NOT NULL,
  `ads_id` bigint unsigned NOT NULL,
  `name` varchar(191) COLLATE utf8mb4_unicode_ci DEFAULT NULL,
  `image` varchar(191) COLLATE utf8mb4_unicode_ci DEFAULT NULL,
  `url` varchar(191) COLLATE utf8mb4_unicode_ci DEFAULT NULL,
  PRIMARY KEY (`lang_code`,`ads_id`)
) ENGINE=InnoDB DEFAULT CHARSET=utf8mb4 COLLATE=utf8mb4_unicode_ci;
/*!40101 SET character_set_client = @saved_cs_client */;

--
-- Dumping data for table `ads_translations`
--

LOCK TABLES `ads_translations` WRITE;
/*!40000 ALTER TABLE `ads_translations` DISABLE KEYS */;
/*!40000 ALTER TABLE `ads_translations` ENABLE KEYS */;
UNLOCK TABLES;

--
-- Table structure for table `announcements`
--

DROP TABLE IF EXISTS `announcements`;
/*!40101 SET @saved_cs_client     = @@character_set_client */;
/*!40101 SET character_set_client = utf8 */;
CREATE TABLE `announcements` (
  `id` bigint unsigned NOT NULL AUTO_INCREMENT,
  `name` varchar(191) COLLATE utf8mb4_unicode_ci NOT NULL,
  `content` text COLLATE utf8mb4_unicode_ci NOT NULL,
  `has_action` tinyint(1) NOT NULL DEFAULT '0',
  `action_label` varchar(60) COLLATE utf8mb4_unicode_ci DEFAULT NULL,
  `action_url` varchar(400) COLLATE utf8mb4_unicode_ci DEFAULT NULL,
  `action_open_new_tab` tinyint(1) NOT NULL DEFAULT '0',
  `dismissible` tinyint(1) NOT NULL DEFAULT '0',
  `start_date` datetime DEFAULT NULL,
  `end_date` datetime DEFAULT NULL,
  `is_active` tinyint(1) NOT NULL DEFAULT '1',
  `created_at` timestamp NULL DEFAULT NULL,
  `updated_at` timestamp NULL DEFAULT NULL,
  PRIMARY KEY (`id`)
) ENGINE=InnoDB AUTO_INCREMENT=4 DEFAULT CHARSET=utf8mb4 COLLATE=utf8mb4_unicode_ci;
/*!40101 SET character_set_client = @saved_cs_client */;

--
-- Dumping data for table `announcements`
--

LOCK TABLES `announcements` WRITE;
/*!40000 ALTER TABLE `announcements` DISABLE KEYS */;
INSERT INTO `announcements` VALUES (1,'Announcement 1','<strong>Welcome to our international shop! Enjoy free shipping on orders $100 & up</strong>',1,'Shop now','/',0,1,'2025-01-21 16:39:35',NULL,1,'2025-01-21 09:39:35','2025-01-21 09:39:35'),(2,'Announcement 2','<strong>Trendy 25 silver jewelry, save up 35% off today</strong>',1,'Shop now','/',0,1,'2025-01-21 16:39:35',NULL,1,'2025-01-21 09:39:35','2025-01-21 09:39:35'),(3,'Announcement 3','<strong>Black Friday and Cyber Monday 2023 Deals for Motion Designers, grab it now!</strong>',1,'Shop now','/',0,1,'2025-01-21 16:39:35',NULL,1,'2025-01-21 09:39:35','2025-01-21 09:39:35');
/*!40000 ALTER TABLE `announcements` ENABLE KEYS */;
UNLOCK TABLES;

--
-- Table structure for table `announcements_translations`
--

DROP TABLE IF EXISTS `announcements_translations`;
/*!40101 SET @saved_cs_client     = @@character_set_client */;
/*!40101 SET character_set_client = utf8 */;
CREATE TABLE `announcements_translations` (
  `lang_code` varchar(191) COLLATE utf8mb4_unicode_ci NOT NULL,
  `announcements_id` bigint unsigned NOT NULL,
  `content` text COLLATE utf8mb4_unicode_ci,
  PRIMARY KEY (`lang_code`,`announcements_id`)
) ENGINE=InnoDB DEFAULT CHARSET=utf8mb4 COLLATE=utf8mb4_unicode_ci;
/*!40101 SET character_set_client = @saved_cs_client */;

--
-- Dumping data for table `announcements_translations`
--

LOCK TABLES `announcements_translations` WRITE;
/*!40000 ALTER TABLE `announcements_translations` DISABLE KEYS */;
/*!40000 ALTER TABLE `announcements_translations` ENABLE KEYS */;
UNLOCK TABLES;

--
-- Table structure for table `audit_histories`
--

DROP TABLE IF EXISTS `audit_histories`;
/*!40101 SET @saved_cs_client     = @@character_set_client */;
/*!40101 SET character_set_client = utf8 */;
CREATE TABLE `audit_histories` (
  `id` bigint unsigned NOT NULL AUTO_INCREMENT,
  `user_id` bigint unsigned NOT NULL,
  `module` varchar(60) COLLATE utf8mb4_unicode_ci NOT NULL,
  `request` longtext COLLATE utf8mb4_unicode_ci,
  `action` varchar(120) COLLATE utf8mb4_unicode_ci NOT NULL,
  `user_agent` text COLLATE utf8mb4_unicode_ci,
  `ip_address` varchar(45) COLLATE utf8mb4_unicode_ci DEFAULT NULL,
  `reference_user` bigint unsigned NOT NULL,
  `reference_id` bigint unsigned NOT NULL,
  `reference_name` varchar(191) COLLATE utf8mb4_unicode_ci NOT NULL,
  `type` varchar(20) COLLATE utf8mb4_unicode_ci NOT NULL,
  `created_at` timestamp NULL DEFAULT NULL,
  `updated_at` timestamp NULL DEFAULT NULL,
  PRIMARY KEY (`id`),
  KEY `audit_histories_user_id_index` (`user_id`),
  KEY `audit_histories_module_index` (`module`)
) ENGINE=InnoDB DEFAULT CHARSET=utf8mb4 COLLATE=utf8mb4_unicode_ci;
/*!40101 SET character_set_client = @saved_cs_client */;

--
-- Dumping data for table `audit_histories`
--

LOCK TABLES `audit_histories` WRITE;
/*!40000 ALTER TABLE `audit_histories` DISABLE KEYS */;
/*!40000 ALTER TABLE `audit_histories` ENABLE KEYS */;
UNLOCK TABLES;

--
-- Table structure for table `cache`
--

DROP TABLE IF EXISTS `cache`;
/*!40101 SET @saved_cs_client     = @@character_set_client */;
/*!40101 SET character_set_client = utf8 */;
CREATE TABLE `cache` (
  `key` varchar(191) COLLATE utf8mb4_unicode_ci NOT NULL,
  `value` mediumtext COLLATE utf8mb4_unicode_ci NOT NULL,
  `expiration` int NOT NULL,
  PRIMARY KEY (`key`)
) ENGINE=InnoDB DEFAULT CHARSET=utf8mb4 COLLATE=utf8mb4_unicode_ci;
/*!40101 SET character_set_client = @saved_cs_client */;

--
-- Dumping data for table `cache`
--

LOCK TABLES `cache` WRITE;
/*!40000 ALTER TABLE `cache` DISABLE KEYS */;
/*!40000 ALTER TABLE `cache` ENABLE KEYS */;
UNLOCK TABLES;

--
-- Table structure for table `cache_locks`
--

DROP TABLE IF EXISTS `cache_locks`;
/*!40101 SET @saved_cs_client     = @@character_set_client */;
/*!40101 SET character_set_client = utf8 */;
CREATE TABLE `cache_locks` (
  `key` varchar(191) COLLATE utf8mb4_unicode_ci NOT NULL,
  `owner` varchar(191) COLLATE utf8mb4_unicode_ci NOT NULL,
  `expiration` int NOT NULL,
  PRIMARY KEY (`key`)
) ENGINE=InnoDB DEFAULT CHARSET=utf8mb4 COLLATE=utf8mb4_unicode_ci;
/*!40101 SET character_set_client = @saved_cs_client */;

--
-- Dumping data for table `cache_locks`
--

LOCK TABLES `cache_locks` WRITE;
/*!40000 ALTER TABLE `cache_locks` DISABLE KEYS */;
/*!40000 ALTER TABLE `cache_locks` ENABLE KEYS */;
UNLOCK TABLES;

--
-- Table structure for table `categories`
--

DROP TABLE IF EXISTS `categories`;
/*!40101 SET @saved_cs_client     = @@character_set_client */;
/*!40101 SET character_set_client = utf8 */;
CREATE TABLE `categories` (
  `id` bigint unsigned NOT NULL AUTO_INCREMENT,
  `name` varchar(120) COLLATE utf8mb4_unicode_ci NOT NULL,
  `parent_id` bigint unsigned NOT NULL DEFAULT '0',
  `description` varchar(400) COLLATE utf8mb4_unicode_ci DEFAULT NULL,
  `status` varchar(60) COLLATE utf8mb4_unicode_ci NOT NULL DEFAULT 'published',
  `author_id` bigint unsigned DEFAULT NULL,
  `author_type` varchar(191) COLLATE utf8mb4_unicode_ci NOT NULL DEFAULT 'Botble\\ACL\\Models\\User',
  `icon` varchar(60) COLLATE utf8mb4_unicode_ci DEFAULT NULL,
  `order` int unsigned NOT NULL DEFAULT '0',
  `is_featured` tinyint NOT NULL DEFAULT '0',
  `is_default` tinyint unsigned NOT NULL DEFAULT '0',
  `created_at` timestamp NULL DEFAULT NULL,
  `updated_at` timestamp NULL DEFAULT NULL,
  PRIMARY KEY (`id`),
  KEY `categories_parent_id_index` (`parent_id`),
  KEY `categories_status_index` (`status`),
  KEY `categories_created_at_index` (`created_at`)
) ENGINE=InnoDB AUTO_INCREMENT=5 DEFAULT CHARSET=utf8mb4 COLLATE=utf8mb4_unicode_ci;
/*!40101 SET character_set_client = @saved_cs_client */;

--
-- Dumping data for table `categories`
--

LOCK TABLES `categories` WRITE;
/*!40000 ALTER TABLE `categories` DISABLE KEYS */;
INSERT INTO `categories` VALUES (1,'Ecommerce',0,'Occaecati quo est officiis similique. Est qui praesentium molestiae neque quae voluptatem facere. Repellendus sed a laborum iste eveniet.','published',1,'Botble\\ACL\\Models\\User',NULL,0,0,0,'2025-01-21 09:39:00','2025-01-21 09:39:00'),(2,'Fashion',0,'Id cum voluptas enim consequuntur blanditiis illo voluptatem. Nisi eum libero ex occaecati et voluptatem repellat. Repellendus eum ex cupiditate eos eveniet beatae distinctio.','published',1,'Botble\\ACL\\Models\\User',NULL,0,1,0,'2025-01-21 09:39:00','2025-01-21 09:39:00'),(3,'Electronic',0,'Quisquam cupiditate non occaecati magnam dolores sequi earum. Id animi ducimus sapiente maiores vel. Qui magnam quia libero. Et mollitia omnis occaecati sapiente enim.','published',1,'Botble\\ACL\\Models\\User',NULL,0,1,0,'2025-01-21 09:39:00','2025-01-21 09:39:00'),(4,'Commercial',0,'Voluptatem quia sed animi explicabo ratione velit minus dignissimos. Qui explicabo quis beatae sed explicabo omnis. Qui voluptatem optio iusto impedit.','published',1,'Botble\\ACL\\Models\\User',NULL,0,1,0,'2025-01-21 09:39:00','2025-01-21 09:39:00');
/*!40000 ALTER TABLE `categories` ENABLE KEYS */;
UNLOCK TABLES;

--
-- Table structure for table `categories_translations`
--

DROP TABLE IF EXISTS `categories_translations`;
/*!40101 SET @saved_cs_client     = @@character_set_client */;
/*!40101 SET character_set_client = utf8 */;
CREATE TABLE `categories_translations` (
  `lang_code` varchar(20) COLLATE utf8mb4_unicode_ci NOT NULL,
  `categories_id` bigint unsigned NOT NULL,
  `name` varchar(191) COLLATE utf8mb4_unicode_ci DEFAULT NULL,
  `description` varchar(400) COLLATE utf8mb4_unicode_ci DEFAULT NULL,
  PRIMARY KEY (`lang_code`,`categories_id`)
) ENGINE=InnoDB DEFAULT CHARSET=utf8mb4 COLLATE=utf8mb4_unicode_ci;
/*!40101 SET character_set_client = @saved_cs_client */;

--
-- Dumping data for table `categories_translations`
--

LOCK TABLES `categories_translations` WRITE;
/*!40000 ALTER TABLE `categories_translations` DISABLE KEYS */;
/*!40000 ALTER TABLE `categories_translations` ENABLE KEYS */;
UNLOCK TABLES;

--
-- Table structure for table `cities`
--

DROP TABLE IF EXISTS `cities`;
/*!40101 SET @saved_cs_client     = @@character_set_client */;
/*!40101 SET character_set_client = utf8 */;
CREATE TABLE `cities` (
  `id` bigint unsigned NOT NULL AUTO_INCREMENT,
  `name` varchar(120) COLLATE utf8mb4_unicode_ci NOT NULL,
  `slug` varchar(120) COLLATE utf8mb4_unicode_ci DEFAULT NULL,
  `state_id` bigint unsigned DEFAULT NULL,
  `country_id` bigint unsigned DEFAULT NULL,
  `record_id` varchar(40) COLLATE utf8mb4_unicode_ci DEFAULT NULL,
  `order` tinyint NOT NULL DEFAULT '0',
  `image` varchar(191) COLLATE utf8mb4_unicode_ci DEFAULT NULL,
  `is_default` tinyint unsigned NOT NULL DEFAULT '0',
  `status` varchar(60) COLLATE utf8mb4_unicode_ci NOT NULL DEFAULT 'published',
  `created_at` timestamp NULL DEFAULT NULL,
  `updated_at` timestamp NULL DEFAULT NULL,
  `zip_code` varchar(20) COLLATE utf8mb4_unicode_ci DEFAULT NULL,
  PRIMARY KEY (`id`),
  UNIQUE KEY `cities_slug_unique` (`slug`)
) ENGINE=InnoDB DEFAULT CHARSET=utf8mb4 COLLATE=utf8mb4_unicode_ci;
/*!40101 SET character_set_client = @saved_cs_client */;

--
-- Dumping data for table `cities`
--

LOCK TABLES `cities` WRITE;
/*!40000 ALTER TABLE `cities` DISABLE KEYS */;
/*!40000 ALTER TABLE `cities` ENABLE KEYS */;
UNLOCK TABLES;

--
-- Table structure for table `cities_translations`
--

DROP TABLE IF EXISTS `cities_translations`;
/*!40101 SET @saved_cs_client     = @@character_set_client */;
/*!40101 SET character_set_client = utf8 */;
CREATE TABLE `cities_translations` (
  `lang_code` varchar(20) COLLATE utf8mb4_unicode_ci NOT NULL,
  `cities_id` bigint unsigned NOT NULL,
  `name` varchar(120) COLLATE utf8mb4_unicode_ci DEFAULT NULL,
  `slug` varchar(120) COLLATE utf8mb4_unicode_ci DEFAULT NULL,
  PRIMARY KEY (`lang_code`,`cities_id`)
) ENGINE=InnoDB DEFAULT CHARSET=utf8mb4 COLLATE=utf8mb4_unicode_ci;
/*!40101 SET character_set_client = @saved_cs_client */;

--
-- Dumping data for table `cities_translations`
--

LOCK TABLES `cities_translations` WRITE;
/*!40000 ALTER TABLE `cities_translations` DISABLE KEYS */;
/*!40000 ALTER TABLE `cities_translations` ENABLE KEYS */;
UNLOCK TABLES;

--
-- Table structure for table `contact_custom_field_options`
--

DROP TABLE IF EXISTS `contact_custom_field_options`;
/*!40101 SET @saved_cs_client     = @@character_set_client */;
/*!40101 SET character_set_client = utf8 */;
CREATE TABLE `contact_custom_field_options` (
  `id` bigint unsigned NOT NULL AUTO_INCREMENT,
  `custom_field_id` bigint unsigned NOT NULL,
  `label` varchar(191) COLLATE utf8mb4_unicode_ci DEFAULT NULL,
  `value` varchar(191) COLLATE utf8mb4_unicode_ci NOT NULL,
  `order` int NOT NULL DEFAULT '999',
  `created_at` timestamp NULL DEFAULT NULL,
  `updated_at` timestamp NULL DEFAULT NULL,
  PRIMARY KEY (`id`)
) ENGINE=InnoDB DEFAULT CHARSET=utf8mb4 COLLATE=utf8mb4_unicode_ci;
/*!40101 SET character_set_client = @saved_cs_client */;

--
-- Dumping data for table `contact_custom_field_options`
--

LOCK TABLES `contact_custom_field_options` WRITE;
/*!40000 ALTER TABLE `contact_custom_field_options` DISABLE KEYS */;
/*!40000 ALTER TABLE `contact_custom_field_options` ENABLE KEYS */;
UNLOCK TABLES;

--
-- Table structure for table `contact_custom_field_options_translations`
--

DROP TABLE IF EXISTS `contact_custom_field_options_translations`;
/*!40101 SET @saved_cs_client     = @@character_set_client */;
/*!40101 SET character_set_client = utf8 */;
CREATE TABLE `contact_custom_field_options_translations` (
  `contact_custom_field_options_id` bigint unsigned NOT NULL,
  `lang_code` varchar(191) COLLATE utf8mb4_unicode_ci NOT NULL,
  `label` varchar(191) COLLATE utf8mb4_unicode_ci DEFAULT NULL,
  `value` varchar(191) COLLATE utf8mb4_unicode_ci DEFAULT NULL,
  PRIMARY KEY (`lang_code`,`contact_custom_field_options_id`)
) ENGINE=InnoDB DEFAULT CHARSET=utf8mb4 COLLATE=utf8mb4_unicode_ci;
/*!40101 SET character_set_client = @saved_cs_client */;

--
-- Dumping data for table `contact_custom_field_options_translations`
--

LOCK TABLES `contact_custom_field_options_translations` WRITE;
/*!40000 ALTER TABLE `contact_custom_field_options_translations` DISABLE KEYS */;
/*!40000 ALTER TABLE `contact_custom_field_options_translations` ENABLE KEYS */;
UNLOCK TABLES;

--
-- Table structure for table `contact_custom_fields`
--

DROP TABLE IF EXISTS `contact_custom_fields`;
/*!40101 SET @saved_cs_client     = @@character_set_client */;
/*!40101 SET character_set_client = utf8 */;
CREATE TABLE `contact_custom_fields` (
  `id` bigint unsigned NOT NULL AUTO_INCREMENT,
  `type` varchar(191) COLLATE utf8mb4_unicode_ci NOT NULL,
  `required` tinyint(1) NOT NULL DEFAULT '0',
  `name` varchar(191) COLLATE utf8mb4_unicode_ci NOT NULL,
  `placeholder` varchar(191) COLLATE utf8mb4_unicode_ci DEFAULT NULL,
  `order` int NOT NULL DEFAULT '999',
  `status` varchar(191) COLLATE utf8mb4_unicode_ci NOT NULL DEFAULT 'published',
  `created_at` timestamp NULL DEFAULT NULL,
  `updated_at` timestamp NULL DEFAULT NULL,
  PRIMARY KEY (`id`)
) ENGINE=InnoDB DEFAULT CHARSET=utf8mb4 COLLATE=utf8mb4_unicode_ci;
/*!40101 SET character_set_client = @saved_cs_client */;

--
-- Dumping data for table `contact_custom_fields`
--

LOCK TABLES `contact_custom_fields` WRITE;
/*!40000 ALTER TABLE `contact_custom_fields` DISABLE KEYS */;
/*!40000 ALTER TABLE `contact_custom_fields` ENABLE KEYS */;
UNLOCK TABLES;

--
-- Table structure for table `contact_custom_fields_translations`
--

DROP TABLE IF EXISTS `contact_custom_fields_translations`;
/*!40101 SET @saved_cs_client     = @@character_set_client */;
/*!40101 SET character_set_client = utf8 */;
CREATE TABLE `contact_custom_fields_translations` (
  `contact_custom_fields_id` bigint unsigned NOT NULL,
  `lang_code` varchar(191) COLLATE utf8mb4_unicode_ci NOT NULL,
  `name` varchar(191) COLLATE utf8mb4_unicode_ci DEFAULT NULL,
  `placeholder` varchar(191) COLLATE utf8mb4_unicode_ci DEFAULT NULL,
  PRIMARY KEY (`lang_code`,`contact_custom_fields_id`)
) ENGINE=InnoDB DEFAULT CHARSET=utf8mb4 COLLATE=utf8mb4_unicode_ci;
/*!40101 SET character_set_client = @saved_cs_client */;

--
-- Dumping data for table `contact_custom_fields_translations`
--

LOCK TABLES `contact_custom_fields_translations` WRITE;
/*!40000 ALTER TABLE `contact_custom_fields_translations` DISABLE KEYS */;
/*!40000 ALTER TABLE `contact_custom_fields_translations` ENABLE KEYS */;
UNLOCK TABLES;

--
-- Table structure for table `contact_replies`
--

DROP TABLE IF EXISTS `contact_replies`;
/*!40101 SET @saved_cs_client     = @@character_set_client */;
/*!40101 SET character_set_client = utf8 */;
CREATE TABLE `contact_replies` (
  `id` bigint unsigned NOT NULL AUTO_INCREMENT,
  `message` longtext COLLATE utf8mb4_unicode_ci NOT NULL,
  `contact_id` bigint unsigned NOT NULL,
  `created_at` timestamp NULL DEFAULT NULL,
  `updated_at` timestamp NULL DEFAULT NULL,
  PRIMARY KEY (`id`)
) ENGINE=InnoDB DEFAULT CHARSET=utf8mb4 COLLATE=utf8mb4_unicode_ci;
/*!40101 SET character_set_client = @saved_cs_client */;

--
-- Dumping data for table `contact_replies`
--

LOCK TABLES `contact_replies` WRITE;
/*!40000 ALTER TABLE `contact_replies` DISABLE KEYS */;
/*!40000 ALTER TABLE `contact_replies` ENABLE KEYS */;
UNLOCK TABLES;

--
-- Table structure for table `contacts`
--

DROP TABLE IF EXISTS `contacts`;
/*!40101 SET @saved_cs_client     = @@character_set_client */;
/*!40101 SET character_set_client = utf8 */;
CREATE TABLE `contacts` (
  `id` bigint unsigned NOT NULL AUTO_INCREMENT,
  `name` varchar(60) COLLATE utf8mb4_unicode_ci NOT NULL,
  `email` varchar(60) COLLATE utf8mb4_unicode_ci DEFAULT NULL,
  `phone` varchar(60) COLLATE utf8mb4_unicode_ci DEFAULT NULL,
  `address` varchar(120) COLLATE utf8mb4_unicode_ci DEFAULT NULL,
  `subject` varchar(120) COLLATE utf8mb4_unicode_ci DEFAULT NULL,
  `content` longtext COLLATE utf8mb4_unicode_ci NOT NULL,
  `custom_fields` text COLLATE utf8mb4_unicode_ci,
  `status` varchar(60) COLLATE utf8mb4_unicode_ci NOT NULL DEFAULT 'unread',
  `created_at` timestamp NULL DEFAULT NULL,
  `updated_at` timestamp NULL DEFAULT NULL,
  PRIMARY KEY (`id`)
) ENGINE=InnoDB DEFAULT CHARSET=utf8mb4 COLLATE=utf8mb4_unicode_ci;
/*!40101 SET character_set_client = @saved_cs_client */;

--
-- Dumping data for table `contacts`
--

LOCK TABLES `contacts` WRITE;
/*!40000 ALTER TABLE `contacts` DISABLE KEYS */;
/*!40000 ALTER TABLE `contacts` ENABLE KEYS */;
UNLOCK TABLES;

--
-- Table structure for table `countries`
--

DROP TABLE IF EXISTS `countries`;
/*!40101 SET @saved_cs_client     = @@character_set_client */;
/*!40101 SET character_set_client = utf8 */;
CREATE TABLE `countries` (
  `id` bigint unsigned NOT NULL AUTO_INCREMENT,
  `name` varchar(120) COLLATE utf8mb4_unicode_ci NOT NULL,
  `nationality` varchar(120) COLLATE utf8mb4_unicode_ci DEFAULT NULL,
  `order` tinyint NOT NULL DEFAULT '0',
  `image` varchar(191) COLLATE utf8mb4_unicode_ci DEFAULT NULL,
  `is_default` tinyint unsigned NOT NULL DEFAULT '0',
  `status` varchar(60) COLLATE utf8mb4_unicode_ci NOT NULL DEFAULT 'published',
  `created_at` timestamp NULL DEFAULT NULL,
  `updated_at` timestamp NULL DEFAULT NULL,
  `code` varchar(10) COLLATE utf8mb4_unicode_ci DEFAULT NULL,
  PRIMARY KEY (`id`)
) ENGINE=InnoDB DEFAULT CHARSET=utf8mb4 COLLATE=utf8mb4_unicode_ci;
/*!40101 SET character_set_client = @saved_cs_client */;

--
-- Dumping data for table `countries`
--

LOCK TABLES `countries` WRITE;
/*!40000 ALTER TABLE `countries` DISABLE KEYS */;
/*!40000 ALTER TABLE `countries` ENABLE KEYS */;
UNLOCK TABLES;

--
-- Table structure for table `countries_translations`
--

DROP TABLE IF EXISTS `countries_translations`;
/*!40101 SET @saved_cs_client     = @@character_set_client */;
/*!40101 SET character_set_client = utf8 */;
CREATE TABLE `countries_translations` (
  `lang_code` varchar(20) COLLATE utf8mb4_unicode_ci NOT NULL,
  `countries_id` bigint unsigned NOT NULL,
  `name` varchar(120) COLLATE utf8mb4_unicode_ci DEFAULT NULL,
  `nationality` varchar(120) COLLATE utf8mb4_unicode_ci DEFAULT NULL,
  PRIMARY KEY (`lang_code`,`countries_id`)
) ENGINE=InnoDB DEFAULT CHARSET=utf8mb4 COLLATE=utf8mb4_unicode_ci;
/*!40101 SET character_set_client = @saved_cs_client */;

--
-- Dumping data for table `countries_translations`
--

LOCK TABLES `countries_translations` WRITE;
/*!40000 ALTER TABLE `countries_translations` DISABLE KEYS */;
/*!40000 ALTER TABLE `countries_translations` ENABLE KEYS */;
UNLOCK TABLES;

--
-- Table structure for table `dashboard_widget_settings`
--

DROP TABLE IF EXISTS `dashboard_widget_settings`;
/*!40101 SET @saved_cs_client     = @@character_set_client */;
/*!40101 SET character_set_client = utf8 */;
CREATE TABLE `dashboard_widget_settings` (
  `id` bigint unsigned NOT NULL AUTO_INCREMENT,
  `settings` text COLLATE utf8mb4_unicode_ci,
  `user_id` bigint unsigned NOT NULL,
  `widget_id` bigint unsigned NOT NULL,
  `order` tinyint unsigned NOT NULL DEFAULT '0',
  `status` tinyint unsigned NOT NULL DEFAULT '1',
  `created_at` timestamp NULL DEFAULT NULL,
  `updated_at` timestamp NULL DEFAULT NULL,
  PRIMARY KEY (`id`),
  KEY `dashboard_widget_settings_user_id_index` (`user_id`),
  KEY `dashboard_widget_settings_widget_id_index` (`widget_id`)
) ENGINE=InnoDB DEFAULT CHARSET=utf8mb4 COLLATE=utf8mb4_unicode_ci;
/*!40101 SET character_set_client = @saved_cs_client */;

--
-- Dumping data for table `dashboard_widget_settings`
--

LOCK TABLES `dashboard_widget_settings` WRITE;
/*!40000 ALTER TABLE `dashboard_widget_settings` DISABLE KEYS */;
/*!40000 ALTER TABLE `dashboard_widget_settings` ENABLE KEYS */;
UNLOCK TABLES;

--
-- Table structure for table `dashboard_widgets`
--

DROP TABLE IF EXISTS `dashboard_widgets`;
/*!40101 SET @saved_cs_client     = @@character_set_client */;
/*!40101 SET character_set_client = utf8 */;
CREATE TABLE `dashboard_widgets` (
  `id` bigint unsigned NOT NULL AUTO_INCREMENT,
  `name` varchar(120) COLLATE utf8mb4_unicode_ci NOT NULL,
  `created_at` timestamp NULL DEFAULT NULL,
  `updated_at` timestamp NULL DEFAULT NULL,
  PRIMARY KEY (`id`)
) ENGINE=InnoDB DEFAULT CHARSET=utf8mb4 COLLATE=utf8mb4_unicode_ci;
/*!40101 SET character_set_client = @saved_cs_client */;

--
-- Dumping data for table `dashboard_widgets`
--

LOCK TABLES `dashboard_widgets` WRITE;
/*!40000 ALTER TABLE `dashboard_widgets` DISABLE KEYS */;
/*!40000 ALTER TABLE `dashboard_widgets` ENABLE KEYS */;
UNLOCK TABLES;

--
-- Table structure for table `ec_brands`
--

DROP TABLE IF EXISTS `ec_brands`;
/*!40101 SET @saved_cs_client     = @@character_set_client */;
/*!40101 SET character_set_client = utf8 */;
CREATE TABLE `ec_brands` (
  `id` bigint unsigned NOT NULL AUTO_INCREMENT,
  `name` varchar(191) COLLATE utf8mb4_unicode_ci NOT NULL,
  `description` mediumtext COLLATE utf8mb4_unicode_ci,
  `website` varchar(191) COLLATE utf8mb4_unicode_ci DEFAULT NULL,
  `logo` varchar(191) COLLATE utf8mb4_unicode_ci DEFAULT NULL,
  `status` varchar(60) COLLATE utf8mb4_unicode_ci NOT NULL DEFAULT 'published',
  `order` tinyint unsigned NOT NULL DEFAULT '0',
  `is_featured` tinyint unsigned NOT NULL DEFAULT '0',
  `created_at` timestamp NULL DEFAULT NULL,
  `updated_at` timestamp NULL DEFAULT NULL,
  PRIMARY KEY (`id`)
) ENGINE=InnoDB AUTO_INCREMENT=7 DEFAULT CHARSET=utf8mb4 COLLATE=utf8mb4_unicode_ci;
/*!40101 SET character_set_client = @saved_cs_client */;

--
-- Dumping data for table `ec_brands`
--

LOCK TABLES `ec_brands` WRITE;
/*!40000 ALTER TABLE `ec_brands` DISABLE KEYS */;
INSERT INTO `ec_brands` VALUES (1,'Fashion live',NULL,NULL,'brands/brand-01.png','published',0,1,'2025-01-21 09:39:09','2025-01-21 09:39:09'),(2,'Hand crafted',NULL,NULL,'brands/brand-02.png','published',1,0,'2025-01-21 09:39:09','2025-01-21 09:39:09'),(3,'Mestonix',NULL,NULL,'brands/brand-03.png','published',2,1,'2025-01-21 09:39:09','2025-01-21 09:39:09'),(4,'Sunshine',NULL,NULL,'brands/brand-04.png','published',3,1,'2025-01-21 09:39:09','2025-01-21 09:39:09'),(5,'Pure',NULL,NULL,'brands/brand-05.png','published',4,1,'2025-01-21 09:39:09','2025-01-21 09:39:09'),(6,'Anfold',NULL,NULL,'brands/brand-06.png','published',5,1,'2025-01-21 09:39:09','2025-01-21 09:39:09');
/*!40000 ALTER TABLE `ec_brands` ENABLE KEYS */;
UNLOCK TABLES;

--
-- Table structure for table `ec_brands_translations`
--

DROP TABLE IF EXISTS `ec_brands_translations`;
/*!40101 SET @saved_cs_client     = @@character_set_client */;
/*!40101 SET character_set_client = utf8 */;
CREATE TABLE `ec_brands_translations` (
  `lang_code` varchar(191) COLLATE utf8mb4_unicode_ci NOT NULL,
  `ec_brands_id` bigint unsigned NOT NULL,
  `name` varchar(191) COLLATE utf8mb4_unicode_ci DEFAULT NULL,
  `description` mediumtext COLLATE utf8mb4_unicode_ci,
  PRIMARY KEY (`lang_code`,`ec_brands_id`)
) ENGINE=InnoDB DEFAULT CHARSET=utf8mb4 COLLATE=utf8mb4_unicode_ci;
/*!40101 SET character_set_client = @saved_cs_client */;

--
-- Dumping data for table `ec_brands_translations`
--

LOCK TABLES `ec_brands_translations` WRITE;
/*!40000 ALTER TABLE `ec_brands_translations` DISABLE KEYS */;
/*!40000 ALTER TABLE `ec_brands_translations` ENABLE KEYS */;
UNLOCK TABLES;

--
-- Table structure for table `ec_cart`
--

DROP TABLE IF EXISTS `ec_cart`;
/*!40101 SET @saved_cs_client     = @@character_set_client */;
/*!40101 SET character_set_client = utf8 */;
CREATE TABLE `ec_cart` (
  `identifier` varchar(60) COLLATE utf8mb4_unicode_ci NOT NULL,
  `instance` varchar(60) COLLATE utf8mb4_unicode_ci NOT NULL,
  `content` longtext COLLATE utf8mb4_unicode_ci NOT NULL,
  `created_at` timestamp NULL DEFAULT NULL,
  `updated_at` timestamp NULL DEFAULT NULL,
  PRIMARY KEY (`identifier`,`instance`)
) ENGINE=InnoDB DEFAULT CHARSET=utf8mb4 COLLATE=utf8mb4_unicode_ci;
/*!40101 SET character_set_client = @saved_cs_client */;

--
-- Dumping data for table `ec_cart`
--

LOCK TABLES `ec_cart` WRITE;
/*!40000 ALTER TABLE `ec_cart` DISABLE KEYS */;
/*!40000 ALTER TABLE `ec_cart` ENABLE KEYS */;
UNLOCK TABLES;

--
-- Table structure for table `ec_currencies`
--

DROP TABLE IF EXISTS `ec_currencies`;
/*!40101 SET @saved_cs_client     = @@character_set_client */;
/*!40101 SET character_set_client = utf8 */;
CREATE TABLE `ec_currencies` (
  `id` bigint unsigned NOT NULL AUTO_INCREMENT,
  `title` varchar(191) COLLATE utf8mb4_unicode_ci NOT NULL,
  `symbol` varchar(10) COLLATE utf8mb4_unicode_ci NOT NULL,
  `is_prefix_symbol` tinyint unsigned NOT NULL DEFAULT '0',
  `decimals` tinyint unsigned DEFAULT '0',
  `order` int unsigned DEFAULT '0',
  `is_default` tinyint NOT NULL DEFAULT '0',
  `exchange_rate` double NOT NULL DEFAULT '1',
  `created_at` timestamp NULL DEFAULT NULL,
  `updated_at` timestamp NULL DEFAULT NULL,
  PRIMARY KEY (`id`)
) ENGINE=InnoDB AUTO_INCREMENT=5 DEFAULT CHARSET=utf8mb4 COLLATE=utf8mb4_unicode_ci;
/*!40101 SET character_set_client = @saved_cs_client */;

--
-- Dumping data for table `ec_currencies`
--

LOCK TABLES `ec_currencies` WRITE;
/*!40000 ALTER TABLE `ec_currencies` DISABLE KEYS */;
INSERT INTO `ec_currencies` VALUES (1,'USD','$',1,2,0,1,1,'2025-01-21 09:38:58','2025-01-21 09:38:58'),(2,'EUR','€',0,2,1,0,0.84,'2025-01-21 09:38:58','2025-01-21 09:38:58'),(3,'VND','₫',0,0,2,0,23203,'2025-01-21 09:38:58','2025-01-21 09:38:58'),(4,'NGN','₦',1,2,2,0,895.52,'2025-01-21 09:38:58','2025-01-21 09:38:58');
/*!40000 ALTER TABLE `ec_currencies` ENABLE KEYS */;
UNLOCK TABLES;

--
-- Table structure for table `ec_customer_addresses`
--

DROP TABLE IF EXISTS `ec_customer_addresses`;
/*!40101 SET @saved_cs_client     = @@character_set_client */;
/*!40101 SET character_set_client = utf8 */;
CREATE TABLE `ec_customer_addresses` (
  `id` bigint unsigned NOT NULL AUTO_INCREMENT,
  `name` varchar(191) COLLATE utf8mb4_unicode_ci NOT NULL,
  `email` varchar(60) COLLATE utf8mb4_unicode_ci DEFAULT NULL,
  `phone` varchar(20) COLLATE utf8mb4_unicode_ci DEFAULT NULL,
  `country` varchar(120) COLLATE utf8mb4_unicode_ci DEFAULT NULL,
  `state` varchar(120) COLLATE utf8mb4_unicode_ci DEFAULT NULL,
  `city` varchar(120) COLLATE utf8mb4_unicode_ci DEFAULT NULL,
  `address` varchar(191) COLLATE utf8mb4_unicode_ci DEFAULT NULL,
  `customer_id` bigint unsigned NOT NULL,
  `is_default` tinyint unsigned NOT NULL DEFAULT '0',
  `created_at` timestamp NULL DEFAULT NULL,
  `updated_at` timestamp NULL DEFAULT NULL,
  `zip_code` varchar(20) COLLATE utf8mb4_unicode_ci DEFAULT NULL,
  PRIMARY KEY (`id`)
) ENGINE=InnoDB AUTO_INCREMENT=13 DEFAULT CHARSET=utf8mb4 COLLATE=utf8mb4_unicode_ci;
/*!40101 SET character_set_client = @saved_cs_client */;

--
-- Dumping data for table `ec_customer_addresses`
--

LOCK TABLES `ec_customer_addresses` WRITE;
/*!40000 ALTER TABLE `ec_customer_addresses` DISABLE KEYS */;
INSERT INTO `ec_customer_addresses` VALUES (1,'Mr. Nathaniel Gaylord','customer@botble.com','+18387741181','RU','Texas','Lake Lloyd','77433 Evans Parks Suite 171',1,1,'2025-01-21 09:39:28','2025-01-21 09:39:28','38262'),(2,'Mr. Nathaniel Gaylord','customer@botble.com','+15518589218','LK','Arkansas','Lake Macitown','16145 Cristal Falls Suite 709',1,0,'2025-01-21 09:39:28','2025-01-21 09:39:28','23347-7533'),(3,'Dr. Verda Fritsch','john.smith@botble.com','+15342009111','AE','Illinois','Bartolettifort','17587 Corkery Run',2,1,'2025-01-21 09:39:29','2025-01-21 09:39:29','60769-0102'),(4,'Dr. Verda Fritsch','john.smith@botble.com','+13183407909','BJ','Kansas','Lake Keshaun','8436 Schroeder Place',2,0,'2025-01-21 09:39:29','2025-01-21 09:39:29','49849'),(5,'Shea Lynch','reilly.lucile@example.com','+13373536275','AI','California','Lake Ameliahaven','21402 Delia Greens Apt. 675',3,1,'2025-01-21 09:39:29','2025-01-21 09:39:29','55665'),(6,'Mr. Eliseo Grady','qhoeger@example.org','+19176011477','SR','Louisiana','Lake Kale','78448 Stoltenberg Rest',4,1,'2025-01-21 09:39:30','2025-01-21 09:39:30','37439'),(7,'Dameon Hauck','kovacek.elda@example.org','+13057094247','AX','Texas','Brayanstad','71863 Weber Landing Suite 849',5,1,'2025-01-21 09:39:31','2025-01-21 09:39:31','60572'),(8,'Cathrine Auer','haley.wolf@example.com','+16406016077','LU','Massachusetts','Elyssashire','480 Pfeffer Manors',6,1,'2025-01-21 09:39:31','2025-01-21 09:39:31','56986'),(9,'Royal Fisher','kenyatta.wilkinson@example.org','+13529895165','GW','New Jersey','Port Veronicaview','9964 Jairo Circle Suite 856',7,1,'2025-01-21 09:39:32','2025-01-21 09:39:32','38515-9151'),(10,'Lera Nienow','dhowe@example.net','+15736457817','GH','Florida','Onafort','529 Sylvester Ferry Suite 618',8,1,'2025-01-21 09:39:32','2025-01-21 09:39:32','39902-6388'),(11,'Breanna Roob','immanuel.wuckert@example.org','+19729052670','GT','West Virginia','Hirtheside','56615 Alvera Throughway',9,1,'2025-01-21 09:39:32','2025-01-21 09:39:32','52136'),(12,'Prof. Reynold Mayer','della.eichmann@example.com','+18575162684','SM','Colorado','Port Esther','639 Johnson Locks Apt. 651',10,1,'2025-01-21 09:39:33','2025-01-21 09:39:33','90192-8327');
/*!40000 ALTER TABLE `ec_customer_addresses` ENABLE KEYS */;
UNLOCK TABLES;

--
-- Table structure for table `ec_customer_deletion_requests`
--

DROP TABLE IF EXISTS `ec_customer_deletion_requests`;
/*!40101 SET @saved_cs_client     = @@character_set_client */;
/*!40101 SET character_set_client = utf8 */;
CREATE TABLE `ec_customer_deletion_requests` (
  `id` bigint unsigned NOT NULL AUTO_INCREMENT,
  `customer_id` bigint unsigned NOT NULL,
  `customer_name` varchar(191) COLLATE utf8mb4_unicode_ci DEFAULT NULL,
  `customer_phone` varchar(191) COLLATE utf8mb4_unicode_ci DEFAULT NULL,
  `customer_email` varchar(191) COLLATE utf8mb4_unicode_ci DEFAULT NULL,
  `token` varchar(191) COLLATE utf8mb4_unicode_ci NOT NULL,
  `status` varchar(50) COLLATE utf8mb4_unicode_ci NOT NULL DEFAULT 'waiting_for_confirmation',
  `reason` text COLLATE utf8mb4_unicode_ci,
  `confirmed_at` datetime DEFAULT NULL,
  `created_at` timestamp NULL DEFAULT NULL,
  `updated_at` timestamp NULL DEFAULT NULL,
  PRIMARY KEY (`id`),
  UNIQUE KEY `ec_customer_deletion_requests_token_unique` (`token`)
) ENGINE=InnoDB DEFAULT CHARSET=utf8mb4 COLLATE=utf8mb4_unicode_ci;
/*!40101 SET character_set_client = @saved_cs_client */;

--
-- Dumping data for table `ec_customer_deletion_requests`
--

LOCK TABLES `ec_customer_deletion_requests` WRITE;
/*!40000 ALTER TABLE `ec_customer_deletion_requests` DISABLE KEYS */;
/*!40000 ALTER TABLE `ec_customer_deletion_requests` ENABLE KEYS */;
UNLOCK TABLES;

--
-- Table structure for table `ec_customer_password_resets`
--

DROP TABLE IF EXISTS `ec_customer_password_resets`;
/*!40101 SET @saved_cs_client     = @@character_set_client */;
/*!40101 SET character_set_client = utf8 */;
CREATE TABLE `ec_customer_password_resets` (
  `email` varchar(191) COLLATE utf8mb4_unicode_ci NOT NULL,
  `token` varchar(191) COLLATE utf8mb4_unicode_ci NOT NULL,
  `created_at` timestamp NULL DEFAULT NULL,
  KEY `ec_customer_password_resets_email_index` (`email`),
  KEY `ec_customer_password_resets_token_index` (`token`)
) ENGINE=InnoDB DEFAULT CHARSET=utf8mb4 COLLATE=utf8mb4_unicode_ci;
/*!40101 SET character_set_client = @saved_cs_client */;

--
-- Dumping data for table `ec_customer_password_resets`
--

LOCK TABLES `ec_customer_password_resets` WRITE;
/*!40000 ALTER TABLE `ec_customer_password_resets` DISABLE KEYS */;
/*!40000 ALTER TABLE `ec_customer_password_resets` ENABLE KEYS */;
UNLOCK TABLES;

--
-- Table structure for table `ec_customer_recently_viewed_products`
--

DROP TABLE IF EXISTS `ec_customer_recently_viewed_products`;
/*!40101 SET @saved_cs_client     = @@character_set_client */;
/*!40101 SET character_set_client = utf8 */;
CREATE TABLE `ec_customer_recently_viewed_products` (
  `id` bigint unsigned NOT NULL AUTO_INCREMENT,
  `customer_id` bigint unsigned NOT NULL,
  `product_id` bigint unsigned NOT NULL,
  PRIMARY KEY (`id`)
) ENGINE=InnoDB DEFAULT CHARSET=utf8mb4 COLLATE=utf8mb4_unicode_ci;
/*!40101 SET character_set_client = @saved_cs_client */;

--
-- Dumping data for table `ec_customer_recently_viewed_products`
--

LOCK TABLES `ec_customer_recently_viewed_products` WRITE;
/*!40000 ALTER TABLE `ec_customer_recently_viewed_products` DISABLE KEYS */;
/*!40000 ALTER TABLE `ec_customer_recently_viewed_products` ENABLE KEYS */;
UNLOCK TABLES;

--
-- Table structure for table `ec_customer_used_coupons`
--

DROP TABLE IF EXISTS `ec_customer_used_coupons`;
/*!40101 SET @saved_cs_client     = @@character_set_client */;
/*!40101 SET character_set_client = utf8 */;
CREATE TABLE `ec_customer_used_coupons` (
  `discount_id` bigint unsigned NOT NULL,
  `customer_id` bigint unsigned NOT NULL,
  PRIMARY KEY (`discount_id`,`customer_id`)
) ENGINE=InnoDB DEFAULT CHARSET=utf8mb4 COLLATE=utf8mb4_unicode_ci;
/*!40101 SET character_set_client = @saved_cs_client */;

--
-- Dumping data for table `ec_customer_used_coupons`
--

LOCK TABLES `ec_customer_used_coupons` WRITE;
/*!40000 ALTER TABLE `ec_customer_used_coupons` DISABLE KEYS */;
/*!40000 ALTER TABLE `ec_customer_used_coupons` ENABLE KEYS */;
UNLOCK TABLES;

--
-- Table structure for table `ec_customers`
--

DROP TABLE IF EXISTS `ec_customers`;
/*!40101 SET @saved_cs_client     = @@character_set_client */;
/*!40101 SET character_set_client = utf8 */;
CREATE TABLE `ec_customers` (
  `id` bigint unsigned NOT NULL AUTO_INCREMENT,
  `name` varchar(191) COLLATE utf8mb4_unicode_ci NOT NULL,
  `email` varchar(191) COLLATE utf8mb4_unicode_ci DEFAULT NULL,
  `password` varchar(191) COLLATE utf8mb4_unicode_ci NOT NULL,
  `avatar` varchar(191) COLLATE utf8mb4_unicode_ci DEFAULT NULL,
  `dob` date DEFAULT NULL,
  `phone` varchar(20) COLLATE utf8mb4_unicode_ci DEFAULT NULL,
  `remember_token` varchar(100) COLLATE utf8mb4_unicode_ci DEFAULT NULL,
  `created_at` timestamp NULL DEFAULT NULL,
  `updated_at` timestamp NULL DEFAULT NULL,
  `confirmed_at` datetime DEFAULT NULL,
  `email_verify_token` varchar(120) COLLATE utf8mb4_unicode_ci DEFAULT NULL,
  `status` varchar(60) COLLATE utf8mb4_unicode_ci NOT NULL DEFAULT 'activated',
  `private_notes` text COLLATE utf8mb4_unicode_ci,
  PRIMARY KEY (`id`),
  UNIQUE KEY `ec_customers_email_unique` (`email`)
) ENGINE=InnoDB AUTO_INCREMENT=11 DEFAULT CHARSET=utf8mb4 COLLATE=utf8mb4_unicode_ci;
/*!40101 SET character_set_client = @saved_cs_client */;

--
-- Dumping data for table `ec_customers`
--

LOCK TABLES `ec_customers` WRITE;
/*!40000 ALTER TABLE `ec_customers` DISABLE KEYS */;
INSERT INTO `ec_customers` VALUES (1,'Mr. Nathaniel Gaylord','customer@botble.com','$2y$12$pNJyRbc6ig0keaHT1oxireVdh0yb5v3r.fO.0lWW2l3eJtbwG1W1y','customers/7.jpg','1989-01-14','+15865745701',NULL,'2025-01-21 09:39:28','2025-01-21 09:39:28','2025-01-21 16:39:28',NULL,'activated',NULL),(2,'Dr. Verda Fritsch','john.smith@botble.com','$2y$12$Wv6WyO6Tk9i8z3zA0EfKxeEysOOn/pkBy1kZc/mQQT.dHLtaXJ9GS','customers/10.jpg','1997-01-10','+18306202850',NULL,'2025-01-21 09:39:29','2025-01-21 09:39:29','2025-01-21 16:39:29',NULL,'activated',NULL),(3,'Shea Lynch','reilly.lucile@example.com','$2y$12$Rl0mISYgvO1MJsg4PIu3cuQ6uqSxcXMjvOK2jQP8RUJ6knldAPJQC','customers/1.jpg','1985-01-02','+15636847167',NULL,'2025-01-21 09:39:29','2025-01-21 09:39:29','2025-01-21 16:39:29',NULL,'activated',NULL),(4,'Mr. Eliseo Grady','qhoeger@example.org','$2y$12$pvod5j4aVmqNOyiNlZ6.P.PglZexduBtSgjfzyjDv6XyrfoL3r1TW','customers/2.jpg','2003-01-05','+12098677032',NULL,'2025-01-21 09:39:30','2025-01-21 09:39:30','2025-01-21 16:39:30',NULL,'activated',NULL),(5,'Dameon Hauck','kovacek.elda@example.org','$2y$12$uxOKjLY23nwtrBLo9xBYn.TPleUmKJxEQJNLC6g1majS7NUDWWJhG','customers/3.jpg','1991-01-09','+13803497755',NULL,'2025-01-21 09:39:31','2025-01-21 09:39:31','2025-01-21 16:39:31',NULL,'activated',NULL),(6,'Cathrine Auer','haley.wolf@example.com','$2y$12$.RMxmZ1xKneRkeIijE4tpujG08sk9I7/NWk2chvJbKbENrBlqRp3q','customers/4.jpg','1985-12-31','+14583959201',NULL,'2025-01-21 09:39:31','2025-01-21 09:39:31','2025-01-21 16:39:31',NULL,'activated',NULL),(7,'Royal Fisher','kenyatta.wilkinson@example.org','$2y$12$03uMpEbDrsIlb2kaWD/bNO5bit/w7gg3t027im6LbWl3NvJPKZOCW','customers/5.jpg','1982-12-30','+16785284870',NULL,'2025-01-21 09:39:32','2025-01-21 09:39:32','2025-01-21 16:39:32',NULL,'activated',NULL),(8,'Lera Nienow','dhowe@example.net','$2y$12$MrxevTrPhowSOBgIIP34XOWXv7gvm/ss93j27.iCQibuZMpeTbOYy','customers/6.jpg','1986-01-03','+17819703118',NULL,'2025-01-21 09:39:32','2025-01-21 09:39:32','2025-01-21 16:39:32',NULL,'activated',NULL),(9,'Breanna Roob','immanuel.wuckert@example.org','$2y$12$acTotsrcodqWWAiE9Z6ElubeCqOH7GM4/K9ssnM5lRh5IrdM6ldnK','customers/7.jpg','1995-12-26','+14438206014',NULL,'2025-01-21 09:39:32','2025-01-21 09:39:32','2025-01-21 16:39:32',NULL,'activated',NULL),(10,'Prof. Reynold Mayer','della.eichmann@example.com','$2y$12$AH1mZpSpdYMyNv.N0YMRse6uBCo5YfOOJYID2PpXcPTaMskZdB3/u','customers/8.jpg','1986-12-29','+12344172321',NULL,'2025-01-21 09:39:33','2025-01-21 09:39:33','2025-01-21 16:39:33',NULL,'activated',NULL);
/*!40000 ALTER TABLE `ec_customers` ENABLE KEYS */;
UNLOCK TABLES;

--
-- Table structure for table `ec_discount_customers`
--

DROP TABLE IF EXISTS `ec_discount_customers`;
/*!40101 SET @saved_cs_client     = @@character_set_client */;
/*!40101 SET character_set_client = utf8 */;
CREATE TABLE `ec_discount_customers` (
  `discount_id` bigint unsigned NOT NULL,
  `customer_id` bigint unsigned NOT NULL,
  PRIMARY KEY (`discount_id`,`customer_id`)
) ENGINE=InnoDB DEFAULT CHARSET=utf8mb4 COLLATE=utf8mb4_unicode_ci;
/*!40101 SET character_set_client = @saved_cs_client */;

--
-- Dumping data for table `ec_discount_customers`
--

LOCK TABLES `ec_discount_customers` WRITE;
/*!40000 ALTER TABLE `ec_discount_customers` DISABLE KEYS */;
/*!40000 ALTER TABLE `ec_discount_customers` ENABLE KEYS */;
UNLOCK TABLES;

--
-- Table structure for table `ec_discount_product_categories`
--

DROP TABLE IF EXISTS `ec_discount_product_categories`;
/*!40101 SET @saved_cs_client     = @@character_set_client */;
/*!40101 SET character_set_client = utf8 */;
CREATE TABLE `ec_discount_product_categories` (
  `discount_id` bigint unsigned NOT NULL,
  `product_category_id` bigint unsigned NOT NULL,
  PRIMARY KEY (`discount_id`,`product_category_id`)
) ENGINE=InnoDB DEFAULT CHARSET=utf8mb4 COLLATE=utf8mb4_unicode_ci;
/*!40101 SET character_set_client = @saved_cs_client */;

--
-- Dumping data for table `ec_discount_product_categories`
--

LOCK TABLES `ec_discount_product_categories` WRITE;
/*!40000 ALTER TABLE `ec_discount_product_categories` DISABLE KEYS */;
/*!40000 ALTER TABLE `ec_discount_product_categories` ENABLE KEYS */;
UNLOCK TABLES;

--
-- Table structure for table `ec_discount_product_collections`
--

DROP TABLE IF EXISTS `ec_discount_product_collections`;
/*!40101 SET @saved_cs_client     = @@character_set_client */;
/*!40101 SET character_set_client = utf8 */;
CREATE TABLE `ec_discount_product_collections` (
  `discount_id` bigint unsigned NOT NULL,
  `product_collection_id` bigint unsigned NOT NULL,
  PRIMARY KEY (`discount_id`,`product_collection_id`)
) ENGINE=InnoDB DEFAULT CHARSET=utf8mb4 COLLATE=utf8mb4_unicode_ci;
/*!40101 SET character_set_client = @saved_cs_client */;

--
-- Dumping data for table `ec_discount_product_collections`
--

LOCK TABLES `ec_discount_product_collections` WRITE;
/*!40000 ALTER TABLE `ec_discount_product_collections` DISABLE KEYS */;
/*!40000 ALTER TABLE `ec_discount_product_collections` ENABLE KEYS */;
UNLOCK TABLES;

--
-- Table structure for table `ec_discount_products`
--

DROP TABLE IF EXISTS `ec_discount_products`;
/*!40101 SET @saved_cs_client     = @@character_set_client */;
/*!40101 SET character_set_client = utf8 */;
CREATE TABLE `ec_discount_products` (
  `discount_id` bigint unsigned NOT NULL,
  `product_id` bigint unsigned NOT NULL,
  PRIMARY KEY (`discount_id`,`product_id`)
) ENGINE=InnoDB DEFAULT CHARSET=utf8mb4 COLLATE=utf8mb4_unicode_ci;
/*!40101 SET character_set_client = @saved_cs_client */;

--
-- Dumping data for table `ec_discount_products`
--

LOCK TABLES `ec_discount_products` WRITE;
/*!40000 ALTER TABLE `ec_discount_products` DISABLE KEYS */;
/*!40000 ALTER TABLE `ec_discount_products` ENABLE KEYS */;
UNLOCK TABLES;

--
-- Table structure for table `ec_discounts`
--

DROP TABLE IF EXISTS `ec_discounts`;
/*!40101 SET @saved_cs_client     = @@character_set_client */;
/*!40101 SET character_set_client = utf8 */;
CREATE TABLE `ec_discounts` (
  `id` bigint unsigned NOT NULL AUTO_INCREMENT,
  `title` varchar(120) COLLATE utf8mb4_unicode_ci DEFAULT NULL,
  `code` varchar(20) COLLATE utf8mb4_unicode_ci DEFAULT NULL,
  `start_date` datetime DEFAULT NULL,
  `end_date` datetime DEFAULT NULL,
  `quantity` int DEFAULT NULL,
  `total_used` int unsigned NOT NULL DEFAULT '0',
  `value` double DEFAULT NULL,
  `type` varchar(60) COLLATE utf8mb4_unicode_ci DEFAULT 'coupon',
  `can_use_with_promotion` tinyint(1) NOT NULL DEFAULT '0',
  `can_use_with_flash_sale` tinyint(1) NOT NULL DEFAULT '0',
  `discount_on` varchar(20) COLLATE utf8mb4_unicode_ci DEFAULT NULL,
  `product_quantity` int unsigned DEFAULT NULL,
  `type_option` varchar(100) COLLATE utf8mb4_unicode_ci NOT NULL DEFAULT 'amount',
  `target` varchar(100) COLLATE utf8mb4_unicode_ci NOT NULL DEFAULT 'all-orders',
  `min_order_price` decimal(15,2) DEFAULT NULL,
  `apply_via_url` tinyint(1) NOT NULL DEFAULT '0',
  `display_at_checkout` tinyint(1) NOT NULL DEFAULT '0',
  `created_at` timestamp NULL DEFAULT NULL,
  `updated_at` timestamp NULL DEFAULT NULL,
  `description` varchar(400) COLLATE utf8mb4_unicode_ci DEFAULT NULL,
  PRIMARY KEY (`id`),
  UNIQUE KEY `ec_discounts_code_unique` (`code`)
) ENGINE=InnoDB DEFAULT CHARSET=utf8mb4 COLLATE=utf8mb4_unicode_ci;
/*!40101 SET character_set_client = @saved_cs_client */;

--
-- Dumping data for table `ec_discounts`
--

LOCK TABLES `ec_discounts` WRITE;
/*!40000 ALTER TABLE `ec_discounts` DISABLE KEYS */;
/*!40000 ALTER TABLE `ec_discounts` ENABLE KEYS */;
UNLOCK TABLES;

--
-- Table structure for table `ec_flash_sale_products`
--

DROP TABLE IF EXISTS `ec_flash_sale_products`;
/*!40101 SET @saved_cs_client     = @@character_set_client */;
/*!40101 SET character_set_client = utf8 */;
CREATE TABLE `ec_flash_sale_products` (
  `flash_sale_id` bigint unsigned NOT NULL,
  `product_id` bigint unsigned NOT NULL,
  `price` double unsigned DEFAULT NULL,
  `quantity` int unsigned DEFAULT NULL,
  `sold` int unsigned NOT NULL DEFAULT '0'
) ENGINE=InnoDB DEFAULT CHARSET=utf8mb4 COLLATE=utf8mb4_unicode_ci;
/*!40101 SET character_set_client = @saved_cs_client */;

--
-- Dumping data for table `ec_flash_sale_products`
--

LOCK TABLES `ec_flash_sale_products` WRITE;
/*!40000 ALTER TABLE `ec_flash_sale_products` DISABLE KEYS */;
INSERT INTO `ec_flash_sale_products` VALUES (1,1,225.76,9,5),(1,2,165.75,11,4),(1,3,212.52,8,5),(1,4,246.441,16,2),(1,5,163.24,6,4),(1,6,353.7,7,1),(1,7,191.97,7,1),(1,8,150.1608,14,4),(1,9,249.04,17,5),(1,10,358.68,17,3),(2,1,100,10,5);
/*!40000 ALTER TABLE `ec_flash_sale_products` ENABLE KEYS */;
UNLOCK TABLES;

--
-- Table structure for table `ec_flash_sales`
--

DROP TABLE IF EXISTS `ec_flash_sales`;
/*!40101 SET @saved_cs_client     = @@character_set_client */;
/*!40101 SET character_set_client = utf8 */;
CREATE TABLE `ec_flash_sales` (
  `id` bigint unsigned NOT NULL AUTO_INCREMENT,
  `name` varchar(191) COLLATE utf8mb4_unicode_ci NOT NULL,
  `end_date` datetime NOT NULL,
  `status` varchar(60) COLLATE utf8mb4_unicode_ci NOT NULL DEFAULT 'published',
  `created_at` timestamp NULL DEFAULT NULL,
  `updated_at` timestamp NULL DEFAULT NULL,
  PRIMARY KEY (`id`)
) ENGINE=InnoDB AUTO_INCREMENT=3 DEFAULT CHARSET=utf8mb4 COLLATE=utf8mb4_unicode_ci;
/*!40101 SET character_set_client = @saved_cs_client */;

--
-- Dumping data for table `ec_flash_sales`
--

LOCK TABLES `ec_flash_sales` WRITE;
/*!40000 ALTER TABLE `ec_flash_sales` DISABLE KEYS */;
INSERT INTO `ec_flash_sales` VALUES (1,'Winter Sale','2025-02-20 00:00:00','published','2025-01-21 09:39:33','2025-01-21 09:39:33'),(2,'Cosmetics Sale','2025-02-20 00:00:00','published','2025-01-21 09:39:33','2025-01-21 09:39:33');
/*!40000 ALTER TABLE `ec_flash_sales` ENABLE KEYS */;
UNLOCK TABLES;

--
-- Table structure for table `ec_flash_sales_translations`
--

DROP TABLE IF EXISTS `ec_flash_sales_translations`;
/*!40101 SET @saved_cs_client     = @@character_set_client */;
/*!40101 SET character_set_client = utf8 */;
CREATE TABLE `ec_flash_sales_translations` (
  `lang_code` varchar(191) COLLATE utf8mb4_unicode_ci NOT NULL,
  `ec_flash_sales_id` bigint unsigned NOT NULL,
  `name` varchar(191) COLLATE utf8mb4_unicode_ci DEFAULT NULL,
  PRIMARY KEY (`lang_code`,`ec_flash_sales_id`)
) ENGINE=InnoDB DEFAULT CHARSET=utf8mb4 COLLATE=utf8mb4_unicode_ci;
/*!40101 SET character_set_client = @saved_cs_client */;

--
-- Dumping data for table `ec_flash_sales_translations`
--

LOCK TABLES `ec_flash_sales_translations` WRITE;
/*!40000 ALTER TABLE `ec_flash_sales_translations` DISABLE KEYS */;
/*!40000 ALTER TABLE `ec_flash_sales_translations` ENABLE KEYS */;
UNLOCK TABLES;

--
-- Table structure for table `ec_global_option_value`
--

DROP TABLE IF EXISTS `ec_global_option_value`;
/*!40101 SET @saved_cs_client     = @@character_set_client */;
/*!40101 SET character_set_client = utf8 */;
CREATE TABLE `ec_global_option_value` (
  `id` bigint unsigned NOT NULL AUTO_INCREMENT,
  `option_id` bigint unsigned NOT NULL COMMENT 'option id',
  `option_value` tinytext COLLATE utf8mb4_unicode_ci COMMENT 'option value',
  `affect_price` double DEFAULT NULL COMMENT 'value of price of this option affect',
  `order` int NOT NULL DEFAULT '9999',
  `affect_type` tinyint NOT NULL DEFAULT '0' COMMENT '0. fixed 1. percent',
  `created_at` timestamp NULL DEFAULT NULL,
  `updated_at` timestamp NULL DEFAULT NULL,
  PRIMARY KEY (`id`)
) ENGINE=InnoDB AUTO_INCREMENT=13 DEFAULT CHARSET=utf8mb4 COLLATE=utf8mb4_unicode_ci;
/*!40101 SET character_set_client = @saved_cs_client */;

--
-- Dumping data for table `ec_global_option_value`
--

LOCK TABLES `ec_global_option_value` WRITE;
/*!40000 ALTER TABLE `ec_global_option_value` DISABLE KEYS */;
INSERT INTO `ec_global_option_value` VALUES (1,1,'1 Year',0,9999,0,'2025-01-21 09:39:10','2025-01-21 09:39:10'),(2,1,'2 Year',10,9999,0,'2025-01-21 09:39:10','2025-01-21 09:39:10'),(3,1,'3 Year',20,9999,0,'2025-01-21 09:39:10','2025-01-21 09:39:10'),(4,2,'4GB',0,9999,0,'2025-01-21 09:39:10','2025-01-21 09:39:10'),(5,2,'8GB',10,9999,0,'2025-01-21 09:39:10','2025-01-21 09:39:10'),(6,2,'16GB',20,9999,0,'2025-01-21 09:39:10','2025-01-21 09:39:10'),(7,3,'Core i5',0,9999,0,'2025-01-21 09:39:10','2025-01-21 09:39:10'),(8,3,'Core i7',10,9999,0,'2025-01-21 09:39:10','2025-01-21 09:39:10'),(9,3,'Core i9',20,9999,0,'2025-01-21 09:39:10','2025-01-21 09:39:10'),(10,4,'128GB',0,9999,0,'2025-01-21 09:39:10','2025-01-21 09:39:10'),(11,4,'256GB',10,9999,0,'2025-01-21 09:39:10','2025-01-21 09:39:10'),(12,4,'512GB',20,9999,0,'2025-01-21 09:39:10','2025-01-21 09:39:10');
/*!40000 ALTER TABLE `ec_global_option_value` ENABLE KEYS */;
UNLOCK TABLES;

--
-- Table structure for table `ec_global_option_value_translations`
--

DROP TABLE IF EXISTS `ec_global_option_value_translations`;
/*!40101 SET @saved_cs_client     = @@character_set_client */;
/*!40101 SET character_set_client = utf8 */;
CREATE TABLE `ec_global_option_value_translations` (
  `lang_code` varchar(191) COLLATE utf8mb4_unicode_ci NOT NULL,
  `ec_global_option_value_id` bigint unsigned NOT NULL,
  `option_value` varchar(191) COLLATE utf8mb4_unicode_ci DEFAULT NULL,
  PRIMARY KEY (`lang_code`,`ec_global_option_value_id`)
) ENGINE=InnoDB DEFAULT CHARSET=utf8mb4 COLLATE=utf8mb4_unicode_ci;
/*!40101 SET character_set_client = @saved_cs_client */;

--
-- Dumping data for table `ec_global_option_value_translations`
--

LOCK TABLES `ec_global_option_value_translations` WRITE;
/*!40000 ALTER TABLE `ec_global_option_value_translations` DISABLE KEYS */;
/*!40000 ALTER TABLE `ec_global_option_value_translations` ENABLE KEYS */;
UNLOCK TABLES;

--
-- Table structure for table `ec_global_options`
--

DROP TABLE IF EXISTS `ec_global_options`;
/*!40101 SET @saved_cs_client     = @@character_set_client */;
/*!40101 SET character_set_client = utf8 */;
CREATE TABLE `ec_global_options` (
  `id` bigint unsigned NOT NULL AUTO_INCREMENT,
  `name` varchar(191) COLLATE utf8mb4_unicode_ci NOT NULL COMMENT 'Name of options',
  `option_type` varchar(191) COLLATE utf8mb4_unicode_ci NOT NULL COMMENT 'option type',
  `required` tinyint(1) NOT NULL DEFAULT '0' COMMENT 'Checked if this option is required',
  `created_at` timestamp NULL DEFAULT NULL,
  `updated_at` timestamp NULL DEFAULT NULL,
  PRIMARY KEY (`id`)
) ENGINE=InnoDB AUTO_INCREMENT=5 DEFAULT CHARSET=utf8mb4 COLLATE=utf8mb4_unicode_ci;
/*!40101 SET character_set_client = @saved_cs_client */;

--
-- Dumping data for table `ec_global_options`
--

LOCK TABLES `ec_global_options` WRITE;
/*!40000 ALTER TABLE `ec_global_options` DISABLE KEYS */;
INSERT INTO `ec_global_options` VALUES (1,'Warranty','Botble\\Ecommerce\\Option\\OptionType\\RadioButton',1,'2025-01-21 09:39:10','2025-01-21 09:39:10'),(2,'RAM','Botble\\Ecommerce\\Option\\OptionType\\RadioButton',1,'2025-01-21 09:39:10','2025-01-21 09:39:10'),(3,'CPU','Botble\\Ecommerce\\Option\\OptionType\\RadioButton',1,'2025-01-21 09:39:10','2025-01-21 09:39:10'),(4,'HDD','Botble\\Ecommerce\\Option\\OptionType\\Dropdown',0,'2025-01-21 09:39:10','2025-01-21 09:39:10');
/*!40000 ALTER TABLE `ec_global_options` ENABLE KEYS */;
UNLOCK TABLES;

--
-- Table structure for table `ec_global_options_translations`
--

DROP TABLE IF EXISTS `ec_global_options_translations`;
/*!40101 SET @saved_cs_client     = @@character_set_client */;
/*!40101 SET character_set_client = utf8 */;
CREATE TABLE `ec_global_options_translations` (
  `lang_code` varchar(191) COLLATE utf8mb4_unicode_ci NOT NULL,
  `ec_global_options_id` bigint unsigned NOT NULL,
  `name` varchar(191) COLLATE utf8mb4_unicode_ci DEFAULT NULL,
  PRIMARY KEY (`lang_code`,`ec_global_options_id`)
) ENGINE=InnoDB DEFAULT CHARSET=utf8mb4 COLLATE=utf8mb4_unicode_ci;
/*!40101 SET character_set_client = @saved_cs_client */;

--
-- Dumping data for table `ec_global_options_translations`
--

LOCK TABLES `ec_global_options_translations` WRITE;
/*!40000 ALTER TABLE `ec_global_options_translations` DISABLE KEYS */;
/*!40000 ALTER TABLE `ec_global_options_translations` ENABLE KEYS */;
UNLOCK TABLES;

--
-- Table structure for table `ec_grouped_products`
--

DROP TABLE IF EXISTS `ec_grouped_products`;
/*!40101 SET @saved_cs_client     = @@character_set_client */;
/*!40101 SET character_set_client = utf8 */;
CREATE TABLE `ec_grouped_products` (
  `id` bigint unsigned NOT NULL AUTO_INCREMENT,
  `parent_product_id` bigint unsigned NOT NULL,
  `product_id` bigint unsigned NOT NULL,
  `fixed_qty` int NOT NULL DEFAULT '1',
  PRIMARY KEY (`id`)
) ENGINE=InnoDB DEFAULT CHARSET=utf8mb4 COLLATE=utf8mb4_unicode_ci;
/*!40101 SET character_set_client = @saved_cs_client */;

--
-- Dumping data for table `ec_grouped_products`
--

LOCK TABLES `ec_grouped_products` WRITE;
/*!40000 ALTER TABLE `ec_grouped_products` DISABLE KEYS */;
/*!40000 ALTER TABLE `ec_grouped_products` ENABLE KEYS */;
UNLOCK TABLES;

--
-- Table structure for table `ec_invoice_items`
--

DROP TABLE IF EXISTS `ec_invoice_items`;
/*!40101 SET @saved_cs_client     = @@character_set_client */;
/*!40101 SET character_set_client = utf8 */;
CREATE TABLE `ec_invoice_items` (
  `id` bigint unsigned NOT NULL AUTO_INCREMENT,
  `invoice_id` bigint unsigned NOT NULL,
  `reference_type` varchar(191) COLLATE utf8mb4_unicode_ci NOT NULL,
  `reference_id` bigint unsigned NOT NULL,
  `name` varchar(191) COLLATE utf8mb4_unicode_ci NOT NULL,
  `description` varchar(400) COLLATE utf8mb4_unicode_ci DEFAULT NULL,
  `image` varchar(191) COLLATE utf8mb4_unicode_ci DEFAULT NULL,
  `qty` int unsigned NOT NULL,
  `price` decimal(15,2) NOT NULL DEFAULT '0.00',
  `sub_total` decimal(15,2) unsigned NOT NULL,
  `tax_amount` decimal(15,2) unsigned NOT NULL DEFAULT '0.00',
  `discount_amount` decimal(15,2) unsigned NOT NULL DEFAULT '0.00',
  `amount` decimal(15,2) unsigned NOT NULL,
  `options` text COLLATE utf8mb4_unicode_ci,
  `created_at` timestamp NULL DEFAULT NULL,
  `updated_at` timestamp NULL DEFAULT NULL,
  PRIMARY KEY (`id`),
  KEY `ec_invoice_items_reference_type_reference_id_index` (`reference_type`,`reference_id`)
) ENGINE=InnoDB DEFAULT CHARSET=utf8mb4 COLLATE=utf8mb4_unicode_ci;
/*!40101 SET character_set_client = @saved_cs_client */;

--
-- Dumping data for table `ec_invoice_items`
--

LOCK TABLES `ec_invoice_items` WRITE;
/*!40000 ALTER TABLE `ec_invoice_items` DISABLE KEYS */;
/*!40000 ALTER TABLE `ec_invoice_items` ENABLE KEYS */;
UNLOCK TABLES;

--
-- Table structure for table `ec_invoices`
--

DROP TABLE IF EXISTS `ec_invoices`;
/*!40101 SET @saved_cs_client     = @@character_set_client */;
/*!40101 SET character_set_client = utf8 */;
CREATE TABLE `ec_invoices` (
  `id` bigint unsigned NOT NULL AUTO_INCREMENT,
  `reference_type` varchar(191) COLLATE utf8mb4_unicode_ci NOT NULL,
  `reference_id` bigint unsigned NOT NULL,
  `code` varchar(191) COLLATE utf8mb4_unicode_ci NOT NULL,
  `customer_name` varchar(191) COLLATE utf8mb4_unicode_ci DEFAULT NULL,
  `company_name` varchar(191) COLLATE utf8mb4_unicode_ci DEFAULT NULL,
  `company_logo` varchar(191) COLLATE utf8mb4_unicode_ci DEFAULT NULL,
  `customer_email` varchar(191) COLLATE utf8mb4_unicode_ci DEFAULT NULL,
  `customer_phone` varchar(191) COLLATE utf8mb4_unicode_ci DEFAULT NULL,
  `customer_address` varchar(191) COLLATE utf8mb4_unicode_ci DEFAULT NULL,
  `customer_tax_id` varchar(191) COLLATE utf8mb4_unicode_ci DEFAULT NULL,
  `sub_total` decimal(15,2) unsigned NOT NULL,
  `tax_amount` decimal(15,2) unsigned NOT NULL DEFAULT '0.00',
  `shipping_amount` decimal(15,2) unsigned NOT NULL DEFAULT '0.00',
  `discount_amount` decimal(15,2) unsigned NOT NULL DEFAULT '0.00',
  `shipping_option` varchar(60) COLLATE utf8mb4_unicode_ci DEFAULT NULL,
  `shipping_method` varchar(60) COLLATE utf8mb4_unicode_ci NOT NULL DEFAULT 'default',
  `coupon_code` varchar(120) COLLATE utf8mb4_unicode_ci DEFAULT NULL,
  `discount_description` varchar(191) COLLATE utf8mb4_unicode_ci DEFAULT NULL,
  `amount` decimal(15,2) unsigned NOT NULL,
  `description` text COLLATE utf8mb4_unicode_ci,
  `payment_id` bigint unsigned DEFAULT NULL,
  `status` varchar(191) COLLATE utf8mb4_unicode_ci NOT NULL DEFAULT 'pending',
  `paid_at` timestamp NULL DEFAULT NULL,
  `created_at` timestamp NULL DEFAULT NULL,
  `updated_at` timestamp NULL DEFAULT NULL,
  PRIMARY KEY (`id`),
  UNIQUE KEY `ec_invoices_code_unique` (`code`),
  KEY `ec_invoices_reference_type_reference_id_index` (`reference_type`,`reference_id`),
  KEY `ec_invoices_payment_id_index` (`payment_id`),
  KEY `ec_invoices_status_index` (`status`)
) ENGINE=InnoDB DEFAULT CHARSET=utf8mb4 COLLATE=utf8mb4_unicode_ci;
/*!40101 SET character_set_client = @saved_cs_client */;

--
-- Dumping data for table `ec_invoices`
--

LOCK TABLES `ec_invoices` WRITE;
/*!40000 ALTER TABLE `ec_invoices` DISABLE KEYS */;
/*!40000 ALTER TABLE `ec_invoices` ENABLE KEYS */;
UNLOCK TABLES;

--
-- Table structure for table `ec_option_value`
--

DROP TABLE IF EXISTS `ec_option_value`;
/*!40101 SET @saved_cs_client     = @@character_set_client */;
/*!40101 SET character_set_client = utf8 */;
CREATE TABLE `ec_option_value` (
  `id` bigint unsigned NOT NULL AUTO_INCREMENT,
  `option_id` bigint unsigned NOT NULL COMMENT 'option id',
  `option_value` tinytext COLLATE utf8mb4_unicode_ci COMMENT 'option value',
  `affect_price` double DEFAULT NULL COMMENT 'value of price of this option affect',
  `order` int NOT NULL DEFAULT '9999',
  `affect_type` tinyint NOT NULL DEFAULT '0' COMMENT '0. fixed 1. percent',
  `created_at` timestamp NULL DEFAULT NULL,
  `updated_at` timestamp NULL DEFAULT NULL,
  PRIMARY KEY (`id`)
) ENGINE=InnoDB DEFAULT CHARSET=utf8mb4 COLLATE=utf8mb4_unicode_ci;
/*!40101 SET character_set_client = @saved_cs_client */;

--
-- Dumping data for table `ec_option_value`
--

LOCK TABLES `ec_option_value` WRITE;
/*!40000 ALTER TABLE `ec_option_value` DISABLE KEYS */;
/*!40000 ALTER TABLE `ec_option_value` ENABLE KEYS */;
UNLOCK TABLES;

--
-- Table structure for table `ec_option_value_translations`
--

DROP TABLE IF EXISTS `ec_option_value_translations`;
/*!40101 SET @saved_cs_client     = @@character_set_client */;
/*!40101 SET character_set_client = utf8 */;
CREATE TABLE `ec_option_value_translations` (
  `lang_code` varchar(191) COLLATE utf8mb4_unicode_ci NOT NULL,
  `ec_option_value_id` bigint unsigned NOT NULL,
  `option_value` varchar(191) COLLATE utf8mb4_unicode_ci DEFAULT NULL,
  PRIMARY KEY (`lang_code`,`ec_option_value_id`)
) ENGINE=InnoDB DEFAULT CHARSET=utf8mb4 COLLATE=utf8mb4_unicode_ci;
/*!40101 SET character_set_client = @saved_cs_client */;

--
-- Dumping data for table `ec_option_value_translations`
--

LOCK TABLES `ec_option_value_translations` WRITE;
/*!40000 ALTER TABLE `ec_option_value_translations` DISABLE KEYS */;
/*!40000 ALTER TABLE `ec_option_value_translations` ENABLE KEYS */;
UNLOCK TABLES;

--
-- Table structure for table `ec_options`
--

DROP TABLE IF EXISTS `ec_options`;
/*!40101 SET @saved_cs_client     = @@character_set_client */;
/*!40101 SET character_set_client = utf8 */;
CREATE TABLE `ec_options` (
  `id` bigint unsigned NOT NULL AUTO_INCREMENT,
  `name` varchar(191) COLLATE utf8mb4_unicode_ci NOT NULL COMMENT 'Name of options',
  `option_type` varchar(191) COLLATE utf8mb4_unicode_ci DEFAULT NULL COMMENT 'option type',
  `product_id` bigint unsigned NOT NULL DEFAULT '0',
  `order` int NOT NULL DEFAULT '9999',
  `required` tinyint(1) NOT NULL DEFAULT '0' COMMENT 'Checked if this option is required',
  `created_at` timestamp NULL DEFAULT NULL,
  `updated_at` timestamp NULL DEFAULT NULL,
  PRIMARY KEY (`id`)
) ENGINE=InnoDB DEFAULT CHARSET=utf8mb4 COLLATE=utf8mb4_unicode_ci;
/*!40101 SET character_set_client = @saved_cs_client */;

--
-- Dumping data for table `ec_options`
--

LOCK TABLES `ec_options` WRITE;
/*!40000 ALTER TABLE `ec_options` DISABLE KEYS */;
/*!40000 ALTER TABLE `ec_options` ENABLE KEYS */;
UNLOCK TABLES;

--
-- Table structure for table `ec_options_translations`
--

DROP TABLE IF EXISTS `ec_options_translations`;
/*!40101 SET @saved_cs_client     = @@character_set_client */;
/*!40101 SET character_set_client = utf8 */;
CREATE TABLE `ec_options_translations` (
  `lang_code` varchar(191) COLLATE utf8mb4_unicode_ci NOT NULL,
  `ec_options_id` bigint unsigned NOT NULL,
  `name` varchar(191) COLLATE utf8mb4_unicode_ci DEFAULT NULL,
  PRIMARY KEY (`lang_code`,`ec_options_id`)
) ENGINE=InnoDB DEFAULT CHARSET=utf8mb4 COLLATE=utf8mb4_unicode_ci;
/*!40101 SET character_set_client = @saved_cs_client */;

--
-- Dumping data for table `ec_options_translations`
--

LOCK TABLES `ec_options_translations` WRITE;
/*!40000 ALTER TABLE `ec_options_translations` DISABLE KEYS */;
/*!40000 ALTER TABLE `ec_options_translations` ENABLE KEYS */;
UNLOCK TABLES;

--
-- Table structure for table `ec_order_addresses`
--

DROP TABLE IF EXISTS `ec_order_addresses`;
/*!40101 SET @saved_cs_client     = @@character_set_client */;
/*!40101 SET character_set_client = utf8 */;
CREATE TABLE `ec_order_addresses` (
  `id` bigint unsigned NOT NULL AUTO_INCREMENT,
  `name` varchar(191) COLLATE utf8mb4_unicode_ci NOT NULL,
  `phone` varchar(20) COLLATE utf8mb4_unicode_ci DEFAULT NULL,
  `email` varchar(191) COLLATE utf8mb4_unicode_ci DEFAULT NULL,
  `country` varchar(120) COLLATE utf8mb4_unicode_ci DEFAULT NULL,
  `state` varchar(120) COLLATE utf8mb4_unicode_ci DEFAULT NULL,
  `city` varchar(120) COLLATE utf8mb4_unicode_ci DEFAULT NULL,
  `address` varchar(191) COLLATE utf8mb4_unicode_ci DEFAULT NULL,
  `order_id` bigint unsigned NOT NULL,
  `zip_code` varchar(20) COLLATE utf8mb4_unicode_ci DEFAULT NULL,
  `type` varchar(60) COLLATE utf8mb4_unicode_ci NOT NULL DEFAULT 'shipping_address',
  PRIMARY KEY (`id`)
) ENGINE=InnoDB DEFAULT CHARSET=utf8mb4 COLLATE=utf8mb4_unicode_ci;
/*!40101 SET character_set_client = @saved_cs_client */;

--
-- Dumping data for table `ec_order_addresses`
--

LOCK TABLES `ec_order_addresses` WRITE;
/*!40000 ALTER TABLE `ec_order_addresses` DISABLE KEYS */;
/*!40000 ALTER TABLE `ec_order_addresses` ENABLE KEYS */;
UNLOCK TABLES;

--
-- Table structure for table `ec_order_histories`
--

DROP TABLE IF EXISTS `ec_order_histories`;
/*!40101 SET @saved_cs_client     = @@character_set_client */;
/*!40101 SET character_set_client = utf8 */;
CREATE TABLE `ec_order_histories` (
  `id` bigint unsigned NOT NULL AUTO_INCREMENT,
  `action` varchar(120) COLLATE utf8mb4_unicode_ci NOT NULL,
  `description` varchar(400) COLLATE utf8mb4_unicode_ci DEFAULT NULL,
  `user_id` bigint unsigned DEFAULT NULL,
  `order_id` bigint unsigned NOT NULL,
  `extras` text COLLATE utf8mb4_unicode_ci,
  `created_at` timestamp NULL DEFAULT NULL,
  `updated_at` timestamp NULL DEFAULT NULL,
  PRIMARY KEY (`id`)
) ENGINE=InnoDB DEFAULT CHARSET=utf8mb4 COLLATE=utf8mb4_unicode_ci;
/*!40101 SET character_set_client = @saved_cs_client */;

--
-- Dumping data for table `ec_order_histories`
--

LOCK TABLES `ec_order_histories` WRITE;
/*!40000 ALTER TABLE `ec_order_histories` DISABLE KEYS */;
/*!40000 ALTER TABLE `ec_order_histories` ENABLE KEYS */;
UNLOCK TABLES;

--
-- Table structure for table `ec_order_product`
--

DROP TABLE IF EXISTS `ec_order_product`;
/*!40101 SET @saved_cs_client     = @@character_set_client */;
/*!40101 SET character_set_client = utf8 */;
CREATE TABLE `ec_order_product` (
  `id` bigint unsigned NOT NULL AUTO_INCREMENT,
  `order_id` bigint unsigned NOT NULL,
  `qty` int NOT NULL,
  `price` decimal(15,2) NOT NULL,
  `tax_amount` decimal(15,2) NOT NULL,
  `options` text COLLATE utf8mb4_unicode_ci,
  `product_options` text COLLATE utf8mb4_unicode_ci COMMENT 'product option data',
  `product_id` bigint unsigned DEFAULT NULL,
  `product_name` varchar(191) COLLATE utf8mb4_unicode_ci NOT NULL,
  `product_image` varchar(191) COLLATE utf8mb4_unicode_ci DEFAULT NULL,
  `weight` double DEFAULT '0',
  `restock_quantity` int unsigned DEFAULT '0',
  `created_at` timestamp NULL DEFAULT NULL,
  `updated_at` timestamp NULL DEFAULT NULL,
  `product_type` varchar(60) COLLATE utf8mb4_unicode_ci NOT NULL DEFAULT 'physical',
  `times_downloaded` int NOT NULL DEFAULT '0',
  `license_code` char(36) COLLATE utf8mb4_unicode_ci DEFAULT NULL,
  `downloaded_at` timestamp NULL DEFAULT NULL,
  PRIMARY KEY (`id`)
) ENGINE=InnoDB DEFAULT CHARSET=utf8mb4 COLLATE=utf8mb4_unicode_ci;
/*!40101 SET character_set_client = @saved_cs_client */;

--
-- Dumping data for table `ec_order_product`
--

LOCK TABLES `ec_order_product` WRITE;
/*!40000 ALTER TABLE `ec_order_product` DISABLE KEYS */;
/*!40000 ALTER TABLE `ec_order_product` ENABLE KEYS */;
UNLOCK TABLES;

--
-- Table structure for table `ec_order_referrals`
--

DROP TABLE IF EXISTS `ec_order_referrals`;
/*!40101 SET @saved_cs_client     = @@character_set_client */;
/*!40101 SET character_set_client = utf8 */;
CREATE TABLE `ec_order_referrals` (
  `id` bigint unsigned NOT NULL AUTO_INCREMENT,
  `ip` varchar(39) COLLATE utf8mb4_unicode_ci DEFAULT NULL,
  `landing_domain` varchar(191) COLLATE utf8mb4_unicode_ci DEFAULT NULL,
  `landing_page` varchar(191) COLLATE utf8mb4_unicode_ci DEFAULT NULL,
  `landing_params` varchar(191) COLLATE utf8mb4_unicode_ci DEFAULT NULL,
  `referral` varchar(191) COLLATE utf8mb4_unicode_ci DEFAULT NULL,
  `gclid` varchar(191) COLLATE utf8mb4_unicode_ci DEFAULT NULL,
  `fclid` varchar(191) COLLATE utf8mb4_unicode_ci DEFAULT NULL,
  `utm_source` varchar(191) COLLATE utf8mb4_unicode_ci DEFAULT NULL,
  `utm_campaign` varchar(191) COLLATE utf8mb4_unicode_ci DEFAULT NULL,
  `utm_medium` varchar(191) COLLATE utf8mb4_unicode_ci DEFAULT NULL,
  `utm_term` varchar(191) COLLATE utf8mb4_unicode_ci DEFAULT NULL,
  `utm_content` varchar(191) COLLATE utf8mb4_unicode_ci DEFAULT NULL,
  `referrer_url` text COLLATE utf8mb4_unicode_ci,
  `referrer_domain` varchar(191) COLLATE utf8mb4_unicode_ci DEFAULT NULL,
  `order_id` bigint unsigned DEFAULT NULL,
  `created_at` timestamp NULL DEFAULT NULL,
  `updated_at` timestamp NULL DEFAULT NULL,
  PRIMARY KEY (`id`),
  KEY `ec_order_referrals_order_id_index` (`order_id`)
) ENGINE=InnoDB DEFAULT CHARSET=utf8mb4 COLLATE=utf8mb4_unicode_ci;
/*!40101 SET character_set_client = @saved_cs_client */;

--
-- Dumping data for table `ec_order_referrals`
--

LOCK TABLES `ec_order_referrals` WRITE;
/*!40000 ALTER TABLE `ec_order_referrals` DISABLE KEYS */;
/*!40000 ALTER TABLE `ec_order_referrals` ENABLE KEYS */;
UNLOCK TABLES;

--
-- Table structure for table `ec_order_return_histories`
--

DROP TABLE IF EXISTS `ec_order_return_histories`;
/*!40101 SET @saved_cs_client     = @@character_set_client */;
/*!40101 SET character_set_client = utf8 */;
CREATE TABLE `ec_order_return_histories` (
  `id` bigint unsigned NOT NULL AUTO_INCREMENT,
  `user_id` bigint unsigned DEFAULT NULL,
  `order_return_id` bigint unsigned NOT NULL,
  `action` varchar(191) COLLATE utf8mb4_unicode_ci NOT NULL,
  `description` varchar(400) COLLATE utf8mb4_unicode_ci DEFAULT NULL,
  `reason` varchar(191) COLLATE utf8mb4_unicode_ci DEFAULT NULL,
  `created_at` timestamp NULL DEFAULT NULL,
  `updated_at` timestamp NULL DEFAULT NULL,
  PRIMARY KEY (`id`)
) ENGINE=InnoDB DEFAULT CHARSET=utf8mb4 COLLATE=utf8mb4_unicode_ci;
/*!40101 SET character_set_client = @saved_cs_client */;

--
-- Dumping data for table `ec_order_return_histories`
--

LOCK TABLES `ec_order_return_histories` WRITE;
/*!40000 ALTER TABLE `ec_order_return_histories` DISABLE KEYS */;
/*!40000 ALTER TABLE `ec_order_return_histories` ENABLE KEYS */;
UNLOCK TABLES;

--
-- Table structure for table `ec_order_return_items`
--

DROP TABLE IF EXISTS `ec_order_return_items`;
/*!40101 SET @saved_cs_client     = @@character_set_client */;
/*!40101 SET character_set_client = utf8 */;
CREATE TABLE `ec_order_return_items` (
  `id` bigint unsigned NOT NULL AUTO_INCREMENT,
  `order_return_id` bigint unsigned NOT NULL COMMENT 'Order return id',
  `order_product_id` bigint unsigned NOT NULL COMMENT 'Order product id',
  `product_id` bigint unsigned NOT NULL COMMENT 'Product id',
  `product_name` varchar(191) COLLATE utf8mb4_unicode_ci NOT NULL,
  `product_image` varchar(191) COLLATE utf8mb4_unicode_ci DEFAULT NULL,
  `qty` int NOT NULL COMMENT 'Quantity return',
  `price` decimal(15,2) NOT NULL COMMENT 'Price Product',
  `reason` text COLLATE utf8mb4_unicode_ci,
  `created_at` timestamp NULL DEFAULT NULL,
  `updated_at` timestamp NULL DEFAULT NULL,
  `refund_amount` decimal(12,2) DEFAULT '0.00',
  PRIMARY KEY (`id`)
) ENGINE=InnoDB DEFAULT CHARSET=utf8mb4 COLLATE=utf8mb4_unicode_ci;
/*!40101 SET character_set_client = @saved_cs_client */;

--
-- Dumping data for table `ec_order_return_items`
--

LOCK TABLES `ec_order_return_items` WRITE;
/*!40000 ALTER TABLE `ec_order_return_items` DISABLE KEYS */;
/*!40000 ALTER TABLE `ec_order_return_items` ENABLE KEYS */;
UNLOCK TABLES;

--
-- Table structure for table `ec_order_returns`
--

DROP TABLE IF EXISTS `ec_order_returns`;
/*!40101 SET @saved_cs_client     = @@character_set_client */;
/*!40101 SET character_set_client = utf8 */;
CREATE TABLE `ec_order_returns` (
  `id` bigint unsigned NOT NULL AUTO_INCREMENT,
  `code` varchar(191) COLLATE utf8mb4_unicode_ci DEFAULT NULL,
  `order_id` bigint unsigned NOT NULL COMMENT 'Order ID',
  `store_id` bigint unsigned DEFAULT NULL COMMENT 'Store ID',
  `user_id` bigint unsigned NOT NULL COMMENT 'Customer ID',
  `reason` text COLLATE utf8mb4_unicode_ci COMMENT 'Reason return order',
  `order_status` varchar(191) COLLATE utf8mb4_unicode_ci DEFAULT NULL COMMENT 'Order current status',
  `return_status` varchar(191) COLLATE utf8mb4_unicode_ci NOT NULL COMMENT 'Return status',
  `created_at` timestamp NULL DEFAULT NULL,
  `updated_at` timestamp NULL DEFAULT NULL,
  PRIMARY KEY (`id`),
  UNIQUE KEY `ec_order_returns_code_unique` (`code`)
) ENGINE=InnoDB DEFAULT CHARSET=utf8mb4 COLLATE=utf8mb4_unicode_ci;
/*!40101 SET character_set_client = @saved_cs_client */;

--
-- Dumping data for table `ec_order_returns`
--

LOCK TABLES `ec_order_returns` WRITE;
/*!40000 ALTER TABLE `ec_order_returns` DISABLE KEYS */;
/*!40000 ALTER TABLE `ec_order_returns` ENABLE KEYS */;
UNLOCK TABLES;

--
-- Table structure for table `ec_order_tax_information`
--

DROP TABLE IF EXISTS `ec_order_tax_information`;
/*!40101 SET @saved_cs_client     = @@character_set_client */;
/*!40101 SET character_set_client = utf8 */;
CREATE TABLE `ec_order_tax_information` (
  `id` bigint unsigned NOT NULL AUTO_INCREMENT,
  `order_id` bigint unsigned NOT NULL,
  `company_name` varchar(120) COLLATE utf8mb4_unicode_ci NOT NULL,
  `company_address` varchar(191) COLLATE utf8mb4_unicode_ci NOT NULL,
  `company_tax_code` varchar(20) COLLATE utf8mb4_unicode_ci NOT NULL,
  `company_email` varchar(60) COLLATE utf8mb4_unicode_ci NOT NULL,
  `created_at` timestamp NULL DEFAULT NULL,
  `updated_at` timestamp NULL DEFAULT NULL,
  PRIMARY KEY (`id`),
  KEY `ec_order_tax_information_order_id_index` (`order_id`)
) ENGINE=InnoDB DEFAULT CHARSET=utf8mb4 COLLATE=utf8mb4_unicode_ci;
/*!40101 SET character_set_client = @saved_cs_client */;

--
-- Dumping data for table `ec_order_tax_information`
--

LOCK TABLES `ec_order_tax_information` WRITE;
/*!40000 ALTER TABLE `ec_order_tax_information` DISABLE KEYS */;
/*!40000 ALTER TABLE `ec_order_tax_information` ENABLE KEYS */;
UNLOCK TABLES;

--
-- Table structure for table `ec_orders`
--

DROP TABLE IF EXISTS `ec_orders`;
/*!40101 SET @saved_cs_client     = @@character_set_client */;
/*!40101 SET character_set_client = utf8 */;
CREATE TABLE `ec_orders` (
  `id` bigint unsigned NOT NULL AUTO_INCREMENT,
  `code` varchar(191) COLLATE utf8mb4_unicode_ci DEFAULT NULL,
  `user_id` bigint unsigned NOT NULL,
  `shipping_option` varchar(60) COLLATE utf8mb4_unicode_ci DEFAULT NULL,
  `shipping_method` varchar(60) COLLATE utf8mb4_unicode_ci NOT NULL DEFAULT 'default',
  `status` varchar(120) COLLATE utf8mb4_unicode_ci NOT NULL DEFAULT 'pending',
  `amount` decimal(15,2) NOT NULL,
  `tax_amount` decimal(15,2) DEFAULT NULL,
  `shipping_amount` decimal(15,2) DEFAULT NULL,
  `description` text COLLATE utf8mb4_unicode_ci,
  `coupon_code` varchar(120) COLLATE utf8mb4_unicode_ci DEFAULT NULL,
  `discount_amount` decimal(15,2) DEFAULT NULL,
  `sub_total` decimal(15,2) NOT NULL,
  `is_confirmed` tinyint(1) NOT NULL DEFAULT '0',
  `discount_description` varchar(191) COLLATE utf8mb4_unicode_ci DEFAULT NULL,
  `is_finished` tinyint(1) DEFAULT '0',
  `cancellation_reason` varchar(191) COLLATE utf8mb4_unicode_ci DEFAULT NULL,
  `cancellation_reason_description` varchar(191) COLLATE utf8mb4_unicode_ci DEFAULT NULL,
  `completed_at` timestamp NULL DEFAULT NULL,
  `token` varchar(120) COLLATE utf8mb4_unicode_ci DEFAULT NULL,
  `payment_id` bigint unsigned DEFAULT NULL,
  `created_at` timestamp NULL DEFAULT NULL,
  `updated_at` timestamp NULL DEFAULT NULL,
  `proof_file` varchar(191) COLLATE utf8mb4_unicode_ci DEFAULT NULL,
  PRIMARY KEY (`id`),
  UNIQUE KEY `ec_orders_code_unique` (`code`),
  KEY `ec_orders_user_id_status_created_at_index` (`user_id`,`status`,`created_at`)
) ENGINE=InnoDB DEFAULT CHARSET=utf8mb4 COLLATE=utf8mb4_unicode_ci;
/*!40101 SET character_set_client = @saved_cs_client */;

--
-- Dumping data for table `ec_orders`
--

LOCK TABLES `ec_orders` WRITE;
/*!40000 ALTER TABLE `ec_orders` DISABLE KEYS */;
/*!40000 ALTER TABLE `ec_orders` ENABLE KEYS */;
UNLOCK TABLES;

--
-- Table structure for table `ec_product_attribute_sets`
--

DROP TABLE IF EXISTS `ec_product_attribute_sets`;
/*!40101 SET @saved_cs_client     = @@character_set_client */;
/*!40101 SET character_set_client = utf8 */;
CREATE TABLE `ec_product_attribute_sets` (
  `id` bigint unsigned NOT NULL AUTO_INCREMENT,
  `title` varchar(120) COLLATE utf8mb4_unicode_ci NOT NULL,
  `slug` varchar(120) COLLATE utf8mb4_unicode_ci DEFAULT NULL,
  `display_layout` varchar(191) COLLATE utf8mb4_unicode_ci NOT NULL DEFAULT 'swatch_dropdown',
  `is_searchable` tinyint unsigned NOT NULL DEFAULT '1',
  `is_comparable` tinyint unsigned NOT NULL DEFAULT '1',
  `is_use_in_product_listing` tinyint unsigned NOT NULL DEFAULT '0',
  `status` varchar(60) COLLATE utf8mb4_unicode_ci NOT NULL DEFAULT 'published',
  `order` tinyint unsigned NOT NULL DEFAULT '0',
  `created_at` timestamp NULL DEFAULT NULL,
  `updated_at` timestamp NULL DEFAULT NULL,
  `use_image_from_product_variation` tinyint unsigned NOT NULL DEFAULT '0',
  PRIMARY KEY (`id`)
) ENGINE=InnoDB AUTO_INCREMENT=3 DEFAULT CHARSET=utf8mb4 COLLATE=utf8mb4_unicode_ci;
/*!40101 SET character_set_client = @saved_cs_client */;

--
-- Dumping data for table `ec_product_attribute_sets`
--

LOCK TABLES `ec_product_attribute_sets` WRITE;
/*!40000 ALTER TABLE `ec_product_attribute_sets` DISABLE KEYS */;
INSERT INTO `ec_product_attribute_sets` VALUES (1,'Color','color','visual',1,1,1,'published',0,'2025-01-21 09:39:10','2025-01-21 09:39:10',1),(2,'Size','size','text',1,1,1,'published',1,'2025-01-21 09:39:10','2025-01-21 09:39:10',0);
/*!40000 ALTER TABLE `ec_product_attribute_sets` ENABLE KEYS */;
UNLOCK TABLES;

--
-- Table structure for table `ec_product_attribute_sets_translations`
--

DROP TABLE IF EXISTS `ec_product_attribute_sets_translations`;
/*!40101 SET @saved_cs_client     = @@character_set_client */;
/*!40101 SET character_set_client = utf8 */;
CREATE TABLE `ec_product_attribute_sets_translations` (
  `lang_code` varchar(191) COLLATE utf8mb4_unicode_ci NOT NULL,
  `ec_product_attribute_sets_id` bigint unsigned NOT NULL,
  `title` varchar(191) COLLATE utf8mb4_unicode_ci DEFAULT NULL,
  PRIMARY KEY (`lang_code`,`ec_product_attribute_sets_id`)
) ENGINE=InnoDB DEFAULT CHARSET=utf8mb4 COLLATE=utf8mb4_unicode_ci;
/*!40101 SET character_set_client = @saved_cs_client */;

--
-- Dumping data for table `ec_product_attribute_sets_translations`
--

LOCK TABLES `ec_product_attribute_sets_translations` WRITE;
/*!40000 ALTER TABLE `ec_product_attribute_sets_translations` DISABLE KEYS */;
/*!40000 ALTER TABLE `ec_product_attribute_sets_translations` ENABLE KEYS */;
UNLOCK TABLES;

--
-- Table structure for table `ec_product_attributes`
--

DROP TABLE IF EXISTS `ec_product_attributes`;
/*!40101 SET @saved_cs_client     = @@character_set_client */;
/*!40101 SET character_set_client = utf8 */;
CREATE TABLE `ec_product_attributes` (
  `id` bigint unsigned NOT NULL AUTO_INCREMENT,
  `attribute_set_id` bigint unsigned NOT NULL,
  `title` varchar(120) COLLATE utf8mb4_unicode_ci NOT NULL,
  `slug` varchar(120) COLLATE utf8mb4_unicode_ci DEFAULT NULL,
  `color` varchar(50) COLLATE utf8mb4_unicode_ci DEFAULT NULL,
  `image` varchar(191) COLLATE utf8mb4_unicode_ci DEFAULT NULL,
  `is_default` tinyint unsigned NOT NULL DEFAULT '0',
  `order` tinyint unsigned NOT NULL DEFAULT '0',
  `created_at` timestamp NULL DEFAULT NULL,
  `updated_at` timestamp NULL DEFAULT NULL,
  PRIMARY KEY (`id`),
  KEY `attribute_set_status_index` (`attribute_set_id`)
) ENGINE=InnoDB AUTO_INCREMENT=11 DEFAULT CHARSET=utf8mb4 COLLATE=utf8mb4_unicode_ci;
/*!40101 SET character_set_client = @saved_cs_client */;

--
-- Dumping data for table `ec_product_attributes`
--

LOCK TABLES `ec_product_attributes` WRITE;
/*!40000 ALTER TABLE `ec_product_attributes` DISABLE KEYS */;
INSERT INTO `ec_product_attributes` VALUES (1,1,'Green','green','#5FB7D4',NULL,1,1,'2025-01-21 09:39:10','2025-01-21 09:39:10'),(2,1,'Blue','blue','#333333',NULL,0,2,'2025-01-21 09:39:10','2025-01-21 09:39:10'),(3,1,'Red','red','#DA323F',NULL,0,3,'2025-01-21 09:39:10','2025-01-21 09:39:10'),(4,1,'Black','black','#2F366C',NULL,0,4,'2025-01-21 09:39:10','2025-01-21 09:39:10'),(5,1,'Brown','brown','#87554B',NULL,0,5,'2025-01-21 09:39:10','2025-01-21 09:39:10'),(6,2,'S','s',NULL,NULL,1,1,'2025-01-21 09:39:10','2025-01-21 09:39:10'),(7,2,'M','m',NULL,NULL,0,2,'2025-01-21 09:39:10','2025-01-21 09:39:10'),(8,2,'L','l',NULL,NULL,0,3,'2025-01-21 09:39:10','2025-01-21 09:39:10'),(9,2,'XL','xl',NULL,NULL,0,4,'2025-01-21 09:39:10','2025-01-21 09:39:10'),(10,2,'XXL','xxl',NULL,NULL,0,5,'2025-01-21 09:39:10','2025-01-21 09:39:10');
/*!40000 ALTER TABLE `ec_product_attributes` ENABLE KEYS */;
UNLOCK TABLES;

--
-- Table structure for table `ec_product_attributes_translations`
--

DROP TABLE IF EXISTS `ec_product_attributes_translations`;
/*!40101 SET @saved_cs_client     = @@character_set_client */;
/*!40101 SET character_set_client = utf8 */;
CREATE TABLE `ec_product_attributes_translations` (
  `lang_code` varchar(191) COLLATE utf8mb4_unicode_ci NOT NULL,
  `ec_product_attributes_id` bigint unsigned NOT NULL,
  `title` varchar(191) COLLATE utf8mb4_unicode_ci DEFAULT NULL,
  PRIMARY KEY (`lang_code`,`ec_product_attributes_id`)
) ENGINE=InnoDB DEFAULT CHARSET=utf8mb4 COLLATE=utf8mb4_unicode_ci;
/*!40101 SET character_set_client = @saved_cs_client */;

--
-- Dumping data for table `ec_product_attributes_translations`
--

LOCK TABLES `ec_product_attributes_translations` WRITE;
/*!40000 ALTER TABLE `ec_product_attributes_translations` DISABLE KEYS */;
/*!40000 ALTER TABLE `ec_product_attributes_translations` ENABLE KEYS */;
UNLOCK TABLES;

--
-- Table structure for table `ec_product_categories`
--

DROP TABLE IF EXISTS `ec_product_categories`;
/*!40101 SET @saved_cs_client     = @@character_set_client */;
/*!40101 SET character_set_client = utf8 */;
CREATE TABLE `ec_product_categories` (
  `id` bigint unsigned NOT NULL AUTO_INCREMENT,
  `name` varchar(191) COLLATE utf8mb4_unicode_ci NOT NULL,
  `parent_id` bigint unsigned NOT NULL DEFAULT '0',
  `description` mediumtext COLLATE utf8mb4_unicode_ci,
  `status` varchar(60) COLLATE utf8mb4_unicode_ci NOT NULL DEFAULT 'published',
  `order` int unsigned NOT NULL DEFAULT '0',
  `image` varchar(191) COLLATE utf8mb4_unicode_ci DEFAULT NULL,
  `is_featured` tinyint unsigned NOT NULL DEFAULT '0',
  `created_at` timestamp NULL DEFAULT NULL,
  `updated_at` timestamp NULL DEFAULT NULL,
  `icon` varchar(191) COLLATE utf8mb4_unicode_ci DEFAULT NULL,
  `icon_image` varchar(191) COLLATE utf8mb4_unicode_ci DEFAULT NULL,
  PRIMARY KEY (`id`),
  KEY `ec_product_categories_parent_id_status_created_at_index` (`parent_id`,`status`,`created_at`),
  KEY `ec_product_categories_parent_id_status_index` (`parent_id`,`status`)
) ENGINE=InnoDB AUTO_INCREMENT=18 DEFAULT CHARSET=utf8mb4 COLLATE=utf8mb4_unicode_ci;
/*!40101 SET character_set_client = @saved_cs_client */;

--
-- Dumping data for table `ec_product_categories`
--

LOCK TABLES `ec_product_categories` WRITE;
/*!40000 ALTER TABLE `ec_product_categories` DISABLE KEYS */;
INSERT INTO `ec_product_categories` VALUES (1,'Pro Glasses',0,NULL,'published',0,'banners/banner-2-01.jpg',1,'2025-01-21 09:39:10','2025-01-21 09:39:10',NULL,NULL),(2,'Casual Shoes',0,NULL,'published',0,'banners/banner-2-02.jpg',1,'2025-01-21 09:39:10','2025-01-21 09:39:10',NULL,NULL),(3,'Winter Jacket',2,NULL,'published',0,'banners/banner-2-03.jpg',1,'2025-01-21 09:39:10','2025-01-21 09:39:10',NULL,NULL),(4,'New Added',2,NULL,'published',0,'banners/banner-2-04.jpg',1,'2025-01-21 09:39:10','2025-01-21 09:39:10',NULL,NULL),(5,'Wooden',2,NULL,'published',0,NULL,1,'2025-01-21 09:39:10','2025-01-21 09:39:10',NULL,NULL),(6,'Furniture',2,NULL,'published',0,NULL,1,'2025-01-21 09:39:10','2025-01-21 09:39:10',NULL,NULL),(7,'Clock',2,NULL,'published',0,NULL,1,'2025-01-21 09:39:10','2025-01-21 09:39:10',NULL,NULL),(8,'Gifts',2,NULL,'published',0,NULL,1,'2025-01-21 09:39:10','2025-01-21 09:39:10',NULL,NULL),(9,'Crafts',2,NULL,'published',0,NULL,1,'2025-01-21 09:39:10','2025-01-21 09:39:10',NULL,NULL),(10,'Gift Sets',0,NULL,'published',0,'features/feature-icon-01.png',1,'2025-01-21 09:39:10','2025-01-21 09:39:10',NULL,NULL),(11,'Plastic Gifts',0,NULL,'published',0,'features/feature-icon-02.png',1,'2025-01-21 09:39:10','2025-01-21 09:39:10',NULL,NULL),(12,'Handy Cream',0,NULL,'published',0,'features/feature-icon-03.png',1,'2025-01-21 09:39:10','2025-01-21 09:39:10',NULL,NULL),(13,'Cosmetics',0,NULL,'published',0,'features/feature-icon-04.png',1,'2025-01-21 09:39:10','2025-01-21 09:39:10',NULL,NULL),(14,'Silk Accessories',0,NULL,'published',0,'features/feature-icon-05.png',1,'2025-01-21 09:39:10','2025-01-21 09:39:10',NULL,NULL),(15,'Finest Skincare Lotions',0,NULL,'published',0,'features/feature-icon-06.png',1,'2025-01-21 09:39:10','2025-01-21 09:39:10',NULL,NULL),(16,'Bags & Purses',0,NULL,'published',0,NULL,1,'2025-01-21 09:39:10','2025-01-21 09:39:10',NULL,NULL),(17,'Sunglasses',0,NULL,'published',0,NULL,1,'2025-01-21 09:39:10','2025-01-21 09:39:10',NULL,NULL);
/*!40000 ALTER TABLE `ec_product_categories` ENABLE KEYS */;
UNLOCK TABLES;

--
-- Table structure for table `ec_product_categories_translations`
--

DROP TABLE IF EXISTS `ec_product_categories_translations`;
/*!40101 SET @saved_cs_client     = @@character_set_client */;
/*!40101 SET character_set_client = utf8 */;
CREATE TABLE `ec_product_categories_translations` (
  `lang_code` varchar(191) COLLATE utf8mb4_unicode_ci NOT NULL,
  `ec_product_categories_id` bigint unsigned NOT NULL,
  `name` varchar(191) COLLATE utf8mb4_unicode_ci DEFAULT NULL,
  `description` mediumtext COLLATE utf8mb4_unicode_ci,
  PRIMARY KEY (`lang_code`,`ec_product_categories_id`)
) ENGINE=InnoDB DEFAULT CHARSET=utf8mb4 COLLATE=utf8mb4_unicode_ci;
/*!40101 SET character_set_client = @saved_cs_client */;

--
-- Dumping data for table `ec_product_categories_translations`
--

LOCK TABLES `ec_product_categories_translations` WRITE;
/*!40000 ALTER TABLE `ec_product_categories_translations` DISABLE KEYS */;
/*!40000 ALTER TABLE `ec_product_categories_translations` ENABLE KEYS */;
UNLOCK TABLES;

--
-- Table structure for table `ec_product_categorizables`
--

DROP TABLE IF EXISTS `ec_product_categorizables`;
/*!40101 SET @saved_cs_client     = @@character_set_client */;
/*!40101 SET character_set_client = utf8 */;
CREATE TABLE `ec_product_categorizables` (
  `category_id` bigint unsigned NOT NULL,
  `reference_id` bigint unsigned NOT NULL,
  `reference_type` varchar(120) COLLATE utf8mb4_unicode_ci NOT NULL,
  PRIMARY KEY (`category_id`,`reference_id`,`reference_type`),
  KEY `ec_product_categorizables_category_id_index` (`category_id`),
  KEY `ec_product_categorizables_reference_id_index` (`reference_id`),
  KEY `ec_product_categorizables_reference_type_index` (`reference_type`)
) ENGINE=InnoDB DEFAULT CHARSET=utf8mb4 COLLATE=utf8mb4_unicode_ci;
/*!40101 SET character_set_client = @saved_cs_client */;

--
-- Dumping data for table `ec_product_categorizables`
--

LOCK TABLES `ec_product_categorizables` WRITE;
/*!40000 ALTER TABLE `ec_product_categorizables` DISABLE KEYS */;
/*!40000 ALTER TABLE `ec_product_categorizables` ENABLE KEYS */;
UNLOCK TABLES;

--
-- Table structure for table `ec_product_category_product`
--

DROP TABLE IF EXISTS `ec_product_category_product`;
/*!40101 SET @saved_cs_client     = @@character_set_client */;
/*!40101 SET character_set_client = utf8 */;
CREATE TABLE `ec_product_category_product` (
  `category_id` bigint unsigned NOT NULL,
  `product_id` bigint unsigned NOT NULL,
  PRIMARY KEY (`product_id`,`category_id`),
  KEY `ec_product_category_product_category_id_index` (`category_id`),
  KEY `ec_product_category_product_product_id_index` (`product_id`)
) ENGINE=InnoDB DEFAULT CHARSET=utf8mb4 COLLATE=utf8mb4_unicode_ci;
/*!40101 SET character_set_client = @saved_cs_client */;

--
-- Dumping data for table `ec_product_category_product`
--

LOCK TABLES `ec_product_category_product` WRITE;
/*!40000 ALTER TABLE `ec_product_category_product` DISABLE KEYS */;
INSERT INTO `ec_product_category_product` VALUES (1,19),(1,27),(1,28),(1,34),(1,35),(1,46),(1,57),(2,7),(2,16),(2,18),(2,21),(2,22),(2,40),(2,54),(2,55),(2,63),(2,69),(3,9),(3,11),(3,24),(3,33),(3,42),(3,45),(3,53),(3,56),(4,5),(4,32),(4,43),(4,65),(4,68),(5,30),(5,67),(6,2),(6,17),(6,23),(6,49),(6,61),(6,74),(7,1),(7,10),(7,13),(7,20),(7,25),(7,37),(7,38),(7,48),(7,59),(7,62),(7,71),(7,73),(8,4),(8,12),(8,39),(8,44),(8,70),(9,15),(9,50),(9,72),(10,26),(10,36),(11,8),(11,14),(11,29),(11,41),(11,51),(11,64),(11,66),(12,3),(12,31),(12,60),(13,52),(13,58),(14,6),(14,47),(14,75);
/*!40000 ALTER TABLE `ec_product_category_product` ENABLE KEYS */;
UNLOCK TABLES;

--
-- Table structure for table `ec_product_collection_products`
--

DROP TABLE IF EXISTS `ec_product_collection_products`;
/*!40101 SET @saved_cs_client     = @@character_set_client */;
/*!40101 SET character_set_client = utf8 */;
CREATE TABLE `ec_product_collection_products` (
  `product_collection_id` bigint unsigned NOT NULL,
  `product_id` bigint unsigned NOT NULL,
  PRIMARY KEY (`product_id`,`product_collection_id`),
  KEY `ec_product_collection_products_product_collection_id_index` (`product_collection_id`),
  KEY `ec_product_collection_products_product_id_index` (`product_id`)
) ENGINE=InnoDB DEFAULT CHARSET=utf8mb4 COLLATE=utf8mb4_unicode_ci;
/*!40101 SET character_set_client = @saved_cs_client */;

--
-- Dumping data for table `ec_product_collection_products`
--

LOCK TABLES `ec_product_collection_products` WRITE;
/*!40000 ALTER TABLE `ec_product_collection_products` DISABLE KEYS */;
INSERT INTO `ec_product_collection_products` VALUES (1,1),(1,2),(1,3),(1,10),(1,11),(1,12),(1,16),(1,19),(1,20),(1,22),(1,23),(1,24),(1,28),(1,35),(1,38),(1,54),(1,55),(1,58),(1,60),(1,61),(1,64),(1,65),(1,71),(1,72),(2,4),(2,5),(2,7),(2,8),(2,9),(2,17),(2,25),(2,26),(2,29),(2,31),(2,32),(2,34),(2,37),(2,39),(2,40),(2,42),(2,44),(2,48),(2,52),(2,53),(2,56),(2,62),(2,69),(2,73),(2,74),(2,75),(3,6),(3,13),(3,14),(3,15),(3,18),(3,21),(3,27),(3,30),(3,33),(3,36),(3,41),(3,43),(3,45),(3,46),(3,47),(3,49),(3,50),(3,51),(3,57),(3,59),(3,63),(3,66),(3,67),(3,68),(3,70);
/*!40000 ALTER TABLE `ec_product_collection_products` ENABLE KEYS */;
UNLOCK TABLES;

--
-- Table structure for table `ec_product_collections`
--

DROP TABLE IF EXISTS `ec_product_collections`;
/*!40101 SET @saved_cs_client     = @@character_set_client */;
/*!40101 SET character_set_client = utf8 */;
CREATE TABLE `ec_product_collections` (
  `id` bigint unsigned NOT NULL AUTO_INCREMENT,
  `name` varchar(191) COLLATE utf8mb4_unicode_ci NOT NULL,
  `slug` varchar(191) COLLATE utf8mb4_unicode_ci NOT NULL,
  `description` varchar(400) COLLATE utf8mb4_unicode_ci DEFAULT NULL,
  `image` varchar(191) COLLATE utf8mb4_unicode_ci DEFAULT NULL,
  `status` varchar(60) COLLATE utf8mb4_unicode_ci NOT NULL DEFAULT 'published',
  `created_at` timestamp NULL DEFAULT NULL,
  `updated_at` timestamp NULL DEFAULT NULL,
  `is_featured` tinyint unsigned NOT NULL DEFAULT '0',
  PRIMARY KEY (`id`)
) ENGINE=InnoDB AUTO_INCREMENT=8 DEFAULT CHARSET=utf8mb4 COLLATE=utf8mb4_unicode_ci;
/*!40101 SET character_set_client = @saved_cs_client */;

--
-- Dumping data for table `ec_product_collections`
--

LOCK TABLES `ec_product_collections` WRITE;
/*!40000 ALTER TABLE `ec_product_collections` DISABLE KEYS */;
INSERT INTO `ec_product_collections` VALUES (1,'New Arrival','new-arrival',NULL,NULL,'published','2025-01-21 09:39:10','2025-01-21 09:39:10',0),(2,'Best Sellers','best-sellers',NULL,NULL,'published','2025-01-21 09:39:10','2025-01-21 09:39:10',0),(3,'Special Offer','special-offer',NULL,NULL,'published','2025-01-21 09:39:10','2025-01-21 09:39:10',0),(4,'Reactive Providence Hair Color','reactive-providence-hair-color',NULL,'banners/thumb-01.jpg','published','2025-01-21 09:39:10','2025-01-21 09:39:10',0),(5,'New Modern &amp; Stylist Makeup','new-modern-stylist-makeup',NULL,'banners/thumb-02.jpg','published','2025-01-21 09:39:10','2025-01-21 09:39:10',0),(6,'Intensive Glow C+ Serum','intensive-glow-c-serum',NULL,'banners/thumb-03.jpg','published','2025-01-21 09:39:10','2025-01-21 09:39:10',0),(7,'Vogue','vogue',NULL,'banners/thumb-04.jpg','published','2025-01-21 09:39:10','2025-01-21 09:39:10',0);
/*!40000 ALTER TABLE `ec_product_collections` ENABLE KEYS */;
UNLOCK TABLES;

--
-- Table structure for table `ec_product_collections_translations`
--

DROP TABLE IF EXISTS `ec_product_collections_translations`;
/*!40101 SET @saved_cs_client     = @@character_set_client */;
/*!40101 SET character_set_client = utf8 */;
CREATE TABLE `ec_product_collections_translations` (
  `lang_code` varchar(191) COLLATE utf8mb4_unicode_ci NOT NULL,
  `ec_product_collections_id` bigint unsigned NOT NULL,
  `name` varchar(191) COLLATE utf8mb4_unicode_ci DEFAULT NULL,
  `description` varchar(400) COLLATE utf8mb4_unicode_ci DEFAULT NULL,
  PRIMARY KEY (`lang_code`,`ec_product_collections_id`)
) ENGINE=InnoDB DEFAULT CHARSET=utf8mb4 COLLATE=utf8mb4_unicode_ci;
/*!40101 SET character_set_client = @saved_cs_client */;

--
-- Dumping data for table `ec_product_collections_translations`
--

LOCK TABLES `ec_product_collections_translations` WRITE;
/*!40000 ALTER TABLE `ec_product_collections_translations` DISABLE KEYS */;
/*!40000 ALTER TABLE `ec_product_collections_translations` ENABLE KEYS */;
UNLOCK TABLES;

--
-- Table structure for table `ec_product_cross_sale_relations`
--

DROP TABLE IF EXISTS `ec_product_cross_sale_relations`;
/*!40101 SET @saved_cs_client     = @@character_set_client */;
/*!40101 SET character_set_client = utf8 */;
CREATE TABLE `ec_product_cross_sale_relations` (
  `from_product_id` bigint unsigned NOT NULL,
  `to_product_id` bigint unsigned NOT NULL,
  `is_variant` tinyint(1) NOT NULL DEFAULT '0',
  `price` decimal(15,2) DEFAULT '0.00',
  `price_type` varchar(191) COLLATE utf8mb4_unicode_ci NOT NULL DEFAULT 'fixed',
  `apply_to_all_variations` tinyint(1) NOT NULL DEFAULT '1',
  PRIMARY KEY (`from_product_id`,`to_product_id`),
  KEY `ec_product_cross_sale_relations_from_product_id_index` (`from_product_id`),
  KEY `ec_product_cross_sale_relations_to_product_id_index` (`to_product_id`)
) ENGINE=InnoDB DEFAULT CHARSET=utf8mb4 COLLATE=utf8mb4_unicode_ci;
/*!40101 SET character_set_client = @saved_cs_client */;

--
-- Dumping data for table `ec_product_cross_sale_relations`
--

LOCK TABLES `ec_product_cross_sale_relations` WRITE;
/*!40000 ALTER TABLE `ec_product_cross_sale_relations` DISABLE KEYS */;
INSERT INTO `ec_product_cross_sale_relations` VALUES (1,7,0,0.00,'fixed',1),(1,20,0,0.00,'fixed',1),(1,23,0,0.00,'fixed',1),(1,27,0,0.00,'fixed',1),(2,24,0,0.00,'fixed',1),(2,39,0,0.00,'fixed',1),(2,53,0,0.00,'fixed',1),(2,75,0,0.00,'fixed',1),(3,20,0,0.00,'fixed',1),(3,35,0,0.00,'fixed',1),(3,67,0,0.00,'fixed',1),(3,69,0,0.00,'fixed',1),(4,16,0,0.00,'fixed',1),(4,22,0,0.00,'fixed',1),(4,28,0,0.00,'fixed',1),(4,64,0,0.00,'fixed',1),(5,3,0,0.00,'fixed',1),(5,17,0,0.00,'fixed',1),(5,31,0,0.00,'fixed',1),(5,50,0,0.00,'fixed',1),(6,17,0,0.00,'fixed',1),(6,36,0,0.00,'fixed',1),(6,49,0,0.00,'fixed',1),(6,54,0,0.00,'fixed',1),(7,16,0,0.00,'fixed',1),(7,58,0,0.00,'fixed',1),(7,65,0,0.00,'fixed',1),(7,75,0,0.00,'fixed',1),(8,22,0,0.00,'fixed',1),(8,23,0,0.00,'fixed',1),(8,31,0,0.00,'fixed',1),(8,70,0,0.00,'fixed',1),(9,12,0,0.00,'fixed',1),(9,29,0,0.00,'fixed',1),(9,72,0,0.00,'fixed',1),(9,75,0,0.00,'fixed',1),(10,1,0,0.00,'fixed',1),(10,49,0,0.00,'fixed',1),(10,60,0,0.00,'fixed',1),(10,63,0,0.00,'fixed',1),(11,3,0,0.00,'fixed',1),(11,47,0,0.00,'fixed',1),(11,49,0,0.00,'fixed',1),(11,52,0,0.00,'fixed',1),(12,7,0,0.00,'fixed',1),(12,10,0,0.00,'fixed',1),(12,11,0,0.00,'fixed',1),(12,43,0,0.00,'fixed',1),(13,23,0,0.00,'fixed',1),(13,29,0,0.00,'fixed',1),(13,67,0,0.00,'fixed',1),(14,17,0,0.00,'fixed',1),(14,56,0,0.00,'fixed',1),(14,65,0,0.00,'fixed',1),(15,11,0,0.00,'fixed',1),(15,34,0,0.00,'fixed',1),(15,45,0,0.00,'fixed',1),(15,63,0,0.00,'fixed',1),(16,35,0,0.00,'fixed',1),(16,45,0,0.00,'fixed',1),(16,55,0,0.00,'fixed',1),(16,69,0,0.00,'fixed',1),(17,10,0,0.00,'fixed',1),(17,40,0,0.00,'fixed',1),(17,48,0,0.00,'fixed',1),(17,68,0,0.00,'fixed',1),(18,13,0,0.00,'fixed',1),(18,32,0,0.00,'fixed',1),(18,43,0,0.00,'fixed',1),(18,59,0,0.00,'fixed',1),(19,31,0,0.00,'fixed',1),(19,49,0,0.00,'fixed',1),(19,59,0,0.00,'fixed',1),(19,61,0,0.00,'fixed',1),(20,61,0,0.00,'fixed',1),(20,68,0,0.00,'fixed',1),(20,72,0,0.00,'fixed',1),(20,73,0,0.00,'fixed',1),(21,23,0,0.00,'fixed',1),(21,27,0,0.00,'fixed',1),(21,35,0,0.00,'fixed',1),(21,64,0,0.00,'fixed',1),(22,10,0,0.00,'fixed',1),(22,16,0,0.00,'fixed',1),(22,21,0,0.00,'fixed',1),(22,26,0,0.00,'fixed',1),(23,14,0,0.00,'fixed',1),(23,48,0,0.00,'fixed',1),(23,54,0,0.00,'fixed',1),(24,19,0,0.00,'fixed',1),(24,23,0,0.00,'fixed',1),(24,42,0,0.00,'fixed',1),(24,48,0,0.00,'fixed',1),(25,23,0,0.00,'fixed',1),(25,44,0,0.00,'fixed',1),(25,56,0,0.00,'fixed',1),(25,61,0,0.00,'fixed',1),(26,7,0,0.00,'fixed',1),(26,32,0,0.00,'fixed',1),(26,58,0,0.00,'fixed',1),(26,70,0,0.00,'fixed',1),(27,14,0,0.00,'fixed',1),(27,21,0,0.00,'fixed',1),(27,38,0,0.00,'fixed',1),(27,65,0,0.00,'fixed',1),(28,9,0,0.00,'fixed',1),(28,15,0,0.00,'fixed',1),(28,22,0,0.00,'fixed',1),(28,56,0,0.00,'fixed',1),(29,6,0,0.00,'fixed',1),(29,32,0,0.00,'fixed',1),(29,60,0,0.00,'fixed',1),(29,61,0,0.00,'fixed',1),(30,10,0,0.00,'fixed',1),(30,45,0,0.00,'fixed',1),(30,51,0,0.00,'fixed',1),(30,66,0,0.00,'fixed',1),(31,14,0,0.00,'fixed',1),(31,26,0,0.00,'fixed',1),(31,30,0,0.00,'fixed',1),(31,69,0,0.00,'fixed',1),(32,6,0,0.00,'fixed',1),(32,54,0,0.00,'fixed',1),(32,63,0,0.00,'fixed',1),(32,74,0,0.00,'fixed',1),(33,12,0,0.00,'fixed',1),(33,63,0,0.00,'fixed',1),(33,69,0,0.00,'fixed',1),(33,71,0,0.00,'fixed',1),(34,32,0,0.00,'fixed',1),(34,37,0,0.00,'fixed',1),(34,45,0,0.00,'fixed',1),(34,62,0,0.00,'fixed',1),(35,11,0,0.00,'fixed',1),(35,18,0,0.00,'fixed',1),(35,44,0,0.00,'fixed',1),(35,46,0,0.00,'fixed',1),(36,30,0,0.00,'fixed',1),(36,43,0,0.00,'fixed',1),(36,60,0,0.00,'fixed',1),(36,64,0,0.00,'fixed',1),(37,1,0,0.00,'fixed',1),(37,5,0,0.00,'fixed',1),(38,53,0,0.00,'fixed',1),(38,65,0,0.00,'fixed',1),(38,66,0,0.00,'fixed',1),(38,69,0,0.00,'fixed',1),(39,9,0,0.00,'fixed',1),(39,47,0,0.00,'fixed',1),(39,53,0,0.00,'fixed',1),(40,9,0,0.00,'fixed',1),(40,19,0,0.00,'fixed',1),(40,55,0,0.00,'fixed',1),(40,63,0,0.00,'fixed',1),(41,6,0,0.00,'fixed',1),(41,12,0,0.00,'fixed',1),(41,25,0,0.00,'fixed',1),(41,36,0,0.00,'fixed',1),(42,36,0,0.00,'fixed',1),(42,57,0,0.00,'fixed',1),(42,62,0,0.00,'fixed',1),(42,72,0,0.00,'fixed',1),(43,19,0,0.00,'fixed',1),(43,30,0,0.00,'fixed',1),(43,49,0,0.00,'fixed',1),(43,54,0,0.00,'fixed',1),(44,5,0,0.00,'fixed',1),(44,15,0,0.00,'fixed',1),(44,19,0,0.00,'fixed',1),(44,22,0,0.00,'fixed',1),(45,27,0,0.00,'fixed',1),(45,34,0,0.00,'fixed',1),(45,44,0,0.00,'fixed',1),(45,75,0,0.00,'fixed',1),(46,2,0,0.00,'fixed',1),(46,13,0,0.00,'fixed',1),(46,27,0,0.00,'fixed',1),(46,31,0,0.00,'fixed',1),(47,17,0,0.00,'fixed',1),(47,20,0,0.00,'fixed',1),(47,30,0,0.00,'fixed',1),(47,41,0,0.00,'fixed',1),(48,22,0,0.00,'fixed',1),(48,42,0,0.00,'fixed',1),(48,46,0,0.00,'fixed',1),(48,65,0,0.00,'fixed',1),(49,27,0,0.00,'fixed',1),(49,29,0,0.00,'fixed',1),(49,58,0,0.00,'fixed',1),(49,70,0,0.00,'fixed',1),(50,9,0,0.00,'fixed',1),(50,10,0,0.00,'fixed',1),(50,14,0,0.00,'fixed',1),(50,57,0,0.00,'fixed',1),(51,10,0,0.00,'fixed',1),(51,46,0,0.00,'fixed',1),(51,64,0,0.00,'fixed',1),(52,20,0,0.00,'fixed',1),(52,37,0,0.00,'fixed',1),(52,38,0,0.00,'fixed',1),(52,64,0,0.00,'fixed',1),(53,10,0,0.00,'fixed',1),(53,34,0,0.00,'fixed',1),(53,35,0,0.00,'fixed',1),(53,37,0,0.00,'fixed',1),(54,22,0,0.00,'fixed',1),(54,44,0,0.00,'fixed',1),(54,52,0,0.00,'fixed',1),(54,74,0,0.00,'fixed',1),(55,11,0,0.00,'fixed',1),(55,45,0,0.00,'fixed',1),(55,59,0,0.00,'fixed',1),(55,71,0,0.00,'fixed',1),(56,22,0,0.00,'fixed',1),(56,25,0,0.00,'fixed',1),(56,28,0,0.00,'fixed',1),(56,51,0,0.00,'fixed',1),(57,2,0,0.00,'fixed',1),(57,18,0,0.00,'fixed',1),(57,40,0,0.00,'fixed',1),(57,66,0,0.00,'fixed',1),(58,33,0,0.00,'fixed',1),(58,42,0,0.00,'fixed',1),(58,64,0,0.00,'fixed',1),(59,48,0,0.00,'fixed',1),(59,50,0,0.00,'fixed',1),(59,55,0,0.00,'fixed',1),(59,62,0,0.00,'fixed',1),(60,16,0,0.00,'fixed',1),(60,27,0,0.00,'fixed',1),(60,49,0,0.00,'fixed',1),(60,51,0,0.00,'fixed',1),(61,21,0,0.00,'fixed',1),(61,37,0,0.00,'fixed',1),(61,55,0,0.00,'fixed',1),(61,64,0,0.00,'fixed',1),(62,18,0,0.00,'fixed',1),(62,33,0,0.00,'fixed',1),(62,72,0,0.00,'fixed',1),(63,48,0,0.00,'fixed',1),(63,67,0,0.00,'fixed',1),(63,72,0,0.00,'fixed',1),(63,74,0,0.00,'fixed',1),(64,35,0,0.00,'fixed',1),(64,47,0,0.00,'fixed',1),(64,52,0,0.00,'fixed',1),(64,65,0,0.00,'fixed',1),(65,40,0,0.00,'fixed',1),(65,48,0,0.00,'fixed',1),(65,57,0,0.00,'fixed',1),(65,63,0,0.00,'fixed',1),(66,23,0,0.00,'fixed',1),(66,33,0,0.00,'fixed',1),(66,47,0,0.00,'fixed',1),(66,50,0,0.00,'fixed',1),(67,10,0,0.00,'fixed',1),(67,18,0,0.00,'fixed',1),(67,55,0,0.00,'fixed',1),(67,66,0,0.00,'fixed',1),(68,21,0,0.00,'fixed',1),(68,36,0,0.00,'fixed',1),(68,56,0,0.00,'fixed',1),(68,69,0,0.00,'fixed',1),(69,5,0,0.00,'fixed',1),(69,52,0,0.00,'fixed',1),(69,54,0,0.00,'fixed',1),(69,60,0,0.00,'fixed',1),(70,12,0,0.00,'fixed',1),(70,14,0,0.00,'fixed',1),(70,21,0,0.00,'fixed',1),(70,56,0,0.00,'fixed',1),(71,2,0,0.00,'fixed',1),(71,10,0,0.00,'fixed',1),(71,28,0,0.00,'fixed',1),(71,43,0,0.00,'fixed',1),(72,45,0,0.00,'fixed',1),(72,46,0,0.00,'fixed',1),(72,70,0,0.00,'fixed',1),(72,73,0,0.00,'fixed',1),(73,36,0,0.00,'fixed',1),(73,40,0,0.00,'fixed',1),(73,51,0,0.00,'fixed',1),(73,62,0,0.00,'fixed',1),(74,8,0,0.00,'fixed',1),(74,18,0,0.00,'fixed',1),(74,30,0,0.00,'fixed',1),(74,70,0,0.00,'fixed',1),(75,14,0,0.00,'fixed',1),(75,46,0,0.00,'fixed',1),(75,50,0,0.00,'fixed',1),(75,60,0,0.00,'fixed',1);
/*!40000 ALTER TABLE `ec_product_cross_sale_relations` ENABLE KEYS */;
UNLOCK TABLES;

--
-- Table structure for table `ec_product_files`
--

DROP TABLE IF EXISTS `ec_product_files`;
/*!40101 SET @saved_cs_client     = @@character_set_client */;
/*!40101 SET character_set_client = utf8 */;
CREATE TABLE `ec_product_files` (
  `id` bigint unsigned NOT NULL AUTO_INCREMENT,
  `product_id` bigint unsigned DEFAULT NULL,
  `url` varchar(400) COLLATE utf8mb4_unicode_ci DEFAULT NULL,
  `extras` mediumtext COLLATE utf8mb4_unicode_ci,
  `created_at` timestamp NULL DEFAULT NULL,
  `updated_at` timestamp NULL DEFAULT NULL,
  PRIMARY KEY (`id`),
  KEY `ec_product_files_product_id_index` (`product_id`)
) ENGINE=InnoDB AUTO_INCREMENT=369 DEFAULT CHARSET=utf8mb4 COLLATE=utf8mb4_unicode_ci;
/*!40101 SET character_set_client = @saved_cs_client */;

--
-- Dumping data for table `ec_product_files`
--

LOCK TABLES `ec_product_files` WRITE;
/*!40000 ALTER TABLE `ec_product_files` DISABLE KEYS */;
INSERT INTO `ec_product_files` VALUES (1,76,'ecommerce/digital-product-files/product-38.jpg','{\"filename\":\"product-38.jpg\",\"url\":\"ecommerce\\/digital-product-files\\/product-38.jpg\",\"mime_type\":\"image\\/jpeg\",\"size\":9730,\"modified\":\"2025-01-21 16:39:22\",\"name\":\"product-38\",\"extension\":\"jpg\"}','2025-01-21 09:39:22','2025-01-21 09:39:22'),(2,76,'ecommerce/digital-product-files/product-25.jpg','{\"filename\":\"product-25.jpg\",\"url\":\"ecommerce\\/digital-product-files\\/product-25.jpg\",\"mime_type\":\"image\\/jpeg\",\"size\":9730,\"modified\":\"2025-01-21 16:39:22\",\"name\":\"product-25\",\"extension\":\"jpg\"}','2025-01-21 09:39:22','2025-01-21 09:39:22'),(3,76,'ecommerce/digital-product-files/product-59.jpg','{\"filename\":\"product-59.jpg\",\"url\":\"ecommerce\\/digital-product-files\\/product-59.jpg\",\"mime_type\":\"image\\/jpeg\",\"size\":9730,\"modified\":\"2025-01-21 16:39:22\",\"name\":\"product-59\",\"extension\":\"jpg\"}','2025-01-21 09:39:22','2025-01-21 09:39:22'),(4,76,'ecommerce/digital-product-files/product-4.jpg','{\"filename\":\"product-4.jpg\",\"url\":\"ecommerce\\/digital-product-files\\/product-4.jpg\",\"mime_type\":\"image\\/jpeg\",\"size\":9730,\"modified\":\"2025-01-21 16:39:22\",\"name\":\"product-4\",\"extension\":\"jpg\"}','2025-01-21 09:39:22','2025-01-21 09:39:22'),(5,76,'ecommerce/digital-product-files/product-56.jpg','{\"filename\":\"product-56.jpg\",\"url\":\"ecommerce\\/digital-product-files\\/product-56.jpg\",\"mime_type\":\"image\\/jpeg\",\"size\":9730,\"modified\":\"2025-01-21 16:39:22\",\"name\":\"product-56\",\"extension\":\"jpg\"}','2025-01-21 09:39:22','2025-01-21 09:39:22'),(6,76,'ecommerce/digital-product-files/product-54.jpg','{\"filename\":\"product-54.jpg\",\"url\":\"ecommerce\\/digital-product-files\\/product-54.jpg\",\"mime_type\":\"image\\/jpeg\",\"size\":9730,\"modified\":\"2025-01-21 16:39:22\",\"name\":\"product-54\",\"extension\":\"jpg\"}','2025-01-21 09:39:22','2025-01-21 09:39:22'),(7,76,'ecommerce/digital-product-files/product-55.jpg','{\"filename\":\"product-55.jpg\",\"url\":\"ecommerce\\/digital-product-files\\/product-55.jpg\",\"mime_type\":\"image\\/jpeg\",\"size\":9730,\"modified\":\"2025-01-21 16:39:22\",\"name\":\"product-55\",\"extension\":\"jpg\"}','2025-01-21 09:39:22','2025-01-21 09:39:22'),(8,76,'ecommerce/digital-product-files/product-72.jpg','{\"filename\":\"product-72.jpg\",\"url\":\"ecommerce\\/digital-product-files\\/product-72.jpg\",\"mime_type\":\"image\\/jpeg\",\"size\":9730,\"modified\":\"2025-01-21 16:39:22\",\"name\":\"product-72\",\"extension\":\"jpg\"}','2025-01-21 09:39:22','2025-01-21 09:39:22'),(9,76,'ecommerce/digital-product-files/product-40.jpg','{\"filename\":\"product-40.jpg\",\"url\":\"ecommerce\\/digital-product-files\\/product-40.jpg\",\"mime_type\":\"image\\/jpeg\",\"size\":9730,\"modified\":\"2025-01-21 16:39:22\",\"name\":\"product-40\",\"extension\":\"jpg\"}','2025-01-21 09:39:22','2025-01-21 09:39:22'),(10,76,'ecommerce/digital-product-files/product-77.jpg','{\"filename\":\"product-77.jpg\",\"url\":\"ecommerce\\/digital-product-files\\/product-77.jpg\",\"mime_type\":\"image\\/jpeg\",\"size\":9730,\"modified\":\"2025-01-21 16:39:22\",\"name\":\"product-77\",\"extension\":\"jpg\"}','2025-01-21 09:39:22','2025-01-21 09:39:22'),(11,76,'ecommerce/digital-product-files/product-27.jpg','{\"filename\":\"product-27.jpg\",\"url\":\"ecommerce\\/digital-product-files\\/product-27.jpg\",\"mime_type\":\"image\\/jpeg\",\"size\":9730,\"modified\":\"2025-01-21 16:39:22\",\"name\":\"product-27\",\"extension\":\"jpg\"}','2025-01-21 09:39:22','2025-01-21 09:39:22'),(12,76,'ecommerce/digital-product-files/product-76.jpg','{\"filename\":\"product-76.jpg\",\"url\":\"ecommerce\\/digital-product-files\\/product-76.jpg\",\"mime_type\":\"image\\/jpeg\",\"size\":9730,\"modified\":\"2025-01-21 16:39:22\",\"name\":\"product-76\",\"extension\":\"jpg\"}','2025-01-21 09:39:22','2025-01-21 09:39:22'),(13,77,'ecommerce/digital-product-files/product-38.jpg','{\"filename\":\"product-38.jpg\",\"url\":\"ecommerce\\/digital-product-files\\/product-38.jpg\",\"mime_type\":\"image\\/jpeg\",\"size\":9730,\"modified\":\"2025-01-21 16:39:22\",\"name\":\"product-38\",\"extension\":\"jpg\"}','2025-01-21 09:39:22','2025-01-21 09:39:22'),(14,77,'ecommerce/digital-product-files/product-25.jpg','{\"filename\":\"product-25.jpg\",\"url\":\"ecommerce\\/digital-product-files\\/product-25.jpg\",\"mime_type\":\"image\\/jpeg\",\"size\":9730,\"modified\":\"2025-01-21 16:39:22\",\"name\":\"product-25\",\"extension\":\"jpg\"}','2025-01-21 09:39:22','2025-01-21 09:39:22'),(15,77,'ecommerce/digital-product-files/product-59.jpg','{\"filename\":\"product-59.jpg\",\"url\":\"ecommerce\\/digital-product-files\\/product-59.jpg\",\"mime_type\":\"image\\/jpeg\",\"size\":9730,\"modified\":\"2025-01-21 16:39:22\",\"name\":\"product-59\",\"extension\":\"jpg\"}','2025-01-21 09:39:22','2025-01-21 09:39:22'),(16,77,'ecommerce/digital-product-files/product-4.jpg','{\"filename\":\"product-4.jpg\",\"url\":\"ecommerce\\/digital-product-files\\/product-4.jpg\",\"mime_type\":\"image\\/jpeg\",\"size\":9730,\"modified\":\"2025-01-21 16:39:22\",\"name\":\"product-4\",\"extension\":\"jpg\"}','2025-01-21 09:39:22','2025-01-21 09:39:22'),(17,77,'ecommerce/digital-product-files/product-56.jpg','{\"filename\":\"product-56.jpg\",\"url\":\"ecommerce\\/digital-product-files\\/product-56.jpg\",\"mime_type\":\"image\\/jpeg\",\"size\":9730,\"modified\":\"2025-01-21 16:39:22\",\"name\":\"product-56\",\"extension\":\"jpg\"}','2025-01-21 09:39:22','2025-01-21 09:39:22'),(18,77,'ecommerce/digital-product-files/product-54.jpg','{\"filename\":\"product-54.jpg\",\"url\":\"ecommerce\\/digital-product-files\\/product-54.jpg\",\"mime_type\":\"image\\/jpeg\",\"size\":9730,\"modified\":\"2025-01-21 16:39:22\",\"name\":\"product-54\",\"extension\":\"jpg\"}','2025-01-21 09:39:22','2025-01-21 09:39:22'),(19,77,'ecommerce/digital-product-files/product-55.jpg','{\"filename\":\"product-55.jpg\",\"url\":\"ecommerce\\/digital-product-files\\/product-55.jpg\",\"mime_type\":\"image\\/jpeg\",\"size\":9730,\"modified\":\"2025-01-21 16:39:22\",\"name\":\"product-55\",\"extension\":\"jpg\"}','2025-01-21 09:39:22','2025-01-21 09:39:22'),(20,77,'ecommerce/digital-product-files/product-72.jpg','{\"filename\":\"product-72.jpg\",\"url\":\"ecommerce\\/digital-product-files\\/product-72.jpg\",\"mime_type\":\"image\\/jpeg\",\"size\":9730,\"modified\":\"2025-01-21 16:39:22\",\"name\":\"product-72\",\"extension\":\"jpg\"}','2025-01-21 09:39:22','2025-01-21 09:39:22'),(21,77,'ecommerce/digital-product-files/product-40.jpg','{\"filename\":\"product-40.jpg\",\"url\":\"ecommerce\\/digital-product-files\\/product-40.jpg\",\"mime_type\":\"image\\/jpeg\",\"size\":9730,\"modified\":\"2025-01-21 16:39:22\",\"name\":\"product-40\",\"extension\":\"jpg\"}','2025-01-21 09:39:22','2025-01-21 09:39:22'),(22,77,'ecommerce/digital-product-files/product-77.jpg','{\"filename\":\"product-77.jpg\",\"url\":\"ecommerce\\/digital-product-files\\/product-77.jpg\",\"mime_type\":\"image\\/jpeg\",\"size\":9730,\"modified\":\"2025-01-21 16:39:22\",\"name\":\"product-77\",\"extension\":\"jpg\"}','2025-01-21 09:39:22','2025-01-21 09:39:22'),(23,77,'ecommerce/digital-product-files/product-27.jpg','{\"filename\":\"product-27.jpg\",\"url\":\"ecommerce\\/digital-product-files\\/product-27.jpg\",\"mime_type\":\"image\\/jpeg\",\"size\":9730,\"modified\":\"2025-01-21 16:39:22\",\"name\":\"product-27\",\"extension\":\"jpg\"}','2025-01-21 09:39:22','2025-01-21 09:39:22'),(24,77,'ecommerce/digital-product-files/product-76.jpg','{\"filename\":\"product-76.jpg\",\"url\":\"ecommerce\\/digital-product-files\\/product-76.jpg\",\"mime_type\":\"image\\/jpeg\",\"size\":9730,\"modified\":\"2025-01-21 16:39:22\",\"name\":\"product-76\",\"extension\":\"jpg\"}','2025-01-21 09:39:22','2025-01-21 09:39:22'),(25,84,'ecommerce/digital-product-files/product-82.jpg','{\"filename\":\"product-82.jpg\",\"url\":\"ecommerce\\/digital-product-files\\/product-82.jpg\",\"mime_type\":\"image\\/jpeg\",\"size\":9730,\"modified\":\"2025-01-21 16:39:22\",\"name\":\"product-82\",\"extension\":\"jpg\"}','2025-01-21 09:39:22','2025-01-21 09:39:22'),(26,84,'ecommerce/digital-product-files/product-22.jpg','{\"filename\":\"product-22.jpg\",\"url\":\"ecommerce\\/digital-product-files\\/product-22.jpg\",\"mime_type\":\"image\\/jpeg\",\"size\":9730,\"modified\":\"2025-01-21 16:39:22\",\"name\":\"product-22\",\"extension\":\"jpg\"}','2025-01-21 09:39:22','2025-01-21 09:39:22'),(27,84,'ecommerce/digital-product-files/product-95.jpg','{\"filename\":\"product-95.jpg\",\"url\":\"ecommerce\\/digital-product-files\\/product-95.jpg\",\"mime_type\":\"image\\/jpeg\",\"size\":9730,\"modified\":\"2025-01-21 16:39:22\",\"name\":\"product-95\",\"extension\":\"jpg\"}','2025-01-21 09:39:22','2025-01-21 09:39:22'),(28,84,'ecommerce/digital-product-files/product-39.jpg','{\"filename\":\"product-39.jpg\",\"url\":\"ecommerce\\/digital-product-files\\/product-39.jpg\",\"mime_type\":\"image\\/jpeg\",\"size\":9730,\"modified\":\"2025-01-21 16:39:22\",\"name\":\"product-39\",\"extension\":\"jpg\"}','2025-01-21 09:39:22','2025-01-21 09:39:22'),(29,84,'ecommerce/digital-product-files/product-15.jpg','{\"filename\":\"product-15.jpg\",\"url\":\"ecommerce\\/digital-product-files\\/product-15.jpg\",\"mime_type\":\"image\\/jpeg\",\"size\":9730,\"modified\":\"2025-01-21 16:39:22\",\"name\":\"product-15\",\"extension\":\"jpg\"}','2025-01-21 09:39:22','2025-01-21 09:39:22'),(30,84,'ecommerce/digital-product-files/product-44.jpg','{\"filename\":\"product-44.jpg\",\"url\":\"ecommerce\\/digital-product-files\\/product-44.jpg\",\"mime_type\":\"image\\/jpeg\",\"size\":9730,\"modified\":\"2025-01-21 16:39:22\",\"name\":\"product-44\",\"extension\":\"jpg\"}','2025-01-21 09:39:22','2025-01-21 09:39:22'),(31,85,'ecommerce/digital-product-files/product-82.jpg','{\"filename\":\"product-82.jpg\",\"url\":\"ecommerce\\/digital-product-files\\/product-82.jpg\",\"mime_type\":\"image\\/jpeg\",\"size\":9730,\"modified\":\"2025-01-21 16:39:22\",\"name\":\"product-82\",\"extension\":\"jpg\"}','2025-01-21 09:39:22','2025-01-21 09:39:22'),(32,85,'ecommerce/digital-product-files/product-22.jpg','{\"filename\":\"product-22.jpg\",\"url\":\"ecommerce\\/digital-product-files\\/product-22.jpg\",\"mime_type\":\"image\\/jpeg\",\"size\":9730,\"modified\":\"2025-01-21 16:39:22\",\"name\":\"product-22\",\"extension\":\"jpg\"}','2025-01-21 09:39:22','2025-01-21 09:39:22'),(33,85,'ecommerce/digital-product-files/product-95.jpg','{\"filename\":\"product-95.jpg\",\"url\":\"ecommerce\\/digital-product-files\\/product-95.jpg\",\"mime_type\":\"image\\/jpeg\",\"size\":9730,\"modified\":\"2025-01-21 16:39:22\",\"name\":\"product-95\",\"extension\":\"jpg\"}','2025-01-21 09:39:22','2025-01-21 09:39:22'),(34,85,'ecommerce/digital-product-files/product-39.jpg','{\"filename\":\"product-39.jpg\",\"url\":\"ecommerce\\/digital-product-files\\/product-39.jpg\",\"mime_type\":\"image\\/jpeg\",\"size\":9730,\"modified\":\"2025-01-21 16:39:22\",\"name\":\"product-39\",\"extension\":\"jpg\"}','2025-01-21 09:39:22','2025-01-21 09:39:22'),(35,85,'ecommerce/digital-product-files/product-15.jpg','{\"filename\":\"product-15.jpg\",\"url\":\"ecommerce\\/digital-product-files\\/product-15.jpg\",\"mime_type\":\"image\\/jpeg\",\"size\":9730,\"modified\":\"2025-01-21 16:39:22\",\"name\":\"product-15\",\"extension\":\"jpg\"}','2025-01-21 09:39:22','2025-01-21 09:39:22'),(36,85,'ecommerce/digital-product-files/product-44.jpg','{\"filename\":\"product-44.jpg\",\"url\":\"ecommerce\\/digital-product-files\\/product-44.jpg\",\"mime_type\":\"image\\/jpeg\",\"size\":9730,\"modified\":\"2025-01-21 16:39:22\",\"name\":\"product-44\",\"extension\":\"jpg\"}','2025-01-21 09:39:22','2025-01-21 09:39:22'),(37,94,'ecommerce/digital-product-files/product-29.jpg','{\"filename\":\"product-29.jpg\",\"url\":\"ecommerce\\/digital-product-files\\/product-29.jpg\",\"mime_type\":\"image\\/jpeg\",\"size\":9730,\"modified\":\"2025-01-21 16:39:22\",\"name\":\"product-29\",\"extension\":\"jpg\"}','2025-01-21 09:39:22','2025-01-21 09:39:22'),(38,94,'ecommerce/digital-product-files/product-15.jpg','{\"filename\":\"product-15.jpg\",\"url\":\"ecommerce\\/digital-product-files\\/product-15.jpg\",\"mime_type\":\"image\\/jpeg\",\"size\":9730,\"modified\":\"2025-01-21 16:39:22\",\"name\":\"product-15\",\"extension\":\"jpg\"}','2025-01-21 09:39:22','2025-01-21 09:39:22'),(39,94,'ecommerce/digital-product-files/product-84.jpg','{\"filename\":\"product-84.jpg\",\"url\":\"ecommerce\\/digital-product-files\\/product-84.jpg\",\"mime_type\":\"image\\/jpeg\",\"size\":9730,\"modified\":\"2025-01-21 16:39:22\",\"name\":\"product-84\",\"extension\":\"jpg\"}','2025-01-21 09:39:22','2025-01-21 09:39:22'),(40,94,'ecommerce/digital-product-files/product-87.jpg','{\"filename\":\"product-87.jpg\",\"url\":\"ecommerce\\/digital-product-files\\/product-87.jpg\",\"mime_type\":\"image\\/jpeg\",\"size\":9730,\"modified\":\"2025-01-21 16:39:22\",\"name\":\"product-87\",\"extension\":\"jpg\"}','2025-01-21 09:39:22','2025-01-21 09:39:22'),(41,94,'ecommerce/digital-product-files/product-4.jpg','{\"filename\":\"product-4.jpg\",\"url\":\"ecommerce\\/digital-product-files\\/product-4.jpg\",\"mime_type\":\"image\\/jpeg\",\"size\":9730,\"modified\":\"2025-01-21 16:39:22\",\"name\":\"product-4\",\"extension\":\"jpg\"}','2025-01-21 09:39:22','2025-01-21 09:39:22'),(42,94,'ecommerce/digital-product-files/product-25.jpg','{\"filename\":\"product-25.jpg\",\"url\":\"ecommerce\\/digital-product-files\\/product-25.jpg\",\"mime_type\":\"image\\/jpeg\",\"size\":9730,\"modified\":\"2025-01-21 16:39:23\",\"name\":\"product-25\",\"extension\":\"jpg\"}','2025-01-21 09:39:23','2025-01-21 09:39:23'),(43,94,'ecommerce/digital-product-files/product-94.jpg','{\"filename\":\"product-94.jpg\",\"url\":\"ecommerce\\/digital-product-files\\/product-94.jpg\",\"mime_type\":\"image\\/jpeg\",\"size\":9730,\"modified\":\"2025-01-21 16:39:23\",\"name\":\"product-94\",\"extension\":\"jpg\"}','2025-01-21 09:39:23','2025-01-21 09:39:23'),(44,94,'ecommerce/digital-product-files/product-91.jpg','{\"filename\":\"product-91.jpg\",\"url\":\"ecommerce\\/digital-product-files\\/product-91.jpg\",\"mime_type\":\"image\\/jpeg\",\"size\":9730,\"modified\":\"2025-01-21 16:39:23\",\"name\":\"product-91\",\"extension\":\"jpg\"}','2025-01-21 09:39:23','2025-01-21 09:39:23'),(45,94,'ecommerce/digital-product-files/product-2.jpg','{\"filename\":\"product-2.jpg\",\"url\":\"ecommerce\\/digital-product-files\\/product-2.jpg\",\"mime_type\":\"image\\/jpeg\",\"size\":9730,\"modified\":\"2025-01-21 16:39:23\",\"name\":\"product-2\",\"extension\":\"jpg\"}','2025-01-21 09:39:23','2025-01-21 09:39:23'),(46,94,'ecommerce/digital-product-files/product-66.jpg','{\"filename\":\"product-66.jpg\",\"url\":\"ecommerce\\/digital-product-files\\/product-66.jpg\",\"mime_type\":\"image\\/jpeg\",\"size\":9730,\"modified\":\"2025-01-21 16:39:23\",\"name\":\"product-66\",\"extension\":\"jpg\"}','2025-01-21 09:39:23','2025-01-21 09:39:23'),(47,94,'ecommerce/digital-product-files/product-76.jpg','{\"filename\":\"product-76.jpg\",\"url\":\"ecommerce\\/digital-product-files\\/product-76.jpg\",\"mime_type\":\"image\\/jpeg\",\"size\":9730,\"modified\":\"2025-01-21 16:39:23\",\"name\":\"product-76\",\"extension\":\"jpg\"}','2025-01-21 09:39:23','2025-01-21 09:39:23'),(48,95,'ecommerce/digital-product-files/product-29.jpg','{\"filename\":\"product-29.jpg\",\"url\":\"ecommerce\\/digital-product-files\\/product-29.jpg\",\"mime_type\":\"image\\/jpeg\",\"size\":9730,\"modified\":\"2025-01-21 16:39:23\",\"name\":\"product-29\",\"extension\":\"jpg\"}','2025-01-21 09:39:23','2025-01-21 09:39:23'),(49,95,'ecommerce/digital-product-files/product-15.jpg','{\"filename\":\"product-15.jpg\",\"url\":\"ecommerce\\/digital-product-files\\/product-15.jpg\",\"mime_type\":\"image\\/jpeg\",\"size\":9730,\"modified\":\"2025-01-21 16:39:23\",\"name\":\"product-15\",\"extension\":\"jpg\"}','2025-01-21 09:39:23','2025-01-21 09:39:23'),(50,95,'ecommerce/digital-product-files/product-84.jpg','{\"filename\":\"product-84.jpg\",\"url\":\"ecommerce\\/digital-product-files\\/product-84.jpg\",\"mime_type\":\"image\\/jpeg\",\"size\":9730,\"modified\":\"2025-01-21 16:39:23\",\"name\":\"product-84\",\"extension\":\"jpg\"}','2025-01-21 09:39:23','2025-01-21 09:39:23'),(51,95,'ecommerce/digital-product-files/product-87.jpg','{\"filename\":\"product-87.jpg\",\"url\":\"ecommerce\\/digital-product-files\\/product-87.jpg\",\"mime_type\":\"image\\/jpeg\",\"size\":9730,\"modified\":\"2025-01-21 16:39:23\",\"name\":\"product-87\",\"extension\":\"jpg\"}','2025-01-21 09:39:23','2025-01-21 09:39:23'),(52,95,'ecommerce/digital-product-files/product-4.jpg','{\"filename\":\"product-4.jpg\",\"url\":\"ecommerce\\/digital-product-files\\/product-4.jpg\",\"mime_type\":\"image\\/jpeg\",\"size\":9730,\"modified\":\"2025-01-21 16:39:23\",\"name\":\"product-4\",\"extension\":\"jpg\"}','2025-01-21 09:39:23','2025-01-21 09:39:23'),(53,95,'ecommerce/digital-product-files/product-25.jpg','{\"filename\":\"product-25.jpg\",\"url\":\"ecommerce\\/digital-product-files\\/product-25.jpg\",\"mime_type\":\"image\\/jpeg\",\"size\":9730,\"modified\":\"2025-01-21 16:39:23\",\"name\":\"product-25\",\"extension\":\"jpg\"}','2025-01-21 09:39:23','2025-01-21 09:39:23'),(54,95,'ecommerce/digital-product-files/product-94.jpg','{\"filename\":\"product-94.jpg\",\"url\":\"ecommerce\\/digital-product-files\\/product-94.jpg\",\"mime_type\":\"image\\/jpeg\",\"size\":9730,\"modified\":\"2025-01-21 16:39:23\",\"name\":\"product-94\",\"extension\":\"jpg\"}','2025-01-21 09:39:23','2025-01-21 09:39:23'),(55,95,'ecommerce/digital-product-files/product-91.jpg','{\"filename\":\"product-91.jpg\",\"url\":\"ecommerce\\/digital-product-files\\/product-91.jpg\",\"mime_type\":\"image\\/jpeg\",\"size\":9730,\"modified\":\"2025-01-21 16:39:23\",\"name\":\"product-91\",\"extension\":\"jpg\"}','2025-01-21 09:39:23','2025-01-21 09:39:23'),(56,95,'ecommerce/digital-product-files/product-2.jpg','{\"filename\":\"product-2.jpg\",\"url\":\"ecommerce\\/digital-product-files\\/product-2.jpg\",\"mime_type\":\"image\\/jpeg\",\"size\":9730,\"modified\":\"2025-01-21 16:39:23\",\"name\":\"product-2\",\"extension\":\"jpg\"}','2025-01-21 09:39:23','2025-01-21 09:39:23'),(57,95,'ecommerce/digital-product-files/product-66.jpg','{\"filename\":\"product-66.jpg\",\"url\":\"ecommerce\\/digital-product-files\\/product-66.jpg\",\"mime_type\":\"image\\/jpeg\",\"size\":9730,\"modified\":\"2025-01-21 16:39:23\",\"name\":\"product-66\",\"extension\":\"jpg\"}','2025-01-21 09:39:23','2025-01-21 09:39:23'),(58,95,'ecommerce/digital-product-files/product-76.jpg','{\"filename\":\"product-76.jpg\",\"url\":\"ecommerce\\/digital-product-files\\/product-76.jpg\",\"mime_type\":\"image\\/jpeg\",\"size\":9730,\"modified\":\"2025-01-21 16:39:23\",\"name\":\"product-76\",\"extension\":\"jpg\"}','2025-01-21 09:39:23','2025-01-21 09:39:23'),(59,96,'ecommerce/digital-product-files/product-29.jpg','{\"filename\":\"product-29.jpg\",\"url\":\"ecommerce\\/digital-product-files\\/product-29.jpg\",\"mime_type\":\"image\\/jpeg\",\"size\":9730,\"modified\":\"2025-01-21 16:39:23\",\"name\":\"product-29\",\"extension\":\"jpg\"}','2025-01-21 09:39:23','2025-01-21 09:39:23'),(60,96,'ecommerce/digital-product-files/product-15.jpg','{\"filename\":\"product-15.jpg\",\"url\":\"ecommerce\\/digital-product-files\\/product-15.jpg\",\"mime_type\":\"image\\/jpeg\",\"size\":9730,\"modified\":\"2025-01-21 16:39:23\",\"name\":\"product-15\",\"extension\":\"jpg\"}','2025-01-21 09:39:23','2025-01-21 09:39:23'),(61,96,'ecommerce/digital-product-files/product-84.jpg','{\"filename\":\"product-84.jpg\",\"url\":\"ecommerce\\/digital-product-files\\/product-84.jpg\",\"mime_type\":\"image\\/jpeg\",\"size\":9730,\"modified\":\"2025-01-21 16:39:23\",\"name\":\"product-84\",\"extension\":\"jpg\"}','2025-01-21 09:39:23','2025-01-21 09:39:23'),(62,96,'ecommerce/digital-product-files/product-87.jpg','{\"filename\":\"product-87.jpg\",\"url\":\"ecommerce\\/digital-product-files\\/product-87.jpg\",\"mime_type\":\"image\\/jpeg\",\"size\":9730,\"modified\":\"2025-01-21 16:39:23\",\"name\":\"product-87\",\"extension\":\"jpg\"}','2025-01-21 09:39:23','2025-01-21 09:39:23'),(63,96,'ecommerce/digital-product-files/product-4.jpg','{\"filename\":\"product-4.jpg\",\"url\":\"ecommerce\\/digital-product-files\\/product-4.jpg\",\"mime_type\":\"image\\/jpeg\",\"size\":9730,\"modified\":\"2025-01-21 16:39:23\",\"name\":\"product-4\",\"extension\":\"jpg\"}','2025-01-21 09:39:23','2025-01-21 09:39:23'),(64,96,'ecommerce/digital-product-files/product-25.jpg','{\"filename\":\"product-25.jpg\",\"url\":\"ecommerce\\/digital-product-files\\/product-25.jpg\",\"mime_type\":\"image\\/jpeg\",\"size\":9730,\"modified\":\"2025-01-21 16:39:23\",\"name\":\"product-25\",\"extension\":\"jpg\"}','2025-01-21 09:39:23','2025-01-21 09:39:23'),(65,96,'ecommerce/digital-product-files/product-94.jpg','{\"filename\":\"product-94.jpg\",\"url\":\"ecommerce\\/digital-product-files\\/product-94.jpg\",\"mime_type\":\"image\\/jpeg\",\"size\":9730,\"modified\":\"2025-01-21 16:39:23\",\"name\":\"product-94\",\"extension\":\"jpg\"}','2025-01-21 09:39:23','2025-01-21 09:39:23'),(66,96,'ecommerce/digital-product-files/product-91.jpg','{\"filename\":\"product-91.jpg\",\"url\":\"ecommerce\\/digital-product-files\\/product-91.jpg\",\"mime_type\":\"image\\/jpeg\",\"size\":9730,\"modified\":\"2025-01-21 16:39:23\",\"name\":\"product-91\",\"extension\":\"jpg\"}','2025-01-21 09:39:23','2025-01-21 09:39:23'),(67,96,'ecommerce/digital-product-files/product-2.jpg','{\"filename\":\"product-2.jpg\",\"url\":\"ecommerce\\/digital-product-files\\/product-2.jpg\",\"mime_type\":\"image\\/jpeg\",\"size\":9730,\"modified\":\"2025-01-21 16:39:23\",\"name\":\"product-2\",\"extension\":\"jpg\"}','2025-01-21 09:39:23','2025-01-21 09:39:23'),(68,96,'ecommerce/digital-product-files/product-66.jpg','{\"filename\":\"product-66.jpg\",\"url\":\"ecommerce\\/digital-product-files\\/product-66.jpg\",\"mime_type\":\"image\\/jpeg\",\"size\":9730,\"modified\":\"2025-01-21 16:39:23\",\"name\":\"product-66\",\"extension\":\"jpg\"}','2025-01-21 09:39:23','2025-01-21 09:39:23'),(69,96,'ecommerce/digital-product-files/product-76.jpg','{\"filename\":\"product-76.jpg\",\"url\":\"ecommerce\\/digital-product-files\\/product-76.jpg\",\"mime_type\":\"image\\/jpeg\",\"size\":9730,\"modified\":\"2025-01-21 16:39:23\",\"name\":\"product-76\",\"extension\":\"jpg\"}','2025-01-21 09:39:23','2025-01-21 09:39:23'),(70,107,'ecommerce/digital-product-files/product-87.jpg','{\"filename\":\"product-87.jpg\",\"url\":\"ecommerce\\/digital-product-files\\/product-87.jpg\",\"mime_type\":\"image\\/jpeg\",\"size\":9730,\"modified\":\"2025-01-21 16:39:23\",\"name\":\"product-87\",\"extension\":\"jpg\"}','2025-01-21 09:39:23','2025-01-21 09:39:23'),(71,107,'ecommerce/digital-product-files/product-94.jpg','{\"filename\":\"product-94.jpg\",\"url\":\"ecommerce\\/digital-product-files\\/product-94.jpg\",\"mime_type\":\"image\\/jpeg\",\"size\":9730,\"modified\":\"2025-01-21 16:39:23\",\"name\":\"product-94\",\"extension\":\"jpg\"}','2025-01-21 09:39:23','2025-01-21 09:39:23'),(72,107,'ecommerce/digital-product-files/product-15.jpg','{\"filename\":\"product-15.jpg\",\"url\":\"ecommerce\\/digital-product-files\\/product-15.jpg\",\"mime_type\":\"image\\/jpeg\",\"size\":9730,\"modified\":\"2025-01-21 16:39:23\",\"name\":\"product-15\",\"extension\":\"jpg\"}','2025-01-21 09:39:23','2025-01-21 09:39:23'),(73,107,'ecommerce/digital-product-files/product-46.jpg','{\"filename\":\"product-46.jpg\",\"url\":\"ecommerce\\/digital-product-files\\/product-46.jpg\",\"mime_type\":\"image\\/jpeg\",\"size\":9730,\"modified\":\"2025-01-21 16:39:23\",\"name\":\"product-46\",\"extension\":\"jpg\"}','2025-01-21 09:39:23','2025-01-21 09:39:23'),(74,107,'ecommerce/digital-product-files/product-59.jpg','{\"filename\":\"product-59.jpg\",\"url\":\"ecommerce\\/digital-product-files\\/product-59.jpg\",\"mime_type\":\"image\\/jpeg\",\"size\":9730,\"modified\":\"2025-01-21 16:39:23\",\"name\":\"product-59\",\"extension\":\"jpg\"}','2025-01-21 09:39:23','2025-01-21 09:39:23'),(75,107,'ecommerce/digital-product-files/product-92.jpg','{\"filename\":\"product-92.jpg\",\"url\":\"ecommerce\\/digital-product-files\\/product-92.jpg\",\"mime_type\":\"image\\/jpeg\",\"size\":9730,\"modified\":\"2025-01-21 16:39:23\",\"name\":\"product-92\",\"extension\":\"jpg\"}','2025-01-21 09:39:23','2025-01-21 09:39:23'),(76,107,'ecommerce/digital-product-files/product-37.jpg','{\"filename\":\"product-37.jpg\",\"url\":\"ecommerce\\/digital-product-files\\/product-37.jpg\",\"mime_type\":\"image\\/jpeg\",\"size\":9730,\"modified\":\"2025-01-21 16:39:23\",\"name\":\"product-37\",\"extension\":\"jpg\"}','2025-01-21 09:39:23','2025-01-21 09:39:23'),(77,107,'ecommerce/digital-product-files/product-47.jpg','{\"filename\":\"product-47.jpg\",\"url\":\"ecommerce\\/digital-product-files\\/product-47.jpg\",\"mime_type\":\"image\\/jpeg\",\"size\":9730,\"modified\":\"2025-01-21 16:39:23\",\"name\":\"product-47\",\"extension\":\"jpg\"}','2025-01-21 09:39:23','2025-01-21 09:39:23'),(78,107,'ecommerce/digital-product-files/product-41.jpg','{\"filename\":\"product-41.jpg\",\"url\":\"ecommerce\\/digital-product-files\\/product-41.jpg\",\"mime_type\":\"image\\/jpeg\",\"size\":9730,\"modified\":\"2025-01-21 16:39:23\",\"name\":\"product-41\",\"extension\":\"jpg\"}','2025-01-21 09:39:23','2025-01-21 09:39:23'),(79,117,'ecommerce/digital-product-files/product-56.jpg','{\"filename\":\"product-56.jpg\",\"url\":\"ecommerce\\/digital-product-files\\/product-56.jpg\",\"mime_type\":\"image\\/jpeg\",\"size\":9730,\"modified\":\"2025-01-21 16:39:23\",\"name\":\"product-56\",\"extension\":\"jpg\"}','2025-01-21 09:39:23','2025-01-21 09:39:23'),(80,117,'ecommerce/digital-product-files/product-80.jpg','{\"filename\":\"product-80.jpg\",\"url\":\"ecommerce\\/digital-product-files\\/product-80.jpg\",\"mime_type\":\"image\\/jpeg\",\"size\":9730,\"modified\":\"2025-01-21 16:39:23\",\"name\":\"product-80\",\"extension\":\"jpg\"}','2025-01-21 09:39:23','2025-01-21 09:39:23'),(81,117,'ecommerce/digital-product-files/product-73.jpg','{\"filename\":\"product-73.jpg\",\"url\":\"ecommerce\\/digital-product-files\\/product-73.jpg\",\"mime_type\":\"image\\/jpeg\",\"size\":9730,\"modified\":\"2025-01-21 16:39:23\",\"name\":\"product-73\",\"extension\":\"jpg\"}','2025-01-21 09:39:23','2025-01-21 09:39:23'),(82,117,'ecommerce/digital-product-files/product-30.jpg','{\"filename\":\"product-30.jpg\",\"url\":\"ecommerce\\/digital-product-files\\/product-30.jpg\",\"mime_type\":\"image\\/jpeg\",\"size\":9730,\"modified\":\"2025-01-21 16:39:23\",\"name\":\"product-30\",\"extension\":\"jpg\"}','2025-01-21 09:39:23','2025-01-21 09:39:23'),(83,117,'ecommerce/digital-product-files/product-85.jpg','{\"filename\":\"product-85.jpg\",\"url\":\"ecommerce\\/digital-product-files\\/product-85.jpg\",\"mime_type\":\"image\\/jpeg\",\"size\":9730,\"modified\":\"2025-01-21 16:39:23\",\"name\":\"product-85\",\"extension\":\"jpg\"}','2025-01-21 09:39:23','2025-01-21 09:39:23'),(84,118,'ecommerce/digital-product-files/product-56.jpg','{\"filename\":\"product-56.jpg\",\"url\":\"ecommerce\\/digital-product-files\\/product-56.jpg\",\"mime_type\":\"image\\/jpeg\",\"size\":9730,\"modified\":\"2025-01-21 16:39:23\",\"name\":\"product-56\",\"extension\":\"jpg\"}','2025-01-21 09:39:23','2025-01-21 09:39:23'),(85,118,'ecommerce/digital-product-files/product-80.jpg','{\"filename\":\"product-80.jpg\",\"url\":\"ecommerce\\/digital-product-files\\/product-80.jpg\",\"mime_type\":\"image\\/jpeg\",\"size\":9730,\"modified\":\"2025-01-21 16:39:23\",\"name\":\"product-80\",\"extension\":\"jpg\"}','2025-01-21 09:39:23','2025-01-21 09:39:23'),(86,118,'ecommerce/digital-product-files/product-73.jpg','{\"filename\":\"product-73.jpg\",\"url\":\"ecommerce\\/digital-product-files\\/product-73.jpg\",\"mime_type\":\"image\\/jpeg\",\"size\":9730,\"modified\":\"2025-01-21 16:39:23\",\"name\":\"product-73\",\"extension\":\"jpg\"}','2025-01-21 09:39:23','2025-01-21 09:39:23'),(87,118,'ecommerce/digital-product-files/product-30.jpg','{\"filename\":\"product-30.jpg\",\"url\":\"ecommerce\\/digital-product-files\\/product-30.jpg\",\"mime_type\":\"image\\/jpeg\",\"size\":9730,\"modified\":\"2025-01-21 16:39:23\",\"name\":\"product-30\",\"extension\":\"jpg\"}','2025-01-21 09:39:23','2025-01-21 09:39:23'),(88,118,'ecommerce/digital-product-files/product-85.jpg','{\"filename\":\"product-85.jpg\",\"url\":\"ecommerce\\/digital-product-files\\/product-85.jpg\",\"mime_type\":\"image\\/jpeg\",\"size\":9730,\"modified\":\"2025-01-21 16:39:23\",\"name\":\"product-85\",\"extension\":\"jpg\"}','2025-01-21 09:39:23','2025-01-21 09:39:23'),(89,124,'ecommerce/digital-product-files/product-89.jpg','{\"filename\":\"product-89.jpg\",\"url\":\"ecommerce\\/digital-product-files\\/product-89.jpg\",\"mime_type\":\"image\\/jpeg\",\"size\":9730,\"modified\":\"2025-01-21 16:39:23\",\"name\":\"product-89\",\"extension\":\"jpg\"}','2025-01-21 09:39:23','2025-01-21 09:39:23'),(90,124,'ecommerce/digital-product-files/product-94.jpg','{\"filename\":\"product-94.jpg\",\"url\":\"ecommerce\\/digital-product-files\\/product-94.jpg\",\"mime_type\":\"image\\/jpeg\",\"size\":9730,\"modified\":\"2025-01-21 16:39:23\",\"name\":\"product-94\",\"extension\":\"jpg\"}','2025-01-21 09:39:23','2025-01-21 09:39:23'),(91,124,'ecommerce/digital-product-files/product-73.jpg','{\"filename\":\"product-73.jpg\",\"url\":\"ecommerce\\/digital-product-files\\/product-73.jpg\",\"mime_type\":\"image\\/jpeg\",\"size\":9730,\"modified\":\"2025-01-21 16:39:23\",\"name\":\"product-73\",\"extension\":\"jpg\"}','2025-01-21 09:39:23','2025-01-21 09:39:23'),(92,124,'ecommerce/digital-product-files/product-39.jpg','{\"filename\":\"product-39.jpg\",\"url\":\"ecommerce\\/digital-product-files\\/product-39.jpg\",\"mime_type\":\"image\\/jpeg\",\"size\":9730,\"modified\":\"2025-01-21 16:39:23\",\"name\":\"product-39\",\"extension\":\"jpg\"}','2025-01-21 09:39:23','2025-01-21 09:39:23'),(93,124,'ecommerce/digital-product-files/product-52.jpg','{\"filename\":\"product-52.jpg\",\"url\":\"ecommerce\\/digital-product-files\\/product-52.jpg\",\"mime_type\":\"image\\/jpeg\",\"size\":9730,\"modified\":\"2025-01-21 16:39:23\",\"name\":\"product-52\",\"extension\":\"jpg\"}','2025-01-21 09:39:23','2025-01-21 09:39:23'),(94,124,'ecommerce/digital-product-files/product-85.jpg','{\"filename\":\"product-85.jpg\",\"url\":\"ecommerce\\/digital-product-files\\/product-85.jpg\",\"mime_type\":\"image\\/jpeg\",\"size\":9730,\"modified\":\"2025-01-21 16:39:23\",\"name\":\"product-85\",\"extension\":\"jpg\"}','2025-01-21 09:39:23','2025-01-21 09:39:23'),(95,124,'ecommerce/digital-product-files/product-60.jpg','{\"filename\":\"product-60.jpg\",\"url\":\"ecommerce\\/digital-product-files\\/product-60.jpg\",\"mime_type\":\"image\\/jpeg\",\"size\":9730,\"modified\":\"2025-01-21 16:39:23\",\"name\":\"product-60\",\"extension\":\"jpg\"}','2025-01-21 09:39:23','2025-01-21 09:39:23'),(96,124,'ecommerce/digital-product-files/product-50.jpg','{\"filename\":\"product-50.jpg\",\"url\":\"ecommerce\\/digital-product-files\\/product-50.jpg\",\"mime_type\":\"image\\/jpeg\",\"size\":9730,\"modified\":\"2025-01-21 16:39:23\",\"name\":\"product-50\",\"extension\":\"jpg\"}','2025-01-21 09:39:23','2025-01-21 09:39:23'),(97,124,'ecommerce/digital-product-files/product-84.jpg','{\"filename\":\"product-84.jpg\",\"url\":\"ecommerce\\/digital-product-files\\/product-84.jpg\",\"mime_type\":\"image\\/jpeg\",\"size\":9730,\"modified\":\"2025-01-21 16:39:23\",\"name\":\"product-84\",\"extension\":\"jpg\"}','2025-01-21 09:39:23','2025-01-21 09:39:23'),(98,125,'ecommerce/digital-product-files/product-89.jpg','{\"filename\":\"product-89.jpg\",\"url\":\"ecommerce\\/digital-product-files\\/product-89.jpg\",\"mime_type\":\"image\\/jpeg\",\"size\":9730,\"modified\":\"2025-01-21 16:39:23\",\"name\":\"product-89\",\"extension\":\"jpg\"}','2025-01-21 09:39:23','2025-01-21 09:39:23'),(99,125,'ecommerce/digital-product-files/product-94.jpg','{\"filename\":\"product-94.jpg\",\"url\":\"ecommerce\\/digital-product-files\\/product-94.jpg\",\"mime_type\":\"image\\/jpeg\",\"size\":9730,\"modified\":\"2025-01-21 16:39:23\",\"name\":\"product-94\",\"extension\":\"jpg\"}','2025-01-21 09:39:23','2025-01-21 09:39:23'),(100,125,'ecommerce/digital-product-files/product-73.jpg','{\"filename\":\"product-73.jpg\",\"url\":\"ecommerce\\/digital-product-files\\/product-73.jpg\",\"mime_type\":\"image\\/jpeg\",\"size\":9730,\"modified\":\"2025-01-21 16:39:23\",\"name\":\"product-73\",\"extension\":\"jpg\"}','2025-01-21 09:39:23','2025-01-21 09:39:23'),(101,125,'ecommerce/digital-product-files/product-39.jpg','{\"filename\":\"product-39.jpg\",\"url\":\"ecommerce\\/digital-product-files\\/product-39.jpg\",\"mime_type\":\"image\\/jpeg\",\"size\":9730,\"modified\":\"2025-01-21 16:39:23\",\"name\":\"product-39\",\"extension\":\"jpg\"}','2025-01-21 09:39:23','2025-01-21 09:39:23'),(102,125,'ecommerce/digital-product-files/product-52.jpg','{\"filename\":\"product-52.jpg\",\"url\":\"ecommerce\\/digital-product-files\\/product-52.jpg\",\"mime_type\":\"image\\/jpeg\",\"size\":9730,\"modified\":\"2025-01-21 16:39:23\",\"name\":\"product-52\",\"extension\":\"jpg\"}','2025-01-21 09:39:23','2025-01-21 09:39:23'),(103,125,'ecommerce/digital-product-files/product-85.jpg','{\"filename\":\"product-85.jpg\",\"url\":\"ecommerce\\/digital-product-files\\/product-85.jpg\",\"mime_type\":\"image\\/jpeg\",\"size\":9730,\"modified\":\"2025-01-21 16:39:23\",\"name\":\"product-85\",\"extension\":\"jpg\"}','2025-01-21 09:39:23','2025-01-21 09:39:23'),(104,125,'ecommerce/digital-product-files/product-60.jpg','{\"filename\":\"product-60.jpg\",\"url\":\"ecommerce\\/digital-product-files\\/product-60.jpg\",\"mime_type\":\"image\\/jpeg\",\"size\":9730,\"modified\":\"2025-01-21 16:39:23\",\"name\":\"product-60\",\"extension\":\"jpg\"}','2025-01-21 09:39:23','2025-01-21 09:39:23'),(105,125,'ecommerce/digital-product-files/product-50.jpg','{\"filename\":\"product-50.jpg\",\"url\":\"ecommerce\\/digital-product-files\\/product-50.jpg\",\"mime_type\":\"image\\/jpeg\",\"size\":9730,\"modified\":\"2025-01-21 16:39:23\",\"name\":\"product-50\",\"extension\":\"jpg\"}','2025-01-21 09:39:23','2025-01-21 09:39:23'),(106,125,'ecommerce/digital-product-files/product-84.jpg','{\"filename\":\"product-84.jpg\",\"url\":\"ecommerce\\/digital-product-files\\/product-84.jpg\",\"mime_type\":\"image\\/jpeg\",\"size\":9730,\"modified\":\"2025-01-21 16:39:23\",\"name\":\"product-84\",\"extension\":\"jpg\"}','2025-01-21 09:39:23','2025-01-21 09:39:23'),(107,133,'ecommerce/digital-product-files/product-77.jpg','{\"filename\":\"product-77.jpg\",\"url\":\"ecommerce\\/digital-product-files\\/product-77.jpg\",\"mime_type\":\"image\\/jpeg\",\"size\":9730,\"modified\":\"2025-01-21 16:39:23\",\"name\":\"product-77\",\"extension\":\"jpg\"}','2025-01-21 09:39:23','2025-01-21 09:39:23'),(108,133,'ecommerce/digital-product-files/product-10.jpg','{\"filename\":\"product-10.jpg\",\"url\":\"ecommerce\\/digital-product-files\\/product-10.jpg\",\"mime_type\":\"image\\/jpeg\",\"size\":9730,\"modified\":\"2025-01-21 16:39:23\",\"name\":\"product-10\",\"extension\":\"jpg\"}','2025-01-21 09:39:23','2025-01-21 09:39:23'),(109,133,'ecommerce/digital-product-files/product-83.jpg','{\"filename\":\"product-83.jpg\",\"url\":\"ecommerce\\/digital-product-files\\/product-83.jpg\",\"mime_type\":\"image\\/jpeg\",\"size\":9730,\"modified\":\"2025-01-21 16:39:23\",\"name\":\"product-83\",\"extension\":\"jpg\"}','2025-01-21 09:39:23','2025-01-21 09:39:23'),(110,133,'ecommerce/digital-product-files/product-49.jpg','{\"filename\":\"product-49.jpg\",\"url\":\"ecommerce\\/digital-product-files\\/product-49.jpg\",\"mime_type\":\"image\\/jpeg\",\"size\":9730,\"modified\":\"2025-01-21 16:39:23\",\"name\":\"product-49\",\"extension\":\"jpg\"}','2025-01-21 09:39:23','2025-01-21 09:39:23'),(111,133,'ecommerce/digital-product-files/product-84.jpg','{\"filename\":\"product-84.jpg\",\"url\":\"ecommerce\\/digital-product-files\\/product-84.jpg\",\"mime_type\":\"image\\/jpeg\",\"size\":9730,\"modified\":\"2025-01-21 16:39:23\",\"name\":\"product-84\",\"extension\":\"jpg\"}','2025-01-21 09:39:23','2025-01-21 09:39:23'),(112,133,'ecommerce/digital-product-files/product-57.jpg','{\"filename\":\"product-57.jpg\",\"url\":\"ecommerce\\/digital-product-files\\/product-57.jpg\",\"mime_type\":\"image\\/jpeg\",\"size\":9730,\"modified\":\"2025-01-21 16:39:23\",\"name\":\"product-57\",\"extension\":\"jpg\"}','2025-01-21 09:39:23','2025-01-21 09:39:23'),(113,133,'ecommerce/digital-product-files/product-16.jpg','{\"filename\":\"product-16.jpg\",\"url\":\"ecommerce\\/digital-product-files\\/product-16.jpg\",\"mime_type\":\"image\\/jpeg\",\"size\":9730,\"modified\":\"2025-01-21 16:39:23\",\"name\":\"product-16\",\"extension\":\"jpg\"}','2025-01-21 09:39:23','2025-01-21 09:39:23'),(114,133,'ecommerce/digital-product-files/product-66.jpg','{\"filename\":\"product-66.jpg\",\"url\":\"ecommerce\\/digital-product-files\\/product-66.jpg\",\"mime_type\":\"image\\/jpeg\",\"size\":9730,\"modified\":\"2025-01-21 16:39:23\",\"name\":\"product-66\",\"extension\":\"jpg\"}','2025-01-21 09:39:23','2025-01-21 09:39:23'),(115,133,'ecommerce/digital-product-files/product-45.jpg','{\"filename\":\"product-45.jpg\",\"url\":\"ecommerce\\/digital-product-files\\/product-45.jpg\",\"mime_type\":\"image\\/jpeg\",\"size\":9730,\"modified\":\"2025-01-21 16:39:23\",\"name\":\"product-45\",\"extension\":\"jpg\"}','2025-01-21 09:39:23','2025-01-21 09:39:23'),(116,134,'ecommerce/digital-product-files/product-77.jpg','{\"filename\":\"product-77.jpg\",\"url\":\"ecommerce\\/digital-product-files\\/product-77.jpg\",\"mime_type\":\"image\\/jpeg\",\"size\":9730,\"modified\":\"2025-01-21 16:39:23\",\"name\":\"product-77\",\"extension\":\"jpg\"}','2025-01-21 09:39:23','2025-01-21 09:39:23'),(117,134,'ecommerce/digital-product-files/product-10.jpg','{\"filename\":\"product-10.jpg\",\"url\":\"ecommerce\\/digital-product-files\\/product-10.jpg\",\"mime_type\":\"image\\/jpeg\",\"size\":9730,\"modified\":\"2025-01-21 16:39:23\",\"name\":\"product-10\",\"extension\":\"jpg\"}','2025-01-21 09:39:23','2025-01-21 09:39:23'),(118,134,'ecommerce/digital-product-files/product-83.jpg','{\"filename\":\"product-83.jpg\",\"url\":\"ecommerce\\/digital-product-files\\/product-83.jpg\",\"mime_type\":\"image\\/jpeg\",\"size\":9730,\"modified\":\"2025-01-21 16:39:23\",\"name\":\"product-83\",\"extension\":\"jpg\"}','2025-01-21 09:39:23','2025-01-21 09:39:23'),(119,134,'ecommerce/digital-product-files/product-49.jpg','{\"filename\":\"product-49.jpg\",\"url\":\"ecommerce\\/digital-product-files\\/product-49.jpg\",\"mime_type\":\"image\\/jpeg\",\"size\":9730,\"modified\":\"2025-01-21 16:39:23\",\"name\":\"product-49\",\"extension\":\"jpg\"}','2025-01-21 09:39:23','2025-01-21 09:39:23'),(120,134,'ecommerce/digital-product-files/product-84.jpg','{\"filename\":\"product-84.jpg\",\"url\":\"ecommerce\\/digital-product-files\\/product-84.jpg\",\"mime_type\":\"image\\/jpeg\",\"size\":9730,\"modified\":\"2025-01-21 16:39:23\",\"name\":\"product-84\",\"extension\":\"jpg\"}','2025-01-21 09:39:23','2025-01-21 09:39:23'),(121,134,'ecommerce/digital-product-files/product-57.jpg','{\"filename\":\"product-57.jpg\",\"url\":\"ecommerce\\/digital-product-files\\/product-57.jpg\",\"mime_type\":\"image\\/jpeg\",\"size\":9730,\"modified\":\"2025-01-21 16:39:23\",\"name\":\"product-57\",\"extension\":\"jpg\"}','2025-01-21 09:39:23','2025-01-21 09:39:23'),(122,134,'ecommerce/digital-product-files/product-16.jpg','{\"filename\":\"product-16.jpg\",\"url\":\"ecommerce\\/digital-product-files\\/product-16.jpg\",\"mime_type\":\"image\\/jpeg\",\"size\":9730,\"modified\":\"2025-01-21 16:39:23\",\"name\":\"product-16\",\"extension\":\"jpg\"}','2025-01-21 09:39:23','2025-01-21 09:39:23'),(123,134,'ecommerce/digital-product-files/product-66.jpg','{\"filename\":\"product-66.jpg\",\"url\":\"ecommerce\\/digital-product-files\\/product-66.jpg\",\"mime_type\":\"image\\/jpeg\",\"size\":9730,\"modified\":\"2025-01-21 16:39:23\",\"name\":\"product-66\",\"extension\":\"jpg\"}','2025-01-21 09:39:23','2025-01-21 09:39:23'),(124,134,'ecommerce/digital-product-files/product-45.jpg','{\"filename\":\"product-45.jpg\",\"url\":\"ecommerce\\/digital-product-files\\/product-45.jpg\",\"mime_type\":\"image\\/jpeg\",\"size\":9730,\"modified\":\"2025-01-21 16:39:23\",\"name\":\"product-45\",\"extension\":\"jpg\"}','2025-01-21 09:39:23','2025-01-21 09:39:23'),(125,143,'ecommerce/digital-product-files/product-85.jpg','{\"filename\":\"product-85.jpg\",\"url\":\"ecommerce\\/digital-product-files\\/product-85.jpg\",\"mime_type\":\"image\\/jpeg\",\"size\":9730,\"modified\":\"2025-01-21 16:39:23\",\"name\":\"product-85\",\"extension\":\"jpg\"}','2025-01-21 09:39:23','2025-01-21 09:39:23'),(126,143,'ecommerce/digital-product-files/product-18.jpg','{\"filename\":\"product-18.jpg\",\"url\":\"ecommerce\\/digital-product-files\\/product-18.jpg\",\"mime_type\":\"image\\/jpeg\",\"size\":9730,\"modified\":\"2025-01-21 16:39:23\",\"name\":\"product-18\",\"extension\":\"jpg\"}','2025-01-21 09:39:23','2025-01-21 09:39:23'),(127,143,'ecommerce/digital-product-files/product-59.jpg','{\"filename\":\"product-59.jpg\",\"url\":\"ecommerce\\/digital-product-files\\/product-59.jpg\",\"mime_type\":\"image\\/jpeg\",\"size\":9730,\"modified\":\"2025-01-21 16:39:23\",\"name\":\"product-59\",\"extension\":\"jpg\"}','2025-01-21 09:39:23','2025-01-21 09:39:23'),(128,143,'ecommerce/digital-product-files/product-56.jpg','{\"filename\":\"product-56.jpg\",\"url\":\"ecommerce\\/digital-product-files\\/product-56.jpg\",\"mime_type\":\"image\\/jpeg\",\"size\":9730,\"modified\":\"2025-01-21 16:39:23\",\"name\":\"product-56\",\"extension\":\"jpg\"}','2025-01-21 09:39:23','2025-01-21 09:39:23'),(129,143,'ecommerce/digital-product-files/product-55.jpg','{\"filename\":\"product-55.jpg\",\"url\":\"ecommerce\\/digital-product-files\\/product-55.jpg\",\"mime_type\":\"image\\/jpeg\",\"size\":9730,\"modified\":\"2025-01-21 16:39:23\",\"name\":\"product-55\",\"extension\":\"jpg\"}','2025-01-21 09:39:23','2025-01-21 09:39:23'),(130,143,'ecommerce/digital-product-files/product-27.jpg','{\"filename\":\"product-27.jpg\",\"url\":\"ecommerce\\/digital-product-files\\/product-27.jpg\",\"mime_type\":\"image\\/jpeg\",\"size\":9730,\"modified\":\"2025-01-21 16:39:23\",\"name\":\"product-27\",\"extension\":\"jpg\"}','2025-01-21 09:39:23','2025-01-21 09:39:23'),(131,143,'ecommerce/digital-product-files/product-30.jpg','{\"filename\":\"product-30.jpg\",\"url\":\"ecommerce\\/digital-product-files\\/product-30.jpg\",\"mime_type\":\"image\\/jpeg\",\"size\":9730,\"modified\":\"2025-01-21 16:39:23\",\"name\":\"product-30\",\"extension\":\"jpg\"}','2025-01-21 09:39:23','2025-01-21 09:39:23'),(132,143,'ecommerce/digital-product-files/product-4.jpg','{\"filename\":\"product-4.jpg\",\"url\":\"ecommerce\\/digital-product-files\\/product-4.jpg\",\"mime_type\":\"image\\/jpeg\",\"size\":9730,\"modified\":\"2025-01-21 16:39:23\",\"name\":\"product-4\",\"extension\":\"jpg\"}','2025-01-21 09:39:23','2025-01-21 09:39:23'),(133,143,'ecommerce/digital-product-files/product-3.jpg','{\"filename\":\"product-3.jpg\",\"url\":\"ecommerce\\/digital-product-files\\/product-3.jpg\",\"mime_type\":\"image\\/jpeg\",\"size\":9730,\"modified\":\"2025-01-21 16:39:23\",\"name\":\"product-3\",\"extension\":\"jpg\"}','2025-01-21 09:39:23','2025-01-21 09:39:23'),(134,143,'ecommerce/digital-product-files/product-13.jpg','{\"filename\":\"product-13.jpg\",\"url\":\"ecommerce\\/digital-product-files\\/product-13.jpg\",\"mime_type\":\"image\\/jpeg\",\"size\":9730,\"modified\":\"2025-01-21 16:39:23\",\"name\":\"product-13\",\"extension\":\"jpg\"}','2025-01-21 09:39:23','2025-01-21 09:39:23'),(135,143,'ecommerce/digital-product-files/product-72.jpg','{\"filename\":\"product-72.jpg\",\"url\":\"ecommerce\\/digital-product-files\\/product-72.jpg\",\"mime_type\":\"image\\/jpeg\",\"size\":9730,\"modified\":\"2025-01-21 16:39:23\",\"name\":\"product-72\",\"extension\":\"jpg\"}','2025-01-21 09:39:23','2025-01-21 09:39:23'),(136,143,'ecommerce/digital-product-files/product-8.jpg','{\"filename\":\"product-8.jpg\",\"url\":\"ecommerce\\/digital-product-files\\/product-8.jpg\",\"mime_type\":\"image\\/jpeg\",\"size\":9730,\"modified\":\"2025-01-21 16:39:23\",\"name\":\"product-8\",\"extension\":\"jpg\"}','2025-01-21 09:39:23','2025-01-21 09:39:23'),(137,144,'ecommerce/digital-product-files/product-85.jpg','{\"filename\":\"product-85.jpg\",\"url\":\"ecommerce\\/digital-product-files\\/product-85.jpg\",\"mime_type\":\"image\\/jpeg\",\"size\":9730,\"modified\":\"2025-01-21 16:39:23\",\"name\":\"product-85\",\"extension\":\"jpg\"}','2025-01-21 09:39:23','2025-01-21 09:39:23'),(138,144,'ecommerce/digital-product-files/product-18.jpg','{\"filename\":\"product-18.jpg\",\"url\":\"ecommerce\\/digital-product-files\\/product-18.jpg\",\"mime_type\":\"image\\/jpeg\",\"size\":9730,\"modified\":\"2025-01-21 16:39:23\",\"name\":\"product-18\",\"extension\":\"jpg\"}','2025-01-21 09:39:23','2025-01-21 09:39:23'),(139,144,'ecommerce/digital-product-files/product-59.jpg','{\"filename\":\"product-59.jpg\",\"url\":\"ecommerce\\/digital-product-files\\/product-59.jpg\",\"mime_type\":\"image\\/jpeg\",\"size\":9730,\"modified\":\"2025-01-21 16:39:23\",\"name\":\"product-59\",\"extension\":\"jpg\"}','2025-01-21 09:39:23','2025-01-21 09:39:23'),(140,144,'ecommerce/digital-product-files/product-56.jpg','{\"filename\":\"product-56.jpg\",\"url\":\"ecommerce\\/digital-product-files\\/product-56.jpg\",\"mime_type\":\"image\\/jpeg\",\"size\":9730,\"modified\":\"2025-01-21 16:39:23\",\"name\":\"product-56\",\"extension\":\"jpg\"}','2025-01-21 09:39:23','2025-01-21 09:39:23'),(141,144,'ecommerce/digital-product-files/product-55.jpg','{\"filename\":\"product-55.jpg\",\"url\":\"ecommerce\\/digital-product-files\\/product-55.jpg\",\"mime_type\":\"image\\/jpeg\",\"size\":9730,\"modified\":\"2025-01-21 16:39:23\",\"name\":\"product-55\",\"extension\":\"jpg\"}','2025-01-21 09:39:23','2025-01-21 09:39:23'),(142,144,'ecommerce/digital-product-files/product-27.jpg','{\"filename\":\"product-27.jpg\",\"url\":\"ecommerce\\/digital-product-files\\/product-27.jpg\",\"mime_type\":\"image\\/jpeg\",\"size\":9730,\"modified\":\"2025-01-21 16:39:23\",\"name\":\"product-27\",\"extension\":\"jpg\"}','2025-01-21 09:39:23','2025-01-21 09:39:23'),(143,144,'ecommerce/digital-product-files/product-30.jpg','{\"filename\":\"product-30.jpg\",\"url\":\"ecommerce\\/digital-product-files\\/product-30.jpg\",\"mime_type\":\"image\\/jpeg\",\"size\":9730,\"modified\":\"2025-01-21 16:39:23\",\"name\":\"product-30\",\"extension\":\"jpg\"}','2025-01-21 09:39:23','2025-01-21 09:39:23'),(144,144,'ecommerce/digital-product-files/product-4.jpg','{\"filename\":\"product-4.jpg\",\"url\":\"ecommerce\\/digital-product-files\\/product-4.jpg\",\"mime_type\":\"image\\/jpeg\",\"size\":9730,\"modified\":\"2025-01-21 16:39:23\",\"name\":\"product-4\",\"extension\":\"jpg\"}','2025-01-21 09:39:23','2025-01-21 09:39:23'),(145,144,'ecommerce/digital-product-files/product-3.jpg','{\"filename\":\"product-3.jpg\",\"url\":\"ecommerce\\/digital-product-files\\/product-3.jpg\",\"mime_type\":\"image\\/jpeg\",\"size\":9730,\"modified\":\"2025-01-21 16:39:23\",\"name\":\"product-3\",\"extension\":\"jpg\"}','2025-01-21 09:39:23','2025-01-21 09:39:23'),(146,144,'ecommerce/digital-product-files/product-13.jpg','{\"filename\":\"product-13.jpg\",\"url\":\"ecommerce\\/digital-product-files\\/product-13.jpg\",\"mime_type\":\"image\\/jpeg\",\"size\":9730,\"modified\":\"2025-01-21 16:39:23\",\"name\":\"product-13\",\"extension\":\"jpg\"}','2025-01-21 09:39:23','2025-01-21 09:39:23'),(147,144,'ecommerce/digital-product-files/product-72.jpg','{\"filename\":\"product-72.jpg\",\"url\":\"ecommerce\\/digital-product-files\\/product-72.jpg\",\"mime_type\":\"image\\/jpeg\",\"size\":9730,\"modified\":\"2025-01-21 16:39:23\",\"name\":\"product-72\",\"extension\":\"jpg\"}','2025-01-21 09:39:23','2025-01-21 09:39:23'),(148,144,'ecommerce/digital-product-files/product-8.jpg','{\"filename\":\"product-8.jpg\",\"url\":\"ecommerce\\/digital-product-files\\/product-8.jpg\",\"mime_type\":\"image\\/jpeg\",\"size\":9730,\"modified\":\"2025-01-21 16:39:23\",\"name\":\"product-8\",\"extension\":\"jpg\"}','2025-01-21 09:39:23','2025-01-21 09:39:23'),(149,152,'ecommerce/digital-product-files/product-27.jpg','{\"filename\":\"product-27.jpg\",\"url\":\"ecommerce\\/digital-product-files\\/product-27.jpg\",\"mime_type\":\"image\\/jpeg\",\"size\":9730,\"modified\":\"2025-01-21 16:39:24\",\"name\":\"product-27\",\"extension\":\"jpg\"}','2025-01-21 09:39:24','2025-01-21 09:39:24'),(150,152,'ecommerce/digital-product-files/product-48.jpg','{\"filename\":\"product-48.jpg\",\"url\":\"ecommerce\\/digital-product-files\\/product-48.jpg\",\"mime_type\":\"image\\/jpeg\",\"size\":9730,\"modified\":\"2025-01-21 16:39:24\",\"name\":\"product-48\",\"extension\":\"jpg\"}','2025-01-21 09:39:24','2025-01-21 09:39:24'),(151,152,'ecommerce/digital-product-files/product-95.jpg','{\"filename\":\"product-95.jpg\",\"url\":\"ecommerce\\/digital-product-files\\/product-95.jpg\",\"mime_type\":\"image\\/jpeg\",\"size\":9730,\"modified\":\"2025-01-21 16:39:24\",\"name\":\"product-95\",\"extension\":\"jpg\"}','2025-01-21 09:39:24','2025-01-21 09:39:24'),(152,152,'ecommerce/digital-product-files/product-86.jpg','{\"filename\":\"product-86.jpg\",\"url\":\"ecommerce\\/digital-product-files\\/product-86.jpg\",\"mime_type\":\"image\\/jpeg\",\"size\":9730,\"modified\":\"2025-01-21 16:39:24\",\"name\":\"product-86\",\"extension\":\"jpg\"}','2025-01-21 09:39:24','2025-01-21 09:39:24'),(153,152,'ecommerce/digital-product-files/product-13.jpg','{\"filename\":\"product-13.jpg\",\"url\":\"ecommerce\\/digital-product-files\\/product-13.jpg\",\"mime_type\":\"image\\/jpeg\",\"size\":9730,\"modified\":\"2025-01-21 16:39:24\",\"name\":\"product-13\",\"extension\":\"jpg\"}','2025-01-21 09:39:24','2025-01-21 09:39:24'),(154,152,'ecommerce/digital-product-files/product-63.jpg','{\"filename\":\"product-63.jpg\",\"url\":\"ecommerce\\/digital-product-files\\/product-63.jpg\",\"mime_type\":\"image\\/jpeg\",\"size\":9730,\"modified\":\"2025-01-21 16:39:24\",\"name\":\"product-63\",\"extension\":\"jpg\"}','2025-01-21 09:39:24','2025-01-21 09:39:24'),(155,152,'ecommerce/digital-product-files/product-79.jpg','{\"filename\":\"product-79.jpg\",\"url\":\"ecommerce\\/digital-product-files\\/product-79.jpg\",\"mime_type\":\"image\\/jpeg\",\"size\":9730,\"modified\":\"2025-01-21 16:39:24\",\"name\":\"product-79\",\"extension\":\"jpg\"}','2025-01-21 09:39:24','2025-01-21 09:39:24'),(156,152,'ecommerce/digital-product-files/product-24.jpg','{\"filename\":\"product-24.jpg\",\"url\":\"ecommerce\\/digital-product-files\\/product-24.jpg\",\"mime_type\":\"image\\/jpeg\",\"size\":9730,\"modified\":\"2025-01-21 16:39:24\",\"name\":\"product-24\",\"extension\":\"jpg\"}','2025-01-21 09:39:24','2025-01-21 09:39:24'),(157,152,'ecommerce/digital-product-files/product-67.jpg','{\"filename\":\"product-67.jpg\",\"url\":\"ecommerce\\/digital-product-files\\/product-67.jpg\",\"mime_type\":\"image\\/jpeg\",\"size\":9730,\"modified\":\"2025-01-21 16:39:24\",\"name\":\"product-67\",\"extension\":\"jpg\"}','2025-01-21 09:39:24','2025-01-21 09:39:24'),(158,153,'ecommerce/digital-product-files/product-27.jpg','{\"filename\":\"product-27.jpg\",\"url\":\"ecommerce\\/digital-product-files\\/product-27.jpg\",\"mime_type\":\"image\\/jpeg\",\"size\":9730,\"modified\":\"2025-01-21 16:39:24\",\"name\":\"product-27\",\"extension\":\"jpg\"}','2025-01-21 09:39:24','2025-01-21 09:39:24'),(159,153,'ecommerce/digital-product-files/product-48.jpg','{\"filename\":\"product-48.jpg\",\"url\":\"ecommerce\\/digital-product-files\\/product-48.jpg\",\"mime_type\":\"image\\/jpeg\",\"size\":9730,\"modified\":\"2025-01-21 16:39:24\",\"name\":\"product-48\",\"extension\":\"jpg\"}','2025-01-21 09:39:24','2025-01-21 09:39:24'),(160,153,'ecommerce/digital-product-files/product-95.jpg','{\"filename\":\"product-95.jpg\",\"url\":\"ecommerce\\/digital-product-files\\/product-95.jpg\",\"mime_type\":\"image\\/jpeg\",\"size\":9730,\"modified\":\"2025-01-21 16:39:24\",\"name\":\"product-95\",\"extension\":\"jpg\"}','2025-01-21 09:39:24','2025-01-21 09:39:24'),(161,153,'ecommerce/digital-product-files/product-86.jpg','{\"filename\":\"product-86.jpg\",\"url\":\"ecommerce\\/digital-product-files\\/product-86.jpg\",\"mime_type\":\"image\\/jpeg\",\"size\":9730,\"modified\":\"2025-01-21 16:39:24\",\"name\":\"product-86\",\"extension\":\"jpg\"}','2025-01-21 09:39:24','2025-01-21 09:39:24'),(162,153,'ecommerce/digital-product-files/product-13.jpg','{\"filename\":\"product-13.jpg\",\"url\":\"ecommerce\\/digital-product-files\\/product-13.jpg\",\"mime_type\":\"image\\/jpeg\",\"size\":9730,\"modified\":\"2025-01-21 16:39:24\",\"name\":\"product-13\",\"extension\":\"jpg\"}','2025-01-21 09:39:24','2025-01-21 09:39:24'),(163,153,'ecommerce/digital-product-files/product-63.jpg','{\"filename\":\"product-63.jpg\",\"url\":\"ecommerce\\/digital-product-files\\/product-63.jpg\",\"mime_type\":\"image\\/jpeg\",\"size\":9730,\"modified\":\"2025-01-21 16:39:24\",\"name\":\"product-63\",\"extension\":\"jpg\"}','2025-01-21 09:39:24','2025-01-21 09:39:24'),(164,153,'ecommerce/digital-product-files/product-79.jpg','{\"filename\":\"product-79.jpg\",\"url\":\"ecommerce\\/digital-product-files\\/product-79.jpg\",\"mime_type\":\"image\\/jpeg\",\"size\":9730,\"modified\":\"2025-01-21 16:39:24\",\"name\":\"product-79\",\"extension\":\"jpg\"}','2025-01-21 09:39:24','2025-01-21 09:39:24'),(165,153,'ecommerce/digital-product-files/product-24.jpg','{\"filename\":\"product-24.jpg\",\"url\":\"ecommerce\\/digital-product-files\\/product-24.jpg\",\"mime_type\":\"image\\/jpeg\",\"size\":9730,\"modified\":\"2025-01-21 16:39:24\",\"name\":\"product-24\",\"extension\":\"jpg\"}','2025-01-21 09:39:24','2025-01-21 09:39:24'),(166,153,'ecommerce/digital-product-files/product-67.jpg','{\"filename\":\"product-67.jpg\",\"url\":\"ecommerce\\/digital-product-files\\/product-67.jpg\",\"mime_type\":\"image\\/jpeg\",\"size\":9730,\"modified\":\"2025-01-21 16:39:24\",\"name\":\"product-67\",\"extension\":\"jpg\"}','2025-01-21 09:39:24','2025-01-21 09:39:24'),(167,160,'ecommerce/digital-product-files/product-13.jpg','{\"filename\":\"product-13.jpg\",\"url\":\"ecommerce\\/digital-product-files\\/product-13.jpg\",\"mime_type\":\"image\\/jpeg\",\"size\":9730,\"modified\":\"2025-01-21 16:39:24\",\"name\":\"product-13\",\"extension\":\"jpg\"}','2025-01-21 09:39:24','2025-01-21 09:39:24'),(168,160,'ecommerce/digital-product-files/product-54.jpg','{\"filename\":\"product-54.jpg\",\"url\":\"ecommerce\\/digital-product-files\\/product-54.jpg\",\"mime_type\":\"image\\/jpeg\",\"size\":9730,\"modified\":\"2025-01-21 16:39:24\",\"name\":\"product-54\",\"extension\":\"jpg\"}','2025-01-21 09:39:24','2025-01-21 09:39:24'),(169,160,'ecommerce/digital-product-files/product-92.jpg','{\"filename\":\"product-92.jpg\",\"url\":\"ecommerce\\/digital-product-files\\/product-92.jpg\",\"mime_type\":\"image\\/jpeg\",\"size\":9730,\"modified\":\"2025-01-21 16:39:24\",\"name\":\"product-92\",\"extension\":\"jpg\"}','2025-01-21 09:39:24','2025-01-21 09:39:24'),(170,160,'ecommerce/digital-product-files/product-6.jpg','{\"filename\":\"product-6.jpg\",\"url\":\"ecommerce\\/digital-product-files\\/product-6.jpg\",\"mime_type\":\"image\\/jpeg\",\"size\":9730,\"modified\":\"2025-01-21 16:39:24\",\"name\":\"product-6\",\"extension\":\"jpg\"}','2025-01-21 09:39:24','2025-01-21 09:39:24'),(171,160,'ecommerce/digital-product-files/product-15.jpg','{\"filename\":\"product-15.jpg\",\"url\":\"ecommerce\\/digital-product-files\\/product-15.jpg\",\"mime_type\":\"image\\/jpeg\",\"size\":9730,\"modified\":\"2025-01-21 16:39:24\",\"name\":\"product-15\",\"extension\":\"jpg\"}','2025-01-21 09:39:24','2025-01-21 09:39:24'),(172,160,'ecommerce/digital-product-files/product-24.jpg','{\"filename\":\"product-24.jpg\",\"url\":\"ecommerce\\/digital-product-files\\/product-24.jpg\",\"mime_type\":\"image\\/jpeg\",\"size\":9730,\"modified\":\"2025-01-21 16:39:24\",\"name\":\"product-24\",\"extension\":\"jpg\"}','2025-01-21 09:39:24','2025-01-21 09:39:24'),(173,160,'ecommerce/digital-product-files/product-77.jpg','{\"filename\":\"product-77.jpg\",\"url\":\"ecommerce\\/digital-product-files\\/product-77.jpg\",\"mime_type\":\"image\\/jpeg\",\"size\":9730,\"modified\":\"2025-01-21 16:39:24\",\"name\":\"product-77\",\"extension\":\"jpg\"}','2025-01-21 09:39:24','2025-01-21 09:39:24'),(174,160,'ecommerce/digital-product-files/product-39.jpg','{\"filename\":\"product-39.jpg\",\"url\":\"ecommerce\\/digital-product-files\\/product-39.jpg\",\"mime_type\":\"image\\/jpeg\",\"size\":9730,\"modified\":\"2025-01-21 16:39:24\",\"name\":\"product-39\",\"extension\":\"jpg\"}','2025-01-21 09:39:24','2025-01-21 09:39:24'),(175,160,'ecommerce/digital-product-files/product-46.jpg','{\"filename\":\"product-46.jpg\",\"url\":\"ecommerce\\/digital-product-files\\/product-46.jpg\",\"mime_type\":\"image\\/jpeg\",\"size\":9730,\"modified\":\"2025-01-21 16:39:24\",\"name\":\"product-46\",\"extension\":\"jpg\"}','2025-01-21 09:39:24','2025-01-21 09:39:24'),(176,161,'ecommerce/digital-product-files/product-13.jpg','{\"filename\":\"product-13.jpg\",\"url\":\"ecommerce\\/digital-product-files\\/product-13.jpg\",\"mime_type\":\"image\\/jpeg\",\"size\":9730,\"modified\":\"2025-01-21 16:39:24\",\"name\":\"product-13\",\"extension\":\"jpg\"}','2025-01-21 09:39:24','2025-01-21 09:39:24'),(177,161,'ecommerce/digital-product-files/product-54.jpg','{\"filename\":\"product-54.jpg\",\"url\":\"ecommerce\\/digital-product-files\\/product-54.jpg\",\"mime_type\":\"image\\/jpeg\",\"size\":9730,\"modified\":\"2025-01-21 16:39:24\",\"name\":\"product-54\",\"extension\":\"jpg\"}','2025-01-21 09:39:24','2025-01-21 09:39:24'),(178,161,'ecommerce/digital-product-files/product-92.jpg','{\"filename\":\"product-92.jpg\",\"url\":\"ecommerce\\/digital-product-files\\/product-92.jpg\",\"mime_type\":\"image\\/jpeg\",\"size\":9730,\"modified\":\"2025-01-21 16:39:24\",\"name\":\"product-92\",\"extension\":\"jpg\"}','2025-01-21 09:39:24','2025-01-21 09:39:24'),(179,161,'ecommerce/digital-product-files/product-6.jpg','{\"filename\":\"product-6.jpg\",\"url\":\"ecommerce\\/digital-product-files\\/product-6.jpg\",\"mime_type\":\"image\\/jpeg\",\"size\":9730,\"modified\":\"2025-01-21 16:39:24\",\"name\":\"product-6\",\"extension\":\"jpg\"}','2025-01-21 09:39:24','2025-01-21 09:39:24'),(180,161,'ecommerce/digital-product-files/product-15.jpg','{\"filename\":\"product-15.jpg\",\"url\":\"ecommerce\\/digital-product-files\\/product-15.jpg\",\"mime_type\":\"image\\/jpeg\",\"size\":9730,\"modified\":\"2025-01-21 16:39:24\",\"name\":\"product-15\",\"extension\":\"jpg\"}','2025-01-21 09:39:24','2025-01-21 09:39:24'),(181,161,'ecommerce/digital-product-files/product-24.jpg','{\"filename\":\"product-24.jpg\",\"url\":\"ecommerce\\/digital-product-files\\/product-24.jpg\",\"mime_type\":\"image\\/jpeg\",\"size\":9730,\"modified\":\"2025-01-21 16:39:24\",\"name\":\"product-24\",\"extension\":\"jpg\"}','2025-01-21 09:39:24','2025-01-21 09:39:24'),(182,161,'ecommerce/digital-product-files/product-77.jpg','{\"filename\":\"product-77.jpg\",\"url\":\"ecommerce\\/digital-product-files\\/product-77.jpg\",\"mime_type\":\"image\\/jpeg\",\"size\":9730,\"modified\":\"2025-01-21 16:39:24\",\"name\":\"product-77\",\"extension\":\"jpg\"}','2025-01-21 09:39:24','2025-01-21 09:39:24'),(183,161,'ecommerce/digital-product-files/product-39.jpg','{\"filename\":\"product-39.jpg\",\"url\":\"ecommerce\\/digital-product-files\\/product-39.jpg\",\"mime_type\":\"image\\/jpeg\",\"size\":9730,\"modified\":\"2025-01-21 16:39:24\",\"name\":\"product-39\",\"extension\":\"jpg\"}','2025-01-21 09:39:24','2025-01-21 09:39:24'),(184,161,'ecommerce/digital-product-files/product-46.jpg','{\"filename\":\"product-46.jpg\",\"url\":\"ecommerce\\/digital-product-files\\/product-46.jpg\",\"mime_type\":\"image\\/jpeg\",\"size\":9730,\"modified\":\"2025-01-21 16:39:24\",\"name\":\"product-46\",\"extension\":\"jpg\"}','2025-01-21 09:39:24','2025-01-21 09:39:24'),(185,171,'ecommerce/digital-product-files/product-55.jpg','{\"filename\":\"product-55.jpg\",\"url\":\"ecommerce\\/digital-product-files\\/product-55.jpg\",\"mime_type\":\"image\\/jpeg\",\"size\":9730,\"modified\":\"2025-01-21 16:39:24\",\"name\":\"product-55\",\"extension\":\"jpg\"}','2025-01-21 09:39:24','2025-01-21 09:39:24'),(186,171,'ecommerce/digital-product-files/product-10.jpg','{\"filename\":\"product-10.jpg\",\"url\":\"ecommerce\\/digital-product-files\\/product-10.jpg\",\"mime_type\":\"image\\/jpeg\",\"size\":9730,\"modified\":\"2025-01-21 16:39:24\",\"name\":\"product-10\",\"extension\":\"jpg\"}','2025-01-21 09:39:24','2025-01-21 09:39:24'),(187,171,'ecommerce/digital-product-files/product-60.jpg','{\"filename\":\"product-60.jpg\",\"url\":\"ecommerce\\/digital-product-files\\/product-60.jpg\",\"mime_type\":\"image\\/jpeg\",\"size\":9730,\"modified\":\"2025-01-21 16:39:24\",\"name\":\"product-60\",\"extension\":\"jpg\"}','2025-01-21 09:39:24','2025-01-21 09:39:24'),(188,171,'ecommerce/digital-product-files/product-36.jpg','{\"filename\":\"product-36.jpg\",\"url\":\"ecommerce\\/digital-product-files\\/product-36.jpg\",\"mime_type\":\"image\\/jpeg\",\"size\":9730,\"modified\":\"2025-01-21 16:39:24\",\"name\":\"product-36\",\"extension\":\"jpg\"}','2025-01-21 09:39:24','2025-01-21 09:39:24'),(189,171,'ecommerce/digital-product-files/product-88.jpg','{\"filename\":\"product-88.jpg\",\"url\":\"ecommerce\\/digital-product-files\\/product-88.jpg\",\"mime_type\":\"image\\/jpeg\",\"size\":9730,\"modified\":\"2025-01-21 16:39:24\",\"name\":\"product-88\",\"extension\":\"jpg\"}','2025-01-21 09:39:24','2025-01-21 09:39:24'),(190,178,'ecommerce/digital-product-files/product-63.jpg','{\"filename\":\"product-63.jpg\",\"url\":\"ecommerce\\/digital-product-files\\/product-63.jpg\",\"mime_type\":\"image\\/jpeg\",\"size\":9730,\"modified\":\"2025-01-21 16:39:25\",\"name\":\"product-63\",\"extension\":\"jpg\"}','2025-01-21 09:39:25','2025-01-21 09:39:25'),(191,178,'ecommerce/digital-product-files/product-67.jpg','{\"filename\":\"product-67.jpg\",\"url\":\"ecommerce\\/digital-product-files\\/product-67.jpg\",\"mime_type\":\"image\\/jpeg\",\"size\":9730,\"modified\":\"2025-01-21 16:39:25\",\"name\":\"product-67\",\"extension\":\"jpg\"}','2025-01-21 09:39:25','2025-01-21 09:39:25'),(192,178,'ecommerce/digital-product-files/product-85.jpg','{\"filename\":\"product-85.jpg\",\"url\":\"ecommerce\\/digital-product-files\\/product-85.jpg\",\"mime_type\":\"image\\/jpeg\",\"size\":9730,\"modified\":\"2025-01-21 16:39:25\",\"name\":\"product-85\",\"extension\":\"jpg\"}','2025-01-21 09:39:25','2025-01-21 09:39:25'),(193,178,'ecommerce/digital-product-files/product-64.jpg','{\"filename\":\"product-64.jpg\",\"url\":\"ecommerce\\/digital-product-files\\/product-64.jpg\",\"mime_type\":\"image\\/jpeg\",\"size\":9730,\"modified\":\"2025-01-21 16:39:25\",\"name\":\"product-64\",\"extension\":\"jpg\"}','2025-01-21 09:39:25','2025-01-21 09:39:25'),(194,178,'ecommerce/digital-product-files/product-15.jpg','{\"filename\":\"product-15.jpg\",\"url\":\"ecommerce\\/digital-product-files\\/product-15.jpg\",\"mime_type\":\"image\\/jpeg\",\"size\":9730,\"modified\":\"2025-01-21 16:39:25\",\"name\":\"product-15\",\"extension\":\"jpg\"}','2025-01-21 09:39:25','2025-01-21 09:39:25'),(195,178,'ecommerce/digital-product-files/product-50.jpg','{\"filename\":\"product-50.jpg\",\"url\":\"ecommerce\\/digital-product-files\\/product-50.jpg\",\"mime_type\":\"image\\/jpeg\",\"size\":9730,\"modified\":\"2025-01-21 16:39:25\",\"name\":\"product-50\",\"extension\":\"jpg\"}','2025-01-21 09:39:25','2025-01-21 09:39:25'),(196,178,'ecommerce/digital-product-files/product-9.jpg','{\"filename\":\"product-9.jpg\",\"url\":\"ecommerce\\/digital-product-files\\/product-9.jpg\",\"mime_type\":\"image\\/jpeg\",\"size\":9730,\"modified\":\"2025-01-21 16:39:25\",\"name\":\"product-9\",\"extension\":\"jpg\"}','2025-01-21 09:39:25','2025-01-21 09:39:25'),(197,178,'ecommerce/digital-product-files/product-61.jpg','{\"filename\":\"product-61.jpg\",\"url\":\"ecommerce\\/digital-product-files\\/product-61.jpg\",\"mime_type\":\"image\\/jpeg\",\"size\":9730,\"modified\":\"2025-01-21 16:39:25\",\"name\":\"product-61\",\"extension\":\"jpg\"}','2025-01-21 09:39:25','2025-01-21 09:39:25'),(198,178,'ecommerce/digital-product-files/product-82.jpg','{\"filename\":\"product-82.jpg\",\"url\":\"ecommerce\\/digital-product-files\\/product-82.jpg\",\"mime_type\":\"image\\/jpeg\",\"size\":9730,\"modified\":\"2025-01-21 16:39:25\",\"name\":\"product-82\",\"extension\":\"jpg\"}','2025-01-21 09:39:25','2025-01-21 09:39:25'),(199,183,'ecommerce/digital-product-files/product-19.jpg','{\"filename\":\"product-19.jpg\",\"url\":\"ecommerce\\/digital-product-files\\/product-19.jpg\",\"mime_type\":\"image\\/jpeg\",\"size\":9730,\"modified\":\"2025-01-21 16:39:25\",\"name\":\"product-19\",\"extension\":\"jpg\"}','2025-01-21 09:39:25','2025-01-21 09:39:25'),(200,183,'ecommerce/digital-product-files/product-76.jpg','{\"filename\":\"product-76.jpg\",\"url\":\"ecommerce\\/digital-product-files\\/product-76.jpg\",\"mime_type\":\"image\\/jpeg\",\"size\":9730,\"modified\":\"2025-01-21 16:39:25\",\"name\":\"product-76\",\"extension\":\"jpg\"}','2025-01-21 09:39:25','2025-01-21 09:39:25'),(201,183,'ecommerce/digital-product-files/product-70.jpg','{\"filename\":\"product-70.jpg\",\"url\":\"ecommerce\\/digital-product-files\\/product-70.jpg\",\"mime_type\":\"image\\/jpeg\",\"size\":9730,\"modified\":\"2025-01-21 16:39:25\",\"name\":\"product-70\",\"extension\":\"jpg\"}','2025-01-21 09:39:25','2025-01-21 09:39:25'),(202,183,'ecommerce/digital-product-files/product-92.jpg','{\"filename\":\"product-92.jpg\",\"url\":\"ecommerce\\/digital-product-files\\/product-92.jpg\",\"mime_type\":\"image\\/jpeg\",\"size\":9730,\"modified\":\"2025-01-21 16:39:25\",\"name\":\"product-92\",\"extension\":\"jpg\"}','2025-01-21 09:39:25','2025-01-21 09:39:25'),(203,183,'ecommerce/digital-product-files/product-6.jpg','{\"filename\":\"product-6.jpg\",\"url\":\"ecommerce\\/digital-product-files\\/product-6.jpg\",\"mime_type\":\"image\\/jpeg\",\"size\":9730,\"modified\":\"2025-01-21 16:39:25\",\"name\":\"product-6\",\"extension\":\"jpg\"}','2025-01-21 09:39:25','2025-01-21 09:39:25'),(204,183,'ecommerce/digital-product-files/product-49.jpg','{\"filename\":\"product-49.jpg\",\"url\":\"ecommerce\\/digital-product-files\\/product-49.jpg\",\"mime_type\":\"image\\/jpeg\",\"size\":9730,\"modified\":\"2025-01-21 16:39:25\",\"name\":\"product-49\",\"extension\":\"jpg\"}','2025-01-21 09:39:25','2025-01-21 09:39:25'),(205,184,'ecommerce/digital-product-files/product-19.jpg','{\"filename\":\"product-19.jpg\",\"url\":\"ecommerce\\/digital-product-files\\/product-19.jpg\",\"mime_type\":\"image\\/jpeg\",\"size\":9730,\"modified\":\"2025-01-21 16:39:25\",\"name\":\"product-19\",\"extension\":\"jpg\"}','2025-01-21 09:39:25','2025-01-21 09:39:25'),(206,184,'ecommerce/digital-product-files/product-76.jpg','{\"filename\":\"product-76.jpg\",\"url\":\"ecommerce\\/digital-product-files\\/product-76.jpg\",\"mime_type\":\"image\\/jpeg\",\"size\":9730,\"modified\":\"2025-01-21 16:39:25\",\"name\":\"product-76\",\"extension\":\"jpg\"}','2025-01-21 09:39:25','2025-01-21 09:39:25'),(207,184,'ecommerce/digital-product-files/product-70.jpg','{\"filename\":\"product-70.jpg\",\"url\":\"ecommerce\\/digital-product-files\\/product-70.jpg\",\"mime_type\":\"image\\/jpeg\",\"size\":9730,\"modified\":\"2025-01-21 16:39:25\",\"name\":\"product-70\",\"extension\":\"jpg\"}','2025-01-21 09:39:25','2025-01-21 09:39:25'),(208,184,'ecommerce/digital-product-files/product-92.jpg','{\"filename\":\"product-92.jpg\",\"url\":\"ecommerce\\/digital-product-files\\/product-92.jpg\",\"mime_type\":\"image\\/jpeg\",\"size\":9730,\"modified\":\"2025-01-21 16:39:25\",\"name\":\"product-92\",\"extension\":\"jpg\"}','2025-01-21 09:39:25','2025-01-21 09:39:25'),(209,184,'ecommerce/digital-product-files/product-6.jpg','{\"filename\":\"product-6.jpg\",\"url\":\"ecommerce\\/digital-product-files\\/product-6.jpg\",\"mime_type\":\"image\\/jpeg\",\"size\":9730,\"modified\":\"2025-01-21 16:39:25\",\"name\":\"product-6\",\"extension\":\"jpg\"}','2025-01-21 09:39:25','2025-01-21 09:39:25'),(210,184,'ecommerce/digital-product-files/product-49.jpg','{\"filename\":\"product-49.jpg\",\"url\":\"ecommerce\\/digital-product-files\\/product-49.jpg\",\"mime_type\":\"image\\/jpeg\",\"size\":9730,\"modified\":\"2025-01-21 16:39:25\",\"name\":\"product-49\",\"extension\":\"jpg\"}','2025-01-21 09:39:25','2025-01-21 09:39:25'),(211,185,'ecommerce/digital-product-files/product-19.jpg','{\"filename\":\"product-19.jpg\",\"url\":\"ecommerce\\/digital-product-files\\/product-19.jpg\",\"mime_type\":\"image\\/jpeg\",\"size\":9730,\"modified\":\"2025-01-21 16:39:25\",\"name\":\"product-19\",\"extension\":\"jpg\"}','2025-01-21 09:39:25','2025-01-21 09:39:25'),(212,185,'ecommerce/digital-product-files/product-76.jpg','{\"filename\":\"product-76.jpg\",\"url\":\"ecommerce\\/digital-product-files\\/product-76.jpg\",\"mime_type\":\"image\\/jpeg\",\"size\":9730,\"modified\":\"2025-01-21 16:39:25\",\"name\":\"product-76\",\"extension\":\"jpg\"}','2025-01-21 09:39:25','2025-01-21 09:39:25'),(213,185,'ecommerce/digital-product-files/product-70.jpg','{\"filename\":\"product-70.jpg\",\"url\":\"ecommerce\\/digital-product-files\\/product-70.jpg\",\"mime_type\":\"image\\/jpeg\",\"size\":9730,\"modified\":\"2025-01-21 16:39:25\",\"name\":\"product-70\",\"extension\":\"jpg\"}','2025-01-21 09:39:25','2025-01-21 09:39:25'),(214,185,'ecommerce/digital-product-files/product-92.jpg','{\"filename\":\"product-92.jpg\",\"url\":\"ecommerce\\/digital-product-files\\/product-92.jpg\",\"mime_type\":\"image\\/jpeg\",\"size\":9730,\"modified\":\"2025-01-21 16:39:25\",\"name\":\"product-92\",\"extension\":\"jpg\"}','2025-01-21 09:39:25','2025-01-21 09:39:25'),(215,185,'ecommerce/digital-product-files/product-6.jpg','{\"filename\":\"product-6.jpg\",\"url\":\"ecommerce\\/digital-product-files\\/product-6.jpg\",\"mime_type\":\"image\\/jpeg\",\"size\":9730,\"modified\":\"2025-01-21 16:39:25\",\"name\":\"product-6\",\"extension\":\"jpg\"}','2025-01-21 09:39:25','2025-01-21 09:39:25'),(216,185,'ecommerce/digital-product-files/product-49.jpg','{\"filename\":\"product-49.jpg\",\"url\":\"ecommerce\\/digital-product-files\\/product-49.jpg\",\"mime_type\":\"image\\/jpeg\",\"size\":9730,\"modified\":\"2025-01-21 16:39:25\",\"name\":\"product-49\",\"extension\":\"jpg\"}','2025-01-21 09:39:25','2025-01-21 09:39:25'),(217,192,'ecommerce/digital-product-files/product-32.jpg','{\"filename\":\"product-32.jpg\",\"url\":\"ecommerce\\/digital-product-files\\/product-32.jpg\",\"mime_type\":\"image\\/jpeg\",\"size\":9730,\"modified\":\"2025-01-21 16:39:25\",\"name\":\"product-32\",\"extension\":\"jpg\"}','2025-01-21 09:39:25','2025-01-21 09:39:25'),(218,192,'ecommerce/digital-product-files/product-2.jpg','{\"filename\":\"product-2.jpg\",\"url\":\"ecommerce\\/digital-product-files\\/product-2.jpg\",\"mime_type\":\"image\\/jpeg\",\"size\":9730,\"modified\":\"2025-01-21 16:39:25\",\"name\":\"product-2\",\"extension\":\"jpg\"}','2025-01-21 09:39:25','2025-01-21 09:39:25'),(219,192,'ecommerce/digital-product-files/product-31.jpg','{\"filename\":\"product-31.jpg\",\"url\":\"ecommerce\\/digital-product-files\\/product-31.jpg\",\"mime_type\":\"image\\/jpeg\",\"size\":9730,\"modified\":\"2025-01-21 16:39:25\",\"name\":\"product-31\",\"extension\":\"jpg\"}','2025-01-21 09:39:25','2025-01-21 09:39:25'),(220,192,'ecommerce/digital-product-files/product-58.jpg','{\"filename\":\"product-58.jpg\",\"url\":\"ecommerce\\/digital-product-files\\/product-58.jpg\",\"mime_type\":\"image\\/jpeg\",\"size\":9730,\"modified\":\"2025-01-21 16:39:25\",\"name\":\"product-58\",\"extension\":\"jpg\"}','2025-01-21 09:39:25','2025-01-21 09:39:25'),(221,192,'ecommerce/digital-product-files/product-75.jpg','{\"filename\":\"product-75.jpg\",\"url\":\"ecommerce\\/digital-product-files\\/product-75.jpg\",\"mime_type\":\"image\\/jpeg\",\"size\":9730,\"modified\":\"2025-01-21 16:39:25\",\"name\":\"product-75\",\"extension\":\"jpg\"}','2025-01-21 09:39:25','2025-01-21 09:39:25'),(222,192,'ecommerce/digital-product-files/product-49.jpg','{\"filename\":\"product-49.jpg\",\"url\":\"ecommerce\\/digital-product-files\\/product-49.jpg\",\"mime_type\":\"image\\/jpeg\",\"size\":9730,\"modified\":\"2025-01-21 16:39:25\",\"name\":\"product-49\",\"extension\":\"jpg\"}','2025-01-21 09:39:25','2025-01-21 09:39:25'),(223,192,'ecommerce/digital-product-files/product-70.jpg','{\"filename\":\"product-70.jpg\",\"url\":\"ecommerce\\/digital-product-files\\/product-70.jpg\",\"mime_type\":\"image\\/jpeg\",\"size\":9730,\"modified\":\"2025-01-21 16:39:25\",\"name\":\"product-70\",\"extension\":\"jpg\"}','2025-01-21 09:39:25','2025-01-21 09:39:25'),(224,192,'ecommerce/digital-product-files/product-4.jpg','{\"filename\":\"product-4.jpg\",\"url\":\"ecommerce\\/digital-product-files\\/product-4.jpg\",\"mime_type\":\"image\\/jpeg\",\"size\":9730,\"modified\":\"2025-01-21 16:39:25\",\"name\":\"product-4\",\"extension\":\"jpg\"}','2025-01-21 09:39:25','2025-01-21 09:39:25'),(225,192,'ecommerce/digital-product-files/product-14.jpg','{\"filename\":\"product-14.jpg\",\"url\":\"ecommerce\\/digital-product-files\\/product-14.jpg\",\"mime_type\":\"image\\/jpeg\",\"size\":9730,\"modified\":\"2025-01-21 16:39:25\",\"name\":\"product-14\",\"extension\":\"jpg\"}','2025-01-21 09:39:25','2025-01-21 09:39:25'),(226,192,'ecommerce/digital-product-files/product-68.jpg','{\"filename\":\"product-68.jpg\",\"url\":\"ecommerce\\/digital-product-files\\/product-68.jpg\",\"mime_type\":\"image\\/jpeg\",\"size\":9730,\"modified\":\"2025-01-21 16:39:25\",\"name\":\"product-68\",\"extension\":\"jpg\"}','2025-01-21 09:39:25','2025-01-21 09:39:25'),(227,192,'ecommerce/digital-product-files/product-9.jpg','{\"filename\":\"product-9.jpg\",\"url\":\"ecommerce\\/digital-product-files\\/product-9.jpg\",\"mime_type\":\"image\\/jpeg\",\"size\":9730,\"modified\":\"2025-01-21 16:39:25\",\"name\":\"product-9\",\"extension\":\"jpg\"}','2025-01-21 09:39:25','2025-01-21 09:39:25'),(228,193,'ecommerce/digital-product-files/product-32.jpg','{\"filename\":\"product-32.jpg\",\"url\":\"ecommerce\\/digital-product-files\\/product-32.jpg\",\"mime_type\":\"image\\/jpeg\",\"size\":9730,\"modified\":\"2025-01-21 16:39:25\",\"name\":\"product-32\",\"extension\":\"jpg\"}','2025-01-21 09:39:25','2025-01-21 09:39:25'),(229,193,'ecommerce/digital-product-files/product-2.jpg','{\"filename\":\"product-2.jpg\",\"url\":\"ecommerce\\/digital-product-files\\/product-2.jpg\",\"mime_type\":\"image\\/jpeg\",\"size\":9730,\"modified\":\"2025-01-21 16:39:25\",\"name\":\"product-2\",\"extension\":\"jpg\"}','2025-01-21 09:39:25','2025-01-21 09:39:25'),(230,193,'ecommerce/digital-product-files/product-31.jpg','{\"filename\":\"product-31.jpg\",\"url\":\"ecommerce\\/digital-product-files\\/product-31.jpg\",\"mime_type\":\"image\\/jpeg\",\"size\":9730,\"modified\":\"2025-01-21 16:39:25\",\"name\":\"product-31\",\"extension\":\"jpg\"}','2025-01-21 09:39:25','2025-01-21 09:39:25'),(231,193,'ecommerce/digital-product-files/product-58.jpg','{\"filename\":\"product-58.jpg\",\"url\":\"ecommerce\\/digital-product-files\\/product-58.jpg\",\"mime_type\":\"image\\/jpeg\",\"size\":9730,\"modified\":\"2025-01-21 16:39:25\",\"name\":\"product-58\",\"extension\":\"jpg\"}','2025-01-21 09:39:25','2025-01-21 09:39:25'),(232,193,'ecommerce/digital-product-files/product-75.jpg','{\"filename\":\"product-75.jpg\",\"url\":\"ecommerce\\/digital-product-files\\/product-75.jpg\",\"mime_type\":\"image\\/jpeg\",\"size\":9730,\"modified\":\"2025-01-21 16:39:25\",\"name\":\"product-75\",\"extension\":\"jpg\"}','2025-01-21 09:39:25','2025-01-21 09:39:25'),(233,193,'ecommerce/digital-product-files/product-49.jpg','{\"filename\":\"product-49.jpg\",\"url\":\"ecommerce\\/digital-product-files\\/product-49.jpg\",\"mime_type\":\"image\\/jpeg\",\"size\":9730,\"modified\":\"2025-01-21 16:39:25\",\"name\":\"product-49\",\"extension\":\"jpg\"}','2025-01-21 09:39:25','2025-01-21 09:39:25'),(234,193,'ecommerce/digital-product-files/product-70.jpg','{\"filename\":\"product-70.jpg\",\"url\":\"ecommerce\\/digital-product-files\\/product-70.jpg\",\"mime_type\":\"image\\/jpeg\",\"size\":9730,\"modified\":\"2025-01-21 16:39:25\",\"name\":\"product-70\",\"extension\":\"jpg\"}','2025-01-21 09:39:25','2025-01-21 09:39:25'),(235,193,'ecommerce/digital-product-files/product-4.jpg','{\"filename\":\"product-4.jpg\",\"url\":\"ecommerce\\/digital-product-files\\/product-4.jpg\",\"mime_type\":\"image\\/jpeg\",\"size\":9730,\"modified\":\"2025-01-21 16:39:25\",\"name\":\"product-4\",\"extension\":\"jpg\"}','2025-01-21 09:39:25','2025-01-21 09:39:25'),(236,193,'ecommerce/digital-product-files/product-14.jpg','{\"filename\":\"product-14.jpg\",\"url\":\"ecommerce\\/digital-product-files\\/product-14.jpg\",\"mime_type\":\"image\\/jpeg\",\"size\":9730,\"modified\":\"2025-01-21 16:39:25\",\"name\":\"product-14\",\"extension\":\"jpg\"}','2025-01-21 09:39:25','2025-01-21 09:39:25'),(237,193,'ecommerce/digital-product-files/product-68.jpg','{\"filename\":\"product-68.jpg\",\"url\":\"ecommerce\\/digital-product-files\\/product-68.jpg\",\"mime_type\":\"image\\/jpeg\",\"size\":9730,\"modified\":\"2025-01-21 16:39:25\",\"name\":\"product-68\",\"extension\":\"jpg\"}','2025-01-21 09:39:25','2025-01-21 09:39:25'),(238,193,'ecommerce/digital-product-files/product-9.jpg','{\"filename\":\"product-9.jpg\",\"url\":\"ecommerce\\/digital-product-files\\/product-9.jpg\",\"mime_type\":\"image\\/jpeg\",\"size\":9730,\"modified\":\"2025-01-21 16:39:25\",\"name\":\"product-9\",\"extension\":\"jpg\"}','2025-01-21 09:39:25','2025-01-21 09:39:25'),(239,194,'ecommerce/digital-product-files/product-32.jpg','{\"filename\":\"product-32.jpg\",\"url\":\"ecommerce\\/digital-product-files\\/product-32.jpg\",\"mime_type\":\"image\\/jpeg\",\"size\":9730,\"modified\":\"2025-01-21 16:39:25\",\"name\":\"product-32\",\"extension\":\"jpg\"}','2025-01-21 09:39:25','2025-01-21 09:39:25'),(240,194,'ecommerce/digital-product-files/product-2.jpg','{\"filename\":\"product-2.jpg\",\"url\":\"ecommerce\\/digital-product-files\\/product-2.jpg\",\"mime_type\":\"image\\/jpeg\",\"size\":9730,\"modified\":\"2025-01-21 16:39:25\",\"name\":\"product-2\",\"extension\":\"jpg\"}','2025-01-21 09:39:25','2025-01-21 09:39:25'),(241,194,'ecommerce/digital-product-files/product-31.jpg','{\"filename\":\"product-31.jpg\",\"url\":\"ecommerce\\/digital-product-files\\/product-31.jpg\",\"mime_type\":\"image\\/jpeg\",\"size\":9730,\"modified\":\"2025-01-21 16:39:25\",\"name\":\"product-31\",\"extension\":\"jpg\"}','2025-01-21 09:39:25','2025-01-21 09:39:25'),(242,194,'ecommerce/digital-product-files/product-58.jpg','{\"filename\":\"product-58.jpg\",\"url\":\"ecommerce\\/digital-product-files\\/product-58.jpg\",\"mime_type\":\"image\\/jpeg\",\"size\":9730,\"modified\":\"2025-01-21 16:39:25\",\"name\":\"product-58\",\"extension\":\"jpg\"}','2025-01-21 09:39:25','2025-01-21 09:39:25'),(243,194,'ecommerce/digital-product-files/product-75.jpg','{\"filename\":\"product-75.jpg\",\"url\":\"ecommerce\\/digital-product-files\\/product-75.jpg\",\"mime_type\":\"image\\/jpeg\",\"size\":9730,\"modified\":\"2025-01-21 16:39:25\",\"name\":\"product-75\",\"extension\":\"jpg\"}','2025-01-21 09:39:25','2025-01-21 09:39:25'),(244,194,'ecommerce/digital-product-files/product-49.jpg','{\"filename\":\"product-49.jpg\",\"url\":\"ecommerce\\/digital-product-files\\/product-49.jpg\",\"mime_type\":\"image\\/jpeg\",\"size\":9730,\"modified\":\"2025-01-21 16:39:25\",\"name\":\"product-49\",\"extension\":\"jpg\"}','2025-01-21 09:39:25','2025-01-21 09:39:25'),(245,194,'ecommerce/digital-product-files/product-70.jpg','{\"filename\":\"product-70.jpg\",\"url\":\"ecommerce\\/digital-product-files\\/product-70.jpg\",\"mime_type\":\"image\\/jpeg\",\"size\":9730,\"modified\":\"2025-01-21 16:39:25\",\"name\":\"product-70\",\"extension\":\"jpg\"}','2025-01-21 09:39:25','2025-01-21 09:39:25'),(246,194,'ecommerce/digital-product-files/product-4.jpg','{\"filename\":\"product-4.jpg\",\"url\":\"ecommerce\\/digital-product-files\\/product-4.jpg\",\"mime_type\":\"image\\/jpeg\",\"size\":9730,\"modified\":\"2025-01-21 16:39:25\",\"name\":\"product-4\",\"extension\":\"jpg\"}','2025-01-21 09:39:25','2025-01-21 09:39:25'),(247,194,'ecommerce/digital-product-files/product-14.jpg','{\"filename\":\"product-14.jpg\",\"url\":\"ecommerce\\/digital-product-files\\/product-14.jpg\",\"mime_type\":\"image\\/jpeg\",\"size\":9730,\"modified\":\"2025-01-21 16:39:25\",\"name\":\"product-14\",\"extension\":\"jpg\"}','2025-01-21 09:39:25','2025-01-21 09:39:25'),(248,194,'ecommerce/digital-product-files/product-68.jpg','{\"filename\":\"product-68.jpg\",\"url\":\"ecommerce\\/digital-product-files\\/product-68.jpg\",\"mime_type\":\"image\\/jpeg\",\"size\":9730,\"modified\":\"2025-01-21 16:39:25\",\"name\":\"product-68\",\"extension\":\"jpg\"}','2025-01-21 09:39:25','2025-01-21 09:39:25'),(249,194,'ecommerce/digital-product-files/product-9.jpg','{\"filename\":\"product-9.jpg\",\"url\":\"ecommerce\\/digital-product-files\\/product-9.jpg\",\"mime_type\":\"image\\/jpeg\",\"size\":9730,\"modified\":\"2025-01-21 16:39:25\",\"name\":\"product-9\",\"extension\":\"jpg\"}','2025-01-21 09:39:25','2025-01-21 09:39:25'),(250,205,'ecommerce/digital-product-files/product-7.jpg','{\"filename\":\"product-7.jpg\",\"url\":\"ecommerce\\/digital-product-files\\/product-7.jpg\",\"mime_type\":\"image\\/jpeg\",\"size\":9730,\"modified\":\"2025-01-21 16:39:25\",\"name\":\"product-7\",\"extension\":\"jpg\"}','2025-01-21 09:39:25','2025-01-21 09:39:25'),(251,205,'ecommerce/digital-product-files/product-74.jpg','{\"filename\":\"product-74.jpg\",\"url\":\"ecommerce\\/digital-product-files\\/product-74.jpg\",\"mime_type\":\"image\\/jpeg\",\"size\":9730,\"modified\":\"2025-01-21 16:39:25\",\"name\":\"product-74\",\"extension\":\"jpg\"}','2025-01-21 09:39:25','2025-01-21 09:39:25'),(252,205,'ecommerce/digital-product-files/product-86.jpg','{\"filename\":\"product-86.jpg\",\"url\":\"ecommerce\\/digital-product-files\\/product-86.jpg\",\"mime_type\":\"image\\/jpeg\",\"size\":9730,\"modified\":\"2025-01-21 16:39:25\",\"name\":\"product-86\",\"extension\":\"jpg\"}','2025-01-21 09:39:25','2025-01-21 09:39:25'),(253,205,'ecommerce/digital-product-files/product-29.jpg','{\"filename\":\"product-29.jpg\",\"url\":\"ecommerce\\/digital-product-files\\/product-29.jpg\",\"mime_type\":\"image\\/jpeg\",\"size\":9730,\"modified\":\"2025-01-21 16:39:25\",\"name\":\"product-29\",\"extension\":\"jpg\"}','2025-01-21 09:39:25','2025-01-21 09:39:25'),(254,205,'ecommerce/digital-product-files/product-23.jpg','{\"filename\":\"product-23.jpg\",\"url\":\"ecommerce\\/digital-product-files\\/product-23.jpg\",\"mime_type\":\"image\\/jpeg\",\"size\":9730,\"modified\":\"2025-01-21 16:39:25\",\"name\":\"product-23\",\"extension\":\"jpg\"}','2025-01-21 09:39:25','2025-01-21 09:39:25'),(255,205,'ecommerce/digital-product-files/product-80.jpg','{\"filename\":\"product-80.jpg\",\"url\":\"ecommerce\\/digital-product-files\\/product-80.jpg\",\"mime_type\":\"image\\/jpeg\",\"size\":9730,\"modified\":\"2025-01-21 16:39:25\",\"name\":\"product-80\",\"extension\":\"jpg\"}','2025-01-21 09:39:25','2025-01-21 09:39:25'),(256,205,'ecommerce/digital-product-files/product-66.jpg','{\"filename\":\"product-66.jpg\",\"url\":\"ecommerce\\/digital-product-files\\/product-66.jpg\",\"mime_type\":\"image\\/jpeg\",\"size\":9730,\"modified\":\"2025-01-21 16:39:25\",\"name\":\"product-66\",\"extension\":\"jpg\"}','2025-01-21 09:39:25','2025-01-21 09:39:25'),(257,205,'ecommerce/digital-product-files/product-79.jpg','{\"filename\":\"product-79.jpg\",\"url\":\"ecommerce\\/digital-product-files\\/product-79.jpg\",\"mime_type\":\"image\\/jpeg\",\"size\":9730,\"modified\":\"2025-01-21 16:39:25\",\"name\":\"product-79\",\"extension\":\"jpg\"}','2025-01-21 09:39:25','2025-01-21 09:39:25'),(258,205,'ecommerce/digital-product-files/product-84.jpg','{\"filename\":\"product-84.jpg\",\"url\":\"ecommerce\\/digital-product-files\\/product-84.jpg\",\"mime_type\":\"image\\/jpeg\",\"size\":9730,\"modified\":\"2025-01-21 16:39:25\",\"name\":\"product-84\",\"extension\":\"jpg\"}','2025-01-21 09:39:25','2025-01-21 09:39:25'),(259,205,'ecommerce/digital-product-files/product-26.jpg','{\"filename\":\"product-26.jpg\",\"url\":\"ecommerce\\/digital-product-files\\/product-26.jpg\",\"mime_type\":\"image\\/jpeg\",\"size\":9730,\"modified\":\"2025-01-21 16:39:25\",\"name\":\"product-26\",\"extension\":\"jpg\"}','2025-01-21 09:39:25','2025-01-21 09:39:25'),(260,205,'ecommerce/digital-product-files/product-48.jpg','{\"filename\":\"product-48.jpg\",\"url\":\"ecommerce\\/digital-product-files\\/product-48.jpg\",\"mime_type\":\"image\\/jpeg\",\"size\":9730,\"modified\":\"2025-01-21 16:39:25\",\"name\":\"product-48\",\"extension\":\"jpg\"}','2025-01-21 09:39:25','2025-01-21 09:39:25'),(261,205,'ecommerce/digital-product-files/product-4.jpg','{\"filename\":\"product-4.jpg\",\"url\":\"ecommerce\\/digital-product-files\\/product-4.jpg\",\"mime_type\":\"image\\/jpeg\",\"size\":9730,\"modified\":\"2025-01-21 16:39:25\",\"name\":\"product-4\",\"extension\":\"jpg\"}','2025-01-21 09:39:25','2025-01-21 09:39:25'),(262,206,'ecommerce/digital-product-files/product-7.jpg','{\"filename\":\"product-7.jpg\",\"url\":\"ecommerce\\/digital-product-files\\/product-7.jpg\",\"mime_type\":\"image\\/jpeg\",\"size\":9730,\"modified\":\"2025-01-21 16:39:25\",\"name\":\"product-7\",\"extension\":\"jpg\"}','2025-01-21 09:39:25','2025-01-21 09:39:25'),(263,206,'ecommerce/digital-product-files/product-74.jpg','{\"filename\":\"product-74.jpg\",\"url\":\"ecommerce\\/digital-product-files\\/product-74.jpg\",\"mime_type\":\"image\\/jpeg\",\"size\":9730,\"modified\":\"2025-01-21 16:39:25\",\"name\":\"product-74\",\"extension\":\"jpg\"}','2025-01-21 09:39:25','2025-01-21 09:39:25'),(264,206,'ecommerce/digital-product-files/product-86.jpg','{\"filename\":\"product-86.jpg\",\"url\":\"ecommerce\\/digital-product-files\\/product-86.jpg\",\"mime_type\":\"image\\/jpeg\",\"size\":9730,\"modified\":\"2025-01-21 16:39:25\",\"name\":\"product-86\",\"extension\":\"jpg\"}','2025-01-21 09:39:25','2025-01-21 09:39:25'),(265,206,'ecommerce/digital-product-files/product-29.jpg','{\"filename\":\"product-29.jpg\",\"url\":\"ecommerce\\/digital-product-files\\/product-29.jpg\",\"mime_type\":\"image\\/jpeg\",\"size\":9730,\"modified\":\"2025-01-21 16:39:25\",\"name\":\"product-29\",\"extension\":\"jpg\"}','2025-01-21 09:39:25','2025-01-21 09:39:25'),(266,206,'ecommerce/digital-product-files/product-23.jpg','{\"filename\":\"product-23.jpg\",\"url\":\"ecommerce\\/digital-product-files\\/product-23.jpg\",\"mime_type\":\"image\\/jpeg\",\"size\":9730,\"modified\":\"2025-01-21 16:39:25\",\"name\":\"product-23\",\"extension\":\"jpg\"}','2025-01-21 09:39:25','2025-01-21 09:39:25'),(267,206,'ecommerce/digital-product-files/product-80.jpg','{\"filename\":\"product-80.jpg\",\"url\":\"ecommerce\\/digital-product-files\\/product-80.jpg\",\"mime_type\":\"image\\/jpeg\",\"size\":9730,\"modified\":\"2025-01-21 16:39:25\",\"name\":\"product-80\",\"extension\":\"jpg\"}','2025-01-21 09:39:25','2025-01-21 09:39:25'),(268,206,'ecommerce/digital-product-files/product-66.jpg','{\"filename\":\"product-66.jpg\",\"url\":\"ecommerce\\/digital-product-files\\/product-66.jpg\",\"mime_type\":\"image\\/jpeg\",\"size\":9730,\"modified\":\"2025-01-21 16:39:25\",\"name\":\"product-66\",\"extension\":\"jpg\"}','2025-01-21 09:39:25','2025-01-21 09:39:25'),(269,206,'ecommerce/digital-product-files/product-79.jpg','{\"filename\":\"product-79.jpg\",\"url\":\"ecommerce\\/digital-product-files\\/product-79.jpg\",\"mime_type\":\"image\\/jpeg\",\"size\":9730,\"modified\":\"2025-01-21 16:39:25\",\"name\":\"product-79\",\"extension\":\"jpg\"}','2025-01-21 09:39:25','2025-01-21 09:39:25'),(270,206,'ecommerce/digital-product-files/product-84.jpg','{\"filename\":\"product-84.jpg\",\"url\":\"ecommerce\\/digital-product-files\\/product-84.jpg\",\"mime_type\":\"image\\/jpeg\",\"size\":9730,\"modified\":\"2025-01-21 16:39:25\",\"name\":\"product-84\",\"extension\":\"jpg\"}','2025-01-21 09:39:25','2025-01-21 09:39:25'),(271,206,'ecommerce/digital-product-files/product-26.jpg','{\"filename\":\"product-26.jpg\",\"url\":\"ecommerce\\/digital-product-files\\/product-26.jpg\",\"mime_type\":\"image\\/jpeg\",\"size\":9730,\"modified\":\"2025-01-21 16:39:25\",\"name\":\"product-26\",\"extension\":\"jpg\"}','2025-01-21 09:39:25','2025-01-21 09:39:25'),(272,206,'ecommerce/digital-product-files/product-48.jpg','{\"filename\":\"product-48.jpg\",\"url\":\"ecommerce\\/digital-product-files\\/product-48.jpg\",\"mime_type\":\"image\\/jpeg\",\"size\":9730,\"modified\":\"2025-01-21 16:39:25\",\"name\":\"product-48\",\"extension\":\"jpg\"}','2025-01-21 09:39:25','2025-01-21 09:39:25'),(273,206,'ecommerce/digital-product-files/product-4.jpg','{\"filename\":\"product-4.jpg\",\"url\":\"ecommerce\\/digital-product-files\\/product-4.jpg\",\"mime_type\":\"image\\/jpeg\",\"size\":9730,\"modified\":\"2025-01-21 16:39:25\",\"name\":\"product-4\",\"extension\":\"jpg\"}','2025-01-21 09:39:25','2025-01-21 09:39:25'),(274,216,'ecommerce/digital-product-files/product-75.jpg','{\"filename\":\"product-75.jpg\",\"url\":\"ecommerce\\/digital-product-files\\/product-75.jpg\",\"mime_type\":\"image\\/jpeg\",\"size\":9730,\"modified\":\"2025-01-21 16:39:25\",\"name\":\"product-75\",\"extension\":\"jpg\"}','2025-01-21 09:39:25','2025-01-21 09:39:25'),(275,216,'ecommerce/digital-product-files/product-54.jpg','{\"filename\":\"product-54.jpg\",\"url\":\"ecommerce\\/digital-product-files\\/product-54.jpg\",\"mime_type\":\"image\\/jpeg\",\"size\":9730,\"modified\":\"2025-01-21 16:39:25\",\"name\":\"product-54\",\"extension\":\"jpg\"}','2025-01-21 09:39:25','2025-01-21 09:39:25'),(276,216,'ecommerce/digital-product-files/product-15.jpg','{\"filename\":\"product-15.jpg\",\"url\":\"ecommerce\\/digital-product-files\\/product-15.jpg\",\"mime_type\":\"image\\/jpeg\",\"size\":9730,\"modified\":\"2025-01-21 16:39:25\",\"name\":\"product-15\",\"extension\":\"jpg\"}','2025-01-21 09:39:25','2025-01-21 09:39:25'),(277,216,'ecommerce/digital-product-files/product-35.jpg','{\"filename\":\"product-35.jpg\",\"url\":\"ecommerce\\/digital-product-files\\/product-35.jpg\",\"mime_type\":\"image\\/jpeg\",\"size\":9730,\"modified\":\"2025-01-21 16:39:25\",\"name\":\"product-35\",\"extension\":\"jpg\"}','2025-01-21 09:39:25','2025-01-21 09:39:25'),(278,216,'ecommerce/digital-product-files/product-49.jpg','{\"filename\":\"product-49.jpg\",\"url\":\"ecommerce\\/digital-product-files\\/product-49.jpg\",\"mime_type\":\"image\\/jpeg\",\"size\":9730,\"modified\":\"2025-01-21 16:39:25\",\"name\":\"product-49\",\"extension\":\"jpg\"}','2025-01-21 09:39:25','2025-01-21 09:39:25'),(279,216,'ecommerce/digital-product-files/product-32.jpg','{\"filename\":\"product-32.jpg\",\"url\":\"ecommerce\\/digital-product-files\\/product-32.jpg\",\"mime_type\":\"image\\/jpeg\",\"size\":9730,\"modified\":\"2025-01-21 16:39:25\",\"name\":\"product-32\",\"extension\":\"jpg\"}','2025-01-21 09:39:25','2025-01-21 09:39:25'),(280,216,'ecommerce/digital-product-files/product-25.jpg','{\"filename\":\"product-25.jpg\",\"url\":\"ecommerce\\/digital-product-files\\/product-25.jpg\",\"mime_type\":\"image\\/jpeg\",\"size\":9730,\"modified\":\"2025-01-21 16:39:25\",\"name\":\"product-25\",\"extension\":\"jpg\"}','2025-01-21 09:39:25','2025-01-21 09:39:25'),(281,216,'ecommerce/digital-product-files/product-61.jpg','{\"filename\":\"product-61.jpg\",\"url\":\"ecommerce\\/digital-product-files\\/product-61.jpg\",\"mime_type\":\"image\\/jpeg\",\"size\":9730,\"modified\":\"2025-01-21 16:39:25\",\"name\":\"product-61\",\"extension\":\"jpg\"}','2025-01-21 09:39:25','2025-01-21 09:39:25'),(282,216,'ecommerce/digital-product-files/product-45.jpg','{\"filename\":\"product-45.jpg\",\"url\":\"ecommerce\\/digital-product-files\\/product-45.jpg\",\"mime_type\":\"image\\/jpeg\",\"size\":9730,\"modified\":\"2025-01-21 16:39:25\",\"name\":\"product-45\",\"extension\":\"jpg\"}','2025-01-21 09:39:25','2025-01-21 09:39:25'),(283,216,'ecommerce/digital-product-files/product-78.jpg','{\"filename\":\"product-78.jpg\",\"url\":\"ecommerce\\/digital-product-files\\/product-78.jpg\",\"mime_type\":\"image\\/jpeg\",\"size\":9730,\"modified\":\"2025-01-21 16:39:25\",\"name\":\"product-78\",\"extension\":\"jpg\"}','2025-01-21 09:39:25','2025-01-21 09:39:25'),(284,216,'ecommerce/digital-product-files/product-53.jpg','{\"filename\":\"product-53.jpg\",\"url\":\"ecommerce\\/digital-product-files\\/product-53.jpg\",\"mime_type\":\"image\\/jpeg\",\"size\":9730,\"modified\":\"2025-01-21 16:39:25\",\"name\":\"product-53\",\"extension\":\"jpg\"}','2025-01-21 09:39:25','2025-01-21 09:39:25'),(285,216,'ecommerce/digital-product-files/product-26.jpg','{\"filename\":\"product-26.jpg\",\"url\":\"ecommerce\\/digital-product-files\\/product-26.jpg\",\"mime_type\":\"image\\/jpeg\",\"size\":9730,\"modified\":\"2025-01-21 16:39:25\",\"name\":\"product-26\",\"extension\":\"jpg\"}','2025-01-21 09:39:25','2025-01-21 09:39:25'),(286,224,'ecommerce/digital-product-files/product-57.jpg','{\"filename\":\"product-57.jpg\",\"url\":\"ecommerce\\/digital-product-files\\/product-57.jpg\",\"mime_type\":\"image\\/jpeg\",\"size\":9730,\"modified\":\"2025-01-21 16:39:25\",\"name\":\"product-57\",\"extension\":\"jpg\"}','2025-01-21 09:39:25','2025-01-21 09:39:25'),(287,224,'ecommerce/digital-product-files/product-73.jpg','{\"filename\":\"product-73.jpg\",\"url\":\"ecommerce\\/digital-product-files\\/product-73.jpg\",\"mime_type\":\"image\\/jpeg\",\"size\":9730,\"modified\":\"2025-01-21 16:39:25\",\"name\":\"product-73\",\"extension\":\"jpg\"}','2025-01-21 09:39:25','2025-01-21 09:39:25'),(288,224,'ecommerce/digital-product-files/product-67.jpg','{\"filename\":\"product-67.jpg\",\"url\":\"ecommerce\\/digital-product-files\\/product-67.jpg\",\"mime_type\":\"image\\/jpeg\",\"size\":9730,\"modified\":\"2025-01-21 16:39:25\",\"name\":\"product-67\",\"extension\":\"jpg\"}','2025-01-21 09:39:25','2025-01-21 09:39:25'),(289,224,'ecommerce/digital-product-files/product-17.jpg','{\"filename\":\"product-17.jpg\",\"url\":\"ecommerce\\/digital-product-files\\/product-17.jpg\",\"mime_type\":\"image\\/jpeg\",\"size\":9730,\"modified\":\"2025-01-21 16:39:25\",\"name\":\"product-17\",\"extension\":\"jpg\"}','2025-01-21 09:39:25','2025-01-21 09:39:25'),(290,224,'ecommerce/digital-product-files/product-85.jpg','{\"filename\":\"product-85.jpg\",\"url\":\"ecommerce\\/digital-product-files\\/product-85.jpg\",\"mime_type\":\"image\\/jpeg\",\"size\":9730,\"modified\":\"2025-01-21 16:39:25\",\"name\":\"product-85\",\"extension\":\"jpg\"}','2025-01-21 09:39:25','2025-01-21 09:39:25'),(291,224,'ecommerce/digital-product-files/product-32.jpg','{\"filename\":\"product-32.jpg\",\"url\":\"ecommerce\\/digital-product-files\\/product-32.jpg\",\"mime_type\":\"image\\/jpeg\",\"size\":9730,\"modified\":\"2025-01-21 16:39:25\",\"name\":\"product-32\",\"extension\":\"jpg\"}','2025-01-21 09:39:25','2025-01-21 09:39:25'),(292,225,'ecommerce/digital-product-files/product-57.jpg','{\"filename\":\"product-57.jpg\",\"url\":\"ecommerce\\/digital-product-files\\/product-57.jpg\",\"mime_type\":\"image\\/jpeg\",\"size\":9730,\"modified\":\"2025-01-21 16:39:25\",\"name\":\"product-57\",\"extension\":\"jpg\"}','2025-01-21 09:39:25','2025-01-21 09:39:25'),(293,225,'ecommerce/digital-product-files/product-73.jpg','{\"filename\":\"product-73.jpg\",\"url\":\"ecommerce\\/digital-product-files\\/product-73.jpg\",\"mime_type\":\"image\\/jpeg\",\"size\":9730,\"modified\":\"2025-01-21 16:39:25\",\"name\":\"product-73\",\"extension\":\"jpg\"}','2025-01-21 09:39:25','2025-01-21 09:39:25'),(294,225,'ecommerce/digital-product-files/product-67.jpg','{\"filename\":\"product-67.jpg\",\"url\":\"ecommerce\\/digital-product-files\\/product-67.jpg\",\"mime_type\":\"image\\/jpeg\",\"size\":9730,\"modified\":\"2025-01-21 16:39:25\",\"name\":\"product-67\",\"extension\":\"jpg\"}','2025-01-21 09:39:25','2025-01-21 09:39:25'),(295,225,'ecommerce/digital-product-files/product-17.jpg','{\"filename\":\"product-17.jpg\",\"url\":\"ecommerce\\/digital-product-files\\/product-17.jpg\",\"mime_type\":\"image\\/jpeg\",\"size\":9730,\"modified\":\"2025-01-21 16:39:25\",\"name\":\"product-17\",\"extension\":\"jpg\"}','2025-01-21 09:39:25','2025-01-21 09:39:25'),(296,225,'ecommerce/digital-product-files/product-85.jpg','{\"filename\":\"product-85.jpg\",\"url\":\"ecommerce\\/digital-product-files\\/product-85.jpg\",\"mime_type\":\"image\\/jpeg\",\"size\":9730,\"modified\":\"2025-01-21 16:39:25\",\"name\":\"product-85\",\"extension\":\"jpg\"}','2025-01-21 09:39:25','2025-01-21 09:39:25'),(297,225,'ecommerce/digital-product-files/product-32.jpg','{\"filename\":\"product-32.jpg\",\"url\":\"ecommerce\\/digital-product-files\\/product-32.jpg\",\"mime_type\":\"image\\/jpeg\",\"size\":9730,\"modified\":\"2025-01-21 16:39:25\",\"name\":\"product-32\",\"extension\":\"jpg\"}','2025-01-21 09:39:25','2025-01-21 09:39:25'),(298,226,'ecommerce/digital-product-files/product-57.jpg','{\"filename\":\"product-57.jpg\",\"url\":\"ecommerce\\/digital-product-files\\/product-57.jpg\",\"mime_type\":\"image\\/jpeg\",\"size\":9730,\"modified\":\"2025-01-21 16:39:25\",\"name\":\"product-57\",\"extension\":\"jpg\"}','2025-01-21 09:39:25','2025-01-21 09:39:25'),(299,226,'ecommerce/digital-product-files/product-73.jpg','{\"filename\":\"product-73.jpg\",\"url\":\"ecommerce\\/digital-product-files\\/product-73.jpg\",\"mime_type\":\"image\\/jpeg\",\"size\":9730,\"modified\":\"2025-01-21 16:39:25\",\"name\":\"product-73\",\"extension\":\"jpg\"}','2025-01-21 09:39:25','2025-01-21 09:39:25'),(300,226,'ecommerce/digital-product-files/product-67.jpg','{\"filename\":\"product-67.jpg\",\"url\":\"ecommerce\\/digital-product-files\\/product-67.jpg\",\"mime_type\":\"image\\/jpeg\",\"size\":9730,\"modified\":\"2025-01-21 16:39:25\",\"name\":\"product-67\",\"extension\":\"jpg\"}','2025-01-21 09:39:25','2025-01-21 09:39:25'),(301,226,'ecommerce/digital-product-files/product-17.jpg','{\"filename\":\"product-17.jpg\",\"url\":\"ecommerce\\/digital-product-files\\/product-17.jpg\",\"mime_type\":\"image\\/jpeg\",\"size\":9730,\"modified\":\"2025-01-21 16:39:25\",\"name\":\"product-17\",\"extension\":\"jpg\"}','2025-01-21 09:39:25','2025-01-21 09:39:25'),(302,226,'ecommerce/digital-product-files/product-85.jpg','{\"filename\":\"product-85.jpg\",\"url\":\"ecommerce\\/digital-product-files\\/product-85.jpg\",\"mime_type\":\"image\\/jpeg\",\"size\":9730,\"modified\":\"2025-01-21 16:39:26\",\"name\":\"product-85\",\"extension\":\"jpg\"}','2025-01-21 09:39:26','2025-01-21 09:39:26'),(303,226,'ecommerce/digital-product-files/product-32.jpg','{\"filename\":\"product-32.jpg\",\"url\":\"ecommerce\\/digital-product-files\\/product-32.jpg\",\"mime_type\":\"image\\/jpeg\",\"size\":9730,\"modified\":\"2025-01-21 16:39:26\",\"name\":\"product-32\",\"extension\":\"jpg\"}','2025-01-21 09:39:26','2025-01-21 09:39:26'),(304,227,'ecommerce/digital-product-files/product-57.jpg','{\"filename\":\"product-57.jpg\",\"url\":\"ecommerce\\/digital-product-files\\/product-57.jpg\",\"mime_type\":\"image\\/jpeg\",\"size\":9730,\"modified\":\"2025-01-21 16:39:26\",\"name\":\"product-57\",\"extension\":\"jpg\"}','2025-01-21 09:39:26','2025-01-21 09:39:26'),(305,227,'ecommerce/digital-product-files/product-73.jpg','{\"filename\":\"product-73.jpg\",\"url\":\"ecommerce\\/digital-product-files\\/product-73.jpg\",\"mime_type\":\"image\\/jpeg\",\"size\":9730,\"modified\":\"2025-01-21 16:39:26\",\"name\":\"product-73\",\"extension\":\"jpg\"}','2025-01-21 09:39:26','2025-01-21 09:39:26'),(306,227,'ecommerce/digital-product-files/product-67.jpg','{\"filename\":\"product-67.jpg\",\"url\":\"ecommerce\\/digital-product-files\\/product-67.jpg\",\"mime_type\":\"image\\/jpeg\",\"size\":9730,\"modified\":\"2025-01-21 16:39:26\",\"name\":\"product-67\",\"extension\":\"jpg\"}','2025-01-21 09:39:26','2025-01-21 09:39:26'),(307,227,'ecommerce/digital-product-files/product-17.jpg','{\"filename\":\"product-17.jpg\",\"url\":\"ecommerce\\/digital-product-files\\/product-17.jpg\",\"mime_type\":\"image\\/jpeg\",\"size\":9730,\"modified\":\"2025-01-21 16:39:26\",\"name\":\"product-17\",\"extension\":\"jpg\"}','2025-01-21 09:39:26','2025-01-21 09:39:26'),(308,227,'ecommerce/digital-product-files/product-85.jpg','{\"filename\":\"product-85.jpg\",\"url\":\"ecommerce\\/digital-product-files\\/product-85.jpg\",\"mime_type\":\"image\\/jpeg\",\"size\":9730,\"modified\":\"2025-01-21 16:39:26\",\"name\":\"product-85\",\"extension\":\"jpg\"}','2025-01-21 09:39:26','2025-01-21 09:39:26'),(309,227,'ecommerce/digital-product-files/product-32.jpg','{\"filename\":\"product-32.jpg\",\"url\":\"ecommerce\\/digital-product-files\\/product-32.jpg\",\"mime_type\":\"image\\/jpeg\",\"size\":9730,\"modified\":\"2025-01-21 16:39:26\",\"name\":\"product-32\",\"extension\":\"jpg\"}','2025-01-21 09:39:26','2025-01-21 09:39:26'),(310,234,'ecommerce/digital-product-files/product-75.jpg','{\"filename\":\"product-75.jpg\",\"url\":\"ecommerce\\/digital-product-files\\/product-75.jpg\",\"mime_type\":\"image\\/jpeg\",\"size\":9730,\"modified\":\"2025-01-21 16:39:26\",\"name\":\"product-75\",\"extension\":\"jpg\"}','2025-01-21 09:39:26','2025-01-21 09:39:26'),(311,234,'ecommerce/digital-product-files/product-72.jpg','{\"filename\":\"product-72.jpg\",\"url\":\"ecommerce\\/digital-product-files\\/product-72.jpg\",\"mime_type\":\"image\\/jpeg\",\"size\":9730,\"modified\":\"2025-01-21 16:39:26\",\"name\":\"product-72\",\"extension\":\"jpg\"}','2025-01-21 09:39:26','2025-01-21 09:39:26'),(312,234,'ecommerce/digital-product-files/product-94.jpg','{\"filename\":\"product-94.jpg\",\"url\":\"ecommerce\\/digital-product-files\\/product-94.jpg\",\"mime_type\":\"image\\/jpeg\",\"size\":9730,\"modified\":\"2025-01-21 16:39:26\",\"name\":\"product-94\",\"extension\":\"jpg\"}','2025-01-21 09:39:26','2025-01-21 09:39:26'),(313,234,'ecommerce/digital-product-files/product-57.jpg','{\"filename\":\"product-57.jpg\",\"url\":\"ecommerce\\/digital-product-files\\/product-57.jpg\",\"mime_type\":\"image\\/jpeg\",\"size\":9730,\"modified\":\"2025-01-21 16:39:26\",\"name\":\"product-57\",\"extension\":\"jpg\"}','2025-01-21 09:39:26','2025-01-21 09:39:26'),(314,234,'ecommerce/digital-product-files/product-79.jpg','{\"filename\":\"product-79.jpg\",\"url\":\"ecommerce\\/digital-product-files\\/product-79.jpg\",\"mime_type\":\"image\\/jpeg\",\"size\":9730,\"modified\":\"2025-01-21 16:39:26\",\"name\":\"product-79\",\"extension\":\"jpg\"}','2025-01-21 09:39:26','2025-01-21 09:39:26'),(315,234,'ecommerce/digital-product-files/product-21.jpg','{\"filename\":\"product-21.jpg\",\"url\":\"ecommerce\\/digital-product-files\\/product-21.jpg\",\"mime_type\":\"image\\/jpeg\",\"size\":9730,\"modified\":\"2025-01-21 16:39:26\",\"name\":\"product-21\",\"extension\":\"jpg\"}','2025-01-21 09:39:26','2025-01-21 09:39:26'),(316,235,'ecommerce/digital-product-files/product-75.jpg','{\"filename\":\"product-75.jpg\",\"url\":\"ecommerce\\/digital-product-files\\/product-75.jpg\",\"mime_type\":\"image\\/jpeg\",\"size\":9730,\"modified\":\"2025-01-21 16:39:26\",\"name\":\"product-75\",\"extension\":\"jpg\"}','2025-01-21 09:39:26','2025-01-21 09:39:26'),(317,235,'ecommerce/digital-product-files/product-72.jpg','{\"filename\":\"product-72.jpg\",\"url\":\"ecommerce\\/digital-product-files\\/product-72.jpg\",\"mime_type\":\"image\\/jpeg\",\"size\":9730,\"modified\":\"2025-01-21 16:39:26\",\"name\":\"product-72\",\"extension\":\"jpg\"}','2025-01-21 09:39:26','2025-01-21 09:39:26'),(318,235,'ecommerce/digital-product-files/product-94.jpg','{\"filename\":\"product-94.jpg\",\"url\":\"ecommerce\\/digital-product-files\\/product-94.jpg\",\"mime_type\":\"image\\/jpeg\",\"size\":9730,\"modified\":\"2025-01-21 16:39:26\",\"name\":\"product-94\",\"extension\":\"jpg\"}','2025-01-21 09:39:26','2025-01-21 09:39:26'),(319,235,'ecommerce/digital-product-files/product-57.jpg','{\"filename\":\"product-57.jpg\",\"url\":\"ecommerce\\/digital-product-files\\/product-57.jpg\",\"mime_type\":\"image\\/jpeg\",\"size\":9730,\"modified\":\"2025-01-21 16:39:26\",\"name\":\"product-57\",\"extension\":\"jpg\"}','2025-01-21 09:39:26','2025-01-21 09:39:26'),(320,235,'ecommerce/digital-product-files/product-79.jpg','{\"filename\":\"product-79.jpg\",\"url\":\"ecommerce\\/digital-product-files\\/product-79.jpg\",\"mime_type\":\"image\\/jpeg\",\"size\":9730,\"modified\":\"2025-01-21 16:39:26\",\"name\":\"product-79\",\"extension\":\"jpg\"}','2025-01-21 09:39:26','2025-01-21 09:39:26'),(321,235,'ecommerce/digital-product-files/product-21.jpg','{\"filename\":\"product-21.jpg\",\"url\":\"ecommerce\\/digital-product-files\\/product-21.jpg\",\"mime_type\":\"image\\/jpeg\",\"size\":9730,\"modified\":\"2025-01-21 16:39:26\",\"name\":\"product-21\",\"extension\":\"jpg\"}','2025-01-21 09:39:26','2025-01-21 09:39:26'),(322,236,'ecommerce/digital-product-files/product-75.jpg','{\"filename\":\"product-75.jpg\",\"url\":\"ecommerce\\/digital-product-files\\/product-75.jpg\",\"mime_type\":\"image\\/jpeg\",\"size\":9730,\"modified\":\"2025-01-21 16:39:26\",\"name\":\"product-75\",\"extension\":\"jpg\"}','2025-01-21 09:39:26','2025-01-21 09:39:26'),(323,236,'ecommerce/digital-product-files/product-72.jpg','{\"filename\":\"product-72.jpg\",\"url\":\"ecommerce\\/digital-product-files\\/product-72.jpg\",\"mime_type\":\"image\\/jpeg\",\"size\":9730,\"modified\":\"2025-01-21 16:39:26\",\"name\":\"product-72\",\"extension\":\"jpg\"}','2025-01-21 09:39:26','2025-01-21 09:39:26'),(324,236,'ecommerce/digital-product-files/product-94.jpg','{\"filename\":\"product-94.jpg\",\"url\":\"ecommerce\\/digital-product-files\\/product-94.jpg\",\"mime_type\":\"image\\/jpeg\",\"size\":9730,\"modified\":\"2025-01-21 16:39:26\",\"name\":\"product-94\",\"extension\":\"jpg\"}','2025-01-21 09:39:26','2025-01-21 09:39:26'),(325,236,'ecommerce/digital-product-files/product-57.jpg','{\"filename\":\"product-57.jpg\",\"url\":\"ecommerce\\/digital-product-files\\/product-57.jpg\",\"mime_type\":\"image\\/jpeg\",\"size\":9730,\"modified\":\"2025-01-21 16:39:26\",\"name\":\"product-57\",\"extension\":\"jpg\"}','2025-01-21 09:39:26','2025-01-21 09:39:26'),(326,236,'ecommerce/digital-product-files/product-79.jpg','{\"filename\":\"product-79.jpg\",\"url\":\"ecommerce\\/digital-product-files\\/product-79.jpg\",\"mime_type\":\"image\\/jpeg\",\"size\":9730,\"modified\":\"2025-01-21 16:39:26\",\"name\":\"product-79\",\"extension\":\"jpg\"}','2025-01-21 09:39:26','2025-01-21 09:39:26'),(327,236,'ecommerce/digital-product-files/product-21.jpg','{\"filename\":\"product-21.jpg\",\"url\":\"ecommerce\\/digital-product-files\\/product-21.jpg\",\"mime_type\":\"image\\/jpeg\",\"size\":9730,\"modified\":\"2025-01-21 16:39:26\",\"name\":\"product-21\",\"extension\":\"jpg\"}','2025-01-21 09:39:26','2025-01-21 09:39:26'),(328,237,'ecommerce/digital-product-files/product-75.jpg','{\"filename\":\"product-75.jpg\",\"url\":\"ecommerce\\/digital-product-files\\/product-75.jpg\",\"mime_type\":\"image\\/jpeg\",\"size\":9730,\"modified\":\"2025-01-21 16:39:26\",\"name\":\"product-75\",\"extension\":\"jpg\"}','2025-01-21 09:39:26','2025-01-21 09:39:26'),(329,237,'ecommerce/digital-product-files/product-72.jpg','{\"filename\":\"product-72.jpg\",\"url\":\"ecommerce\\/digital-product-files\\/product-72.jpg\",\"mime_type\":\"image\\/jpeg\",\"size\":9730,\"modified\":\"2025-01-21 16:39:26\",\"name\":\"product-72\",\"extension\":\"jpg\"}','2025-01-21 09:39:26','2025-01-21 09:39:26'),(330,237,'ecommerce/digital-product-files/product-94.jpg','{\"filename\":\"product-94.jpg\",\"url\":\"ecommerce\\/digital-product-files\\/product-94.jpg\",\"mime_type\":\"image\\/jpeg\",\"size\":9730,\"modified\":\"2025-01-21 16:39:26\",\"name\":\"product-94\",\"extension\":\"jpg\"}','2025-01-21 09:39:26','2025-01-21 09:39:26'),(331,237,'ecommerce/digital-product-files/product-57.jpg','{\"filename\":\"product-57.jpg\",\"url\":\"ecommerce\\/digital-product-files\\/product-57.jpg\",\"mime_type\":\"image\\/jpeg\",\"size\":9730,\"modified\":\"2025-01-21 16:39:26\",\"name\":\"product-57\",\"extension\":\"jpg\"}','2025-01-21 09:39:26','2025-01-21 09:39:26'),(332,237,'ecommerce/digital-product-files/product-79.jpg','{\"filename\":\"product-79.jpg\",\"url\":\"ecommerce\\/digital-product-files\\/product-79.jpg\",\"mime_type\":\"image\\/jpeg\",\"size\":9730,\"modified\":\"2025-01-21 16:39:26\",\"name\":\"product-79\",\"extension\":\"jpg\"}','2025-01-21 09:39:26','2025-01-21 09:39:26'),(333,237,'ecommerce/digital-product-files/product-21.jpg','{\"filename\":\"product-21.jpg\",\"url\":\"ecommerce\\/digital-product-files\\/product-21.jpg\",\"mime_type\":\"image\\/jpeg\",\"size\":9730,\"modified\":\"2025-01-21 16:39:26\",\"name\":\"product-21\",\"extension\":\"jpg\"}','2025-01-21 09:39:26','2025-01-21 09:39:26'),(334,244,'ecommerce/digital-product-files/product-25.jpg','{\"filename\":\"product-25.jpg\",\"url\":\"ecommerce\\/digital-product-files\\/product-25.jpg\",\"mime_type\":\"image\\/jpeg\",\"size\":9730,\"modified\":\"2025-01-21 16:39:26\",\"name\":\"product-25\",\"extension\":\"jpg\"}','2025-01-21 09:39:26','2025-01-21 09:39:26'),(335,244,'ecommerce/digital-product-files/product-22.jpg','{\"filename\":\"product-22.jpg\",\"url\":\"ecommerce\\/digital-product-files\\/product-22.jpg\",\"mime_type\":\"image\\/jpeg\",\"size\":9730,\"modified\":\"2025-01-21 16:39:26\",\"name\":\"product-22\",\"extension\":\"jpg\"}','2025-01-21 09:39:26','2025-01-21 09:39:26'),(336,244,'ecommerce/digital-product-files/product-36.jpg','{\"filename\":\"product-36.jpg\",\"url\":\"ecommerce\\/digital-product-files\\/product-36.jpg\",\"mime_type\":\"image\\/jpeg\",\"size\":9730,\"modified\":\"2025-01-21 16:39:26\",\"name\":\"product-36\",\"extension\":\"jpg\"}','2025-01-21 09:39:26','2025-01-21 09:39:26'),(337,244,'ecommerce/digital-product-files/product-47.jpg','{\"filename\":\"product-47.jpg\",\"url\":\"ecommerce\\/digital-product-files\\/product-47.jpg\",\"mime_type\":\"image\\/jpeg\",\"size\":9730,\"modified\":\"2025-01-21 16:39:26\",\"name\":\"product-47\",\"extension\":\"jpg\"}','2025-01-21 09:39:26','2025-01-21 09:39:26'),(338,244,'ecommerce/digital-product-files/product-73.jpg','{\"filename\":\"product-73.jpg\",\"url\":\"ecommerce\\/digital-product-files\\/product-73.jpg\",\"mime_type\":\"image\\/jpeg\",\"size\":9730,\"modified\":\"2025-01-21 16:39:26\",\"name\":\"product-73\",\"extension\":\"jpg\"}','2025-01-21 09:39:26','2025-01-21 09:39:26'),(339,244,'ecommerce/digital-product-files/product-14.jpg','{\"filename\":\"product-14.jpg\",\"url\":\"ecommerce\\/digital-product-files\\/product-14.jpg\",\"mime_type\":\"image\\/jpeg\",\"size\":9730,\"modified\":\"2025-01-21 16:39:26\",\"name\":\"product-14\",\"extension\":\"jpg\"}','2025-01-21 09:39:26','2025-01-21 09:39:26'),(340,244,'ecommerce/digital-product-files/product-21.jpg','{\"filename\":\"product-21.jpg\",\"url\":\"ecommerce\\/digital-product-files\\/product-21.jpg\",\"mime_type\":\"image\\/jpeg\",\"size\":9730,\"modified\":\"2025-01-21 16:39:26\",\"name\":\"product-21\",\"extension\":\"jpg\"}','2025-01-21 09:39:26','2025-01-21 09:39:26'),(341,245,'ecommerce/digital-product-files/product-25.jpg','{\"filename\":\"product-25.jpg\",\"url\":\"ecommerce\\/digital-product-files\\/product-25.jpg\",\"mime_type\":\"image\\/jpeg\",\"size\":9730,\"modified\":\"2025-01-21 16:39:26\",\"name\":\"product-25\",\"extension\":\"jpg\"}','2025-01-21 09:39:26','2025-01-21 09:39:26'),(342,245,'ecommerce/digital-product-files/product-22.jpg','{\"filename\":\"product-22.jpg\",\"url\":\"ecommerce\\/digital-product-files\\/product-22.jpg\",\"mime_type\":\"image\\/jpeg\",\"size\":9730,\"modified\":\"2025-01-21 16:39:26\",\"name\":\"product-22\",\"extension\":\"jpg\"}','2025-01-21 09:39:26','2025-01-21 09:39:26'),(343,245,'ecommerce/digital-product-files/product-36.jpg','{\"filename\":\"product-36.jpg\",\"url\":\"ecommerce\\/digital-product-files\\/product-36.jpg\",\"mime_type\":\"image\\/jpeg\",\"size\":9730,\"modified\":\"2025-01-21 16:39:26\",\"name\":\"product-36\",\"extension\":\"jpg\"}','2025-01-21 09:39:26','2025-01-21 09:39:26'),(344,245,'ecommerce/digital-product-files/product-47.jpg','{\"filename\":\"product-47.jpg\",\"url\":\"ecommerce\\/digital-product-files\\/product-47.jpg\",\"mime_type\":\"image\\/jpeg\",\"size\":9730,\"modified\":\"2025-01-21 16:39:26\",\"name\":\"product-47\",\"extension\":\"jpg\"}','2025-01-21 09:39:26','2025-01-21 09:39:26'),(345,245,'ecommerce/digital-product-files/product-73.jpg','{\"filename\":\"product-73.jpg\",\"url\":\"ecommerce\\/digital-product-files\\/product-73.jpg\",\"mime_type\":\"image\\/jpeg\",\"size\":9730,\"modified\":\"2025-01-21 16:39:26\",\"name\":\"product-73\",\"extension\":\"jpg\"}','2025-01-21 09:39:26','2025-01-21 09:39:26'),(346,245,'ecommerce/digital-product-files/product-14.jpg','{\"filename\":\"product-14.jpg\",\"url\":\"ecommerce\\/digital-product-files\\/product-14.jpg\",\"mime_type\":\"image\\/jpeg\",\"size\":9730,\"modified\":\"2025-01-21 16:39:26\",\"name\":\"product-14\",\"extension\":\"jpg\"}','2025-01-21 09:39:26','2025-01-21 09:39:26'),(347,245,'ecommerce/digital-product-files/product-21.jpg','{\"filename\":\"product-21.jpg\",\"url\":\"ecommerce\\/digital-product-files\\/product-21.jpg\",\"mime_type\":\"image\\/jpeg\",\"size\":9730,\"modified\":\"2025-01-21 16:39:26\",\"name\":\"product-21\",\"extension\":\"jpg\"}','2025-01-21 09:39:26','2025-01-21 09:39:26'),(348,246,'ecommerce/digital-product-files/product-25.jpg','{\"filename\":\"product-25.jpg\",\"url\":\"ecommerce\\/digital-product-files\\/product-25.jpg\",\"mime_type\":\"image\\/jpeg\",\"size\":9730,\"modified\":\"2025-01-21 16:39:26\",\"name\":\"product-25\",\"extension\":\"jpg\"}','2025-01-21 09:39:26','2025-01-21 09:39:26'),(349,246,'ecommerce/digital-product-files/product-22.jpg','{\"filename\":\"product-22.jpg\",\"url\":\"ecommerce\\/digital-product-files\\/product-22.jpg\",\"mime_type\":\"image\\/jpeg\",\"size\":9730,\"modified\":\"2025-01-21 16:39:26\",\"name\":\"product-22\",\"extension\":\"jpg\"}','2025-01-21 09:39:26','2025-01-21 09:39:26'),(350,246,'ecommerce/digital-product-files/product-36.jpg','{\"filename\":\"product-36.jpg\",\"url\":\"ecommerce\\/digital-product-files\\/product-36.jpg\",\"mime_type\":\"image\\/jpeg\",\"size\":9730,\"modified\":\"2025-01-21 16:39:26\",\"name\":\"product-36\",\"extension\":\"jpg\"}','2025-01-21 09:39:26','2025-01-21 09:39:26'),(351,246,'ecommerce/digital-product-files/product-47.jpg','{\"filename\":\"product-47.jpg\",\"url\":\"ecommerce\\/digital-product-files\\/product-47.jpg\",\"mime_type\":\"image\\/jpeg\",\"size\":9730,\"modified\":\"2025-01-21 16:39:26\",\"name\":\"product-47\",\"extension\":\"jpg\"}','2025-01-21 09:39:26','2025-01-21 09:39:26'),(352,246,'ecommerce/digital-product-files/product-73.jpg','{\"filename\":\"product-73.jpg\",\"url\":\"ecommerce\\/digital-product-files\\/product-73.jpg\",\"mime_type\":\"image\\/jpeg\",\"size\":9730,\"modified\":\"2025-01-21 16:39:26\",\"name\":\"product-73\",\"extension\":\"jpg\"}','2025-01-21 09:39:26','2025-01-21 09:39:26'),(353,246,'ecommerce/digital-product-files/product-14.jpg','{\"filename\":\"product-14.jpg\",\"url\":\"ecommerce\\/digital-product-files\\/product-14.jpg\",\"mime_type\":\"image\\/jpeg\",\"size\":9730,\"modified\":\"2025-01-21 16:39:26\",\"name\":\"product-14\",\"extension\":\"jpg\"}','2025-01-21 09:39:26','2025-01-21 09:39:26'),(354,246,'ecommerce/digital-product-files/product-21.jpg','{\"filename\":\"product-21.jpg\",\"url\":\"ecommerce\\/digital-product-files\\/product-21.jpg\",\"mime_type\":\"image\\/jpeg\",\"size\":9730,\"modified\":\"2025-01-21 16:39:26\",\"name\":\"product-21\",\"extension\":\"jpg\"}','2025-01-21 09:39:26','2025-01-21 09:39:26'),(355,247,'ecommerce/digital-product-files/product-25.jpg','{\"filename\":\"product-25.jpg\",\"url\":\"ecommerce\\/digital-product-files\\/product-25.jpg\",\"mime_type\":\"image\\/jpeg\",\"size\":9730,\"modified\":\"2025-01-21 16:39:26\",\"name\":\"product-25\",\"extension\":\"jpg\"}','2025-01-21 09:39:26','2025-01-21 09:39:26'),(356,247,'ecommerce/digital-product-files/product-22.jpg','{\"filename\":\"product-22.jpg\",\"url\":\"ecommerce\\/digital-product-files\\/product-22.jpg\",\"mime_type\":\"image\\/jpeg\",\"size\":9730,\"modified\":\"2025-01-21 16:39:26\",\"name\":\"product-22\",\"extension\":\"jpg\"}','2025-01-21 09:39:26','2025-01-21 09:39:26'),(357,247,'ecommerce/digital-product-files/product-36.jpg','{\"filename\":\"product-36.jpg\",\"url\":\"ecommerce\\/digital-product-files\\/product-36.jpg\",\"mime_type\":\"image\\/jpeg\",\"size\":9730,\"modified\":\"2025-01-21 16:39:26\",\"name\":\"product-36\",\"extension\":\"jpg\"}','2025-01-21 09:39:26','2025-01-21 09:39:26'),(358,247,'ecommerce/digital-product-files/product-47.jpg','{\"filename\":\"product-47.jpg\",\"url\":\"ecommerce\\/digital-product-files\\/product-47.jpg\",\"mime_type\":\"image\\/jpeg\",\"size\":9730,\"modified\":\"2025-01-21 16:39:26\",\"name\":\"product-47\",\"extension\":\"jpg\"}','2025-01-21 09:39:26','2025-01-21 09:39:26'),(359,247,'ecommerce/digital-product-files/product-73.jpg','{\"filename\":\"product-73.jpg\",\"url\":\"ecommerce\\/digital-product-files\\/product-73.jpg\",\"mime_type\":\"image\\/jpeg\",\"size\":9730,\"modified\":\"2025-01-21 16:39:26\",\"name\":\"product-73\",\"extension\":\"jpg\"}','2025-01-21 09:39:26','2025-01-21 09:39:26'),(360,247,'ecommerce/digital-product-files/product-14.jpg','{\"filename\":\"product-14.jpg\",\"url\":\"ecommerce\\/digital-product-files\\/product-14.jpg\",\"mime_type\":\"image\\/jpeg\",\"size\":9730,\"modified\":\"2025-01-21 16:39:26\",\"name\":\"product-14\",\"extension\":\"jpg\"}','2025-01-21 09:39:26','2025-01-21 09:39:26'),(361,247,'ecommerce/digital-product-files/product-21.jpg','{\"filename\":\"product-21.jpg\",\"url\":\"ecommerce\\/digital-product-files\\/product-21.jpg\",\"mime_type\":\"image\\/jpeg\",\"size\":9730,\"modified\":\"2025-01-21 16:39:26\",\"name\":\"product-21\",\"extension\":\"jpg\"}','2025-01-21 09:39:26','2025-01-21 09:39:26'),(362,248,'ecommerce/digital-product-files/product-25.jpg','{\"filename\":\"product-25.jpg\",\"url\":\"ecommerce\\/digital-product-files\\/product-25.jpg\",\"mime_type\":\"image\\/jpeg\",\"size\":9730,\"modified\":\"2025-01-21 16:39:26\",\"name\":\"product-25\",\"extension\":\"jpg\"}','2025-01-21 09:39:26','2025-01-21 09:39:26'),(363,248,'ecommerce/digital-product-files/product-22.jpg','{\"filename\":\"product-22.jpg\",\"url\":\"ecommerce\\/digital-product-files\\/product-22.jpg\",\"mime_type\":\"image\\/jpeg\",\"size\":9730,\"modified\":\"2025-01-21 16:39:26\",\"name\":\"product-22\",\"extension\":\"jpg\"}','2025-01-21 09:39:26','2025-01-21 09:39:26'),(364,248,'ecommerce/digital-product-files/product-36.jpg','{\"filename\":\"product-36.jpg\",\"url\":\"ecommerce\\/digital-product-files\\/product-36.jpg\",\"mime_type\":\"image\\/jpeg\",\"size\":9730,\"modified\":\"2025-01-21 16:39:26\",\"name\":\"product-36\",\"extension\":\"jpg\"}','2025-01-21 09:39:26','2025-01-21 09:39:26'),(365,248,'ecommerce/digital-product-files/product-47.jpg','{\"filename\":\"product-47.jpg\",\"url\":\"ecommerce\\/digital-product-files\\/product-47.jpg\",\"mime_type\":\"image\\/jpeg\",\"size\":9730,\"modified\":\"2025-01-21 16:39:26\",\"name\":\"product-47\",\"extension\":\"jpg\"}','2025-01-21 09:39:26','2025-01-21 09:39:26'),(366,248,'ecommerce/digital-product-files/product-73.jpg','{\"filename\":\"product-73.jpg\",\"url\":\"ecommerce\\/digital-product-files\\/product-73.jpg\",\"mime_type\":\"image\\/jpeg\",\"size\":9730,\"modified\":\"2025-01-21 16:39:26\",\"name\":\"product-73\",\"extension\":\"jpg\"}','2025-01-21 09:39:26','2025-01-21 09:39:26'),(367,248,'ecommerce/digital-product-files/product-14.jpg','{\"filename\":\"product-14.jpg\",\"url\":\"ecommerce\\/digital-product-files\\/product-14.jpg\",\"mime_type\":\"image\\/jpeg\",\"size\":9730,\"modified\":\"2025-01-21 16:39:26\",\"name\":\"product-14\",\"extension\":\"jpg\"}','2025-01-21 09:39:26','2025-01-21 09:39:26'),(368,248,'ecommerce/digital-product-files/product-21.jpg','{\"filename\":\"product-21.jpg\",\"url\":\"ecommerce\\/digital-product-files\\/product-21.jpg\",\"mime_type\":\"image\\/jpeg\",\"size\":9730,\"modified\":\"2025-01-21 16:39:26\",\"name\":\"product-21\",\"extension\":\"jpg\"}','2025-01-21 09:39:26','2025-01-21 09:39:26');
/*!40000 ALTER TABLE `ec_product_files` ENABLE KEYS */;
UNLOCK TABLES;

--
-- Table structure for table `ec_product_label_products`
--

DROP TABLE IF EXISTS `ec_product_label_products`;
/*!40101 SET @saved_cs_client     = @@character_set_client */;
/*!40101 SET character_set_client = utf8 */;
CREATE TABLE `ec_product_label_products` (
  `product_label_id` bigint unsigned NOT NULL,
  `product_id` bigint unsigned NOT NULL,
  PRIMARY KEY (`product_label_id`,`product_id`),
  KEY `ec_product_label_products_product_label_id_index` (`product_label_id`),
  KEY `ec_product_label_products_product_id_index` (`product_id`)
) ENGINE=InnoDB DEFAULT CHARSET=utf8mb4 COLLATE=utf8mb4_unicode_ci;
/*!40101 SET character_set_client = @saved_cs_client */;

--
-- Dumping data for table `ec_product_label_products`
--

LOCK TABLES `ec_product_label_products` WRITE;
/*!40000 ALTER TABLE `ec_product_label_products` DISABLE KEYS */;
INSERT INTO `ec_product_label_products` VALUES (1,21),(1,28),(1,63),(2,56),(3,7),(3,14),(3,35),(3,42),(3,49),(3,70);
/*!40000 ALTER TABLE `ec_product_label_products` ENABLE KEYS */;
UNLOCK TABLES;

--
-- Table structure for table `ec_product_labels`
--

DROP TABLE IF EXISTS `ec_product_labels`;
/*!40101 SET @saved_cs_client     = @@character_set_client */;
/*!40101 SET character_set_client = utf8 */;
CREATE TABLE `ec_product_labels` (
  `id` bigint unsigned NOT NULL AUTO_INCREMENT,
  `name` varchar(191) COLLATE utf8mb4_unicode_ci NOT NULL,
  `color` varchar(120) COLLATE utf8mb4_unicode_ci DEFAULT NULL,
  `status` varchar(60) COLLATE utf8mb4_unicode_ci NOT NULL DEFAULT 'published',
  `created_at` timestamp NULL DEFAULT NULL,
  `updated_at` timestamp NULL DEFAULT NULL,
  PRIMARY KEY (`id`)
) ENGINE=InnoDB AUTO_INCREMENT=4 DEFAULT CHARSET=utf8mb4 COLLATE=utf8mb4_unicode_ci;
/*!40101 SET character_set_client = @saved_cs_client */;

--
-- Dumping data for table `ec_product_labels`
--

LOCK TABLES `ec_product_labels` WRITE;
/*!40000 ALTER TABLE `ec_product_labels` DISABLE KEYS */;
INSERT INTO `ec_product_labels` VALUES (1,'Hot','#d71e2d','published','2025-01-21 09:39:10','2025-01-21 09:39:10'),(2,'New','#02856e','published','2025-01-21 09:39:10','2025-01-21 09:39:10'),(3,'Sale','#fe9931','published','2025-01-21 09:39:10','2025-01-21 09:39:10');
/*!40000 ALTER TABLE `ec_product_labels` ENABLE KEYS */;
UNLOCK TABLES;

--
-- Table structure for table `ec_product_labels_translations`
--

DROP TABLE IF EXISTS `ec_product_labels_translations`;
/*!40101 SET @saved_cs_client     = @@character_set_client */;
/*!40101 SET character_set_client = utf8 */;
CREATE TABLE `ec_product_labels_translations` (
  `lang_code` varchar(191) COLLATE utf8mb4_unicode_ci NOT NULL,
  `ec_product_labels_id` bigint unsigned NOT NULL,
  `name` varchar(191) COLLATE utf8mb4_unicode_ci DEFAULT NULL,
  `description` varchar(400) COLLATE utf8mb4_unicode_ci DEFAULT NULL,
  PRIMARY KEY (`lang_code`,`ec_product_labels_id`)
) ENGINE=InnoDB DEFAULT CHARSET=utf8mb4 COLLATE=utf8mb4_unicode_ci;
/*!40101 SET character_set_client = @saved_cs_client */;

--
-- Dumping data for table `ec_product_labels_translations`
--

LOCK TABLES `ec_product_labels_translations` WRITE;
/*!40000 ALTER TABLE `ec_product_labels_translations` DISABLE KEYS */;
/*!40000 ALTER TABLE `ec_product_labels_translations` ENABLE KEYS */;
UNLOCK TABLES;

--
-- Table structure for table `ec_product_related_relations`
--

DROP TABLE IF EXISTS `ec_product_related_relations`;
/*!40101 SET @saved_cs_client     = @@character_set_client */;
/*!40101 SET character_set_client = utf8 */;
CREATE TABLE `ec_product_related_relations` (
  `from_product_id` bigint unsigned NOT NULL,
  `to_product_id` bigint unsigned NOT NULL,
  PRIMARY KEY (`from_product_id`,`to_product_id`),
  KEY `ec_product_related_relations_from_product_id_index` (`from_product_id`),
  KEY `ec_product_related_relations_to_product_id_index` (`to_product_id`)
) ENGINE=InnoDB DEFAULT CHARSET=utf8mb4 COLLATE=utf8mb4_unicode_ci;
/*!40101 SET character_set_client = @saved_cs_client */;

--
-- Dumping data for table `ec_product_related_relations`
--

LOCK TABLES `ec_product_related_relations` WRITE;
/*!40000 ALTER TABLE `ec_product_related_relations` DISABLE KEYS */;
/*!40000 ALTER TABLE `ec_product_related_relations` ENABLE KEYS */;
UNLOCK TABLES;

--
-- Table structure for table `ec_product_specification_attribute`
--

DROP TABLE IF EXISTS `ec_product_specification_attribute`;
/*!40101 SET @saved_cs_client     = @@character_set_client */;
/*!40101 SET character_set_client = utf8 */;
CREATE TABLE `ec_product_specification_attribute` (
  `product_id` bigint unsigned NOT NULL,
  `attribute_id` bigint unsigned NOT NULL,
  `value` text COLLATE utf8mb4_unicode_ci,
  `hidden` tinyint(1) NOT NULL DEFAULT '0',
  `order` tinyint NOT NULL DEFAULT '0',
  PRIMARY KEY (`product_id`,`attribute_id`)
) ENGINE=InnoDB DEFAULT CHARSET=utf8mb4 COLLATE=utf8mb4_unicode_ci;
/*!40101 SET character_set_client = @saved_cs_client */;

--
-- Dumping data for table `ec_product_specification_attribute`
--

LOCK TABLES `ec_product_specification_attribute` WRITE;
/*!40000 ALTER TABLE `ec_product_specification_attribute` DISABLE KEYS */;
INSERT INTO `ec_product_specification_attribute` VALUES (1,6,'72.93 cm',0,0),(1,7,'16.03 cm',0,0),(1,8,'1920x1080',0,0),(2,1,'50.75 cm',0,0),(2,2,'86.96 cm',0,0),(2,3,'6.48 cm',0,0),(2,4,'83.4 cm',0,0),(2,5,'84.43 cm',0,0),(3,6,'8.01 cm',0,0),(3,7,'12.08 cm',0,0),(3,8,'3840x2160',0,0),(4,6,'67.91 cm',0,0),(4,7,'29.28 cm',0,0),(4,8,'2560x1440',0,0),(5,1,'29.12 cm',0,0),(5,2,'79.76 cm',0,0),(5,3,'62.94 cm',0,0),(5,4,'26.66 cm',0,0),(5,5,'33.9 cm',0,0),(6,1,'54.12 cm',0,0),(6,2,'34.18 cm',0,0),(6,3,'52.69 cm',0,0),(6,4,'56.69 cm',0,0),(6,5,'4.34 cm',0,0),(7,1,'44.11 cm',0,0),(7,2,'65.05 cm',0,0),(7,3,'32.94 cm',0,0),(7,4,'10.25 cm',0,0),(7,5,'95.75 cm',0,0),(8,1,'58.05 cm',0,0),(8,2,'5.55 cm',0,0),(8,3,'94.73 cm',0,0),(8,4,'58.23 cm',0,0),(8,5,'51.32 cm',0,0),(9,1,'66.19 cm',0,0),(9,2,'46.53 cm',0,0),(9,3,'63.39 cm',0,0),(9,4,'41.35 cm',0,0),(9,5,'48.55 cm',0,0),(10,6,'85.28 cm',0,0),(10,7,'18.84 cm',0,0),(10,8,'1920x1080',0,0),(11,6,'38.36 cm',0,0),(11,7,'98.04 cm',0,0),(11,8,'3840x2160',0,0),(12,1,'24.35 cm',0,0),(12,2,'80.22 cm',0,0),(12,3,'21.07 cm',0,0),(12,4,'19.37 cm',0,0),(12,5,'89.31 cm',0,0),(13,6,'22.25 cm',0,0),(13,7,'95.28 cm',0,0),(13,8,'2560x1440',0,0),(14,6,'79.69 cm',0,0),(14,7,'72.15 cm',0,0),(14,8,'1920x1080',0,0),(15,1,'4.38 cm',0,0),(15,2,'87.4 cm',0,0),(15,3,'96.86 cm',0,0),(15,4,'22.14 cm',0,0),(15,5,'54.3 cm',0,0),(16,6,'92.17 cm',0,0),(16,7,'83.79 cm',0,0),(16,8,'1920x1080',0,0),(17,1,'95.32 cm',0,0),(17,2,'56.24 cm',0,0),(17,3,'48.63 cm',0,0),(17,4,'78.55 cm',0,0),(17,5,'73.42 cm',0,0),(18,1,'99.18 cm',0,0),(18,2,'29.59 cm',0,0),(18,3,'86.57 cm',0,0),(18,4,'66.25 cm',0,0),(18,5,'78.7 cm',0,0),(19,6,'64.52 cm',0,0),(19,7,'84.29 cm',0,0),(19,8,'2560x1440',0,0),(20,6,'61.15 cm',0,0),(20,7,'34.57 cm',0,0),(20,8,'2560x1440',0,0),(21,1,'54.16 cm',0,0),(21,2,'47.36 cm',0,0),(21,3,'37.11 cm',0,0),(21,4,'91.12 cm',0,0),(21,5,'99.31 cm',0,0),(22,6,'59.11 cm',0,0),(22,7,'28.77 cm',0,0),(22,8,'2560x1440',0,0),(23,6,'28.82 cm',0,0),(23,7,'94.33 cm',0,0),(23,8,'3840x2160',0,0),(24,6,'9.91 cm',0,0),(24,7,'64.52 cm',0,0),(24,8,'2560x1440',0,0),(25,6,'99.24 cm',0,0),(25,7,'6.25 cm',0,0),(25,8,'1920x1080',0,0),(26,6,'24.17 cm',0,0),(26,7,'94.4 cm',0,0),(26,8,'3840x2160',0,0),(27,1,'92.44 cm',0,0),(27,2,'61.07 cm',0,0),(27,3,'29.12 cm',0,0),(27,4,'78.29 cm',0,0),(27,5,'70.23 cm',0,0),(28,6,'35.87 cm',0,0),(28,7,'52.08 cm',0,0),(28,8,'3840x2160',0,0),(29,1,'4.3 cm',0,0),(29,2,'32.24 cm',0,0),(29,3,'84.05 cm',0,0),(29,4,'50.76 cm',0,0),(29,5,'73.24 cm',0,0),(30,1,'56.99 cm',0,0),(30,2,'31.42 cm',0,0),(30,3,'3.99 cm',0,0),(30,4,'93.21 cm',0,0),(30,5,'67.23 cm',0,0),(31,6,'44.19 cm',0,0),(31,7,'19.18 cm',0,0),(31,8,'2560x1440',0,0),(32,1,'78.9 cm',0,0),(32,2,'28.74 cm',0,0),(32,3,'29.1 cm',0,0),(32,4,'23.41 cm',0,0),(32,5,'41.4 cm',0,0),(33,6,'45.44 cm',0,0),(33,7,'29.47 cm',0,0),(33,8,'2560x1440',0,0),(34,6,'86.09 cm',0,0),(34,7,'8.61 cm',0,0),(34,8,'3840x2160',0,0),(35,1,'90.44 cm',0,0),(35,2,'43.72 cm',0,0),(35,3,'72.83 cm',0,0),(35,4,'5.72 cm',0,0),(35,5,'70.13 cm',0,0),(36,1,'78.62 cm',0,0),(36,2,'45.54 cm',0,0),(36,3,'89.87 cm',0,0),(36,4,'70.66 cm',0,0),(36,5,'28.67 cm',0,0),(37,1,'69.84 cm',0,0),(37,2,'21.14 cm',0,0),(37,3,'44.46 cm',0,0),(37,4,'75.68 cm',0,0),(37,5,'32.74 cm',0,0),(38,1,'59.09 cm',0,0),(38,2,'96.58 cm',0,0),(38,3,'31.2 cm',0,0),(38,4,'12.11 cm',0,0),(38,5,'8 cm',0,0),(39,1,'36.5 cm',0,0),(39,2,'7.06 cm',0,0),(39,3,'26.22 cm',0,0),(39,4,'61.22 cm',0,0),(39,5,'48.31 cm',0,0),(40,1,'8.46 cm',0,0),(40,2,'92.99 cm',0,0),(40,3,'24.57 cm',0,0),(40,4,'45.89 cm',0,0),(40,5,'12.42 cm',0,0),(41,1,'5.8 cm',0,0),(41,2,'49.61 cm',0,0),(41,3,'18.03 cm',0,0),(41,4,'40.81 cm',0,0),(41,5,'73.77 cm',0,0),(42,1,'90.98 cm',0,0),(42,2,'30.9 cm',0,0),(42,3,'37.4 cm',0,0),(42,4,'64.85 cm',0,0),(42,5,'75.69 cm',0,0),(43,6,'72 cm',0,0),(43,7,'61.71 cm',0,0),(43,8,'2560x1440',0,0),(44,1,'32.26 cm',0,0),(44,2,'98.59 cm',0,0),(44,3,'88.41 cm',0,0),(44,4,'46.96 cm',0,0),(44,5,'78.61 cm',0,0),(45,6,'92.81 cm',0,0),(45,7,'67.92 cm',0,0),(45,8,'1920x1080',0,0),(46,1,'57.94 cm',0,0),(46,2,'95.11 cm',0,0),(46,3,'33.71 cm',0,0),(46,4,'93.87 cm',0,0),(46,5,'89.5 cm',0,0),(47,6,'50.23 cm',0,0),(47,7,'96.9 cm',0,0),(47,8,'2560x1440',0,0),(48,6,'81.3 cm',0,0),(48,7,'11.86 cm',0,0),(48,8,'1920x1080',0,0),(49,1,'9.55 cm',0,0),(49,2,'52.93 cm',0,0),(49,3,'80.55 cm',0,0),(49,4,'9.93 cm',0,0),(49,5,'34.86 cm',0,0),(50,1,'41.43 cm',0,0),(50,2,'77.63 cm',0,0),(50,3,'47.37 cm',0,0),(50,4,'84.71 cm',0,0),(50,5,'6.29 cm',0,0),(51,1,'90.29 cm',0,0),(51,2,'82.65 cm',0,0),(51,3,'72.15 cm',0,0),(51,4,'86.13 cm',0,0),(51,5,'25.53 cm',0,0),(52,1,'35.04 cm',0,0),(52,2,'82.12 cm',0,0),(52,3,'55.05 cm',0,0),(52,4,'60.28 cm',0,0),(52,5,'21.55 cm',0,0),(53,6,'85.32 cm',0,0),(53,7,'59.36 cm',0,0),(53,8,'2560x1440',0,0),(54,6,'5.58 cm',0,0),(54,7,'69.93 cm',0,0),(54,8,'3840x2160',0,0),(55,1,'99.53 cm',0,0),(55,2,'35.85 cm',0,0),(55,3,'80.06 cm',0,0),(55,4,'62.38 cm',0,0),(55,5,'16.57 cm',0,0),(56,6,'63.85 cm',0,0),(56,7,'80.14 cm',0,0),(56,8,'2560x1440',0,0),(57,1,'39.57 cm',0,0),(57,2,'70.77 cm',0,0),(57,3,'64.29 cm',0,0),(57,4,'20.4 cm',0,0),(57,5,'35.62 cm',0,0),(58,1,'37.15 cm',0,0),(58,2,'1.64 cm',0,0),(58,3,'74.63 cm',0,0),(58,4,'93.06 cm',0,0),(58,5,'82.59 cm',0,0),(59,1,'63.88 cm',0,0),(59,2,'68.57 cm',0,0),(59,3,'72 cm',0,0),(59,4,'42.32 cm',0,0),(59,5,'21.13 cm',0,0),(60,6,'84.58 cm',0,0),(60,7,'78.84 cm',0,0),(60,8,'1920x1080',0,0),(61,6,'10.24 cm',0,0),(61,7,'82.86 cm',0,0),(61,8,'3840x2160',0,0),(62,1,'20.77 cm',0,0),(62,2,'96.4 cm',0,0),(62,3,'49.07 cm',0,0),(62,4,'28.75 cm',0,0),(62,5,'76.31 cm',0,0),(63,6,'94.51 cm',0,0),(63,7,'17.31 cm',0,0),(63,8,'3840x2160',0,0),(64,6,'12.8 cm',0,0),(64,7,'65.52 cm',0,0),(64,8,'1920x1080',0,0),(65,1,'48.03 cm',0,0),(65,2,'37.74 cm',0,0),(65,3,'53.08 cm',0,0),(65,4,'91.46 cm',0,0),(65,5,'95.27 cm',0,0),(66,1,'43.77 cm',0,0),(66,2,'87.69 cm',0,0),(66,3,'56.99 cm',0,0),(66,4,'34.45 cm',0,0),(66,5,'88.76 cm',0,0),(67,1,'13.81 cm',0,0),(67,2,'89.75 cm',0,0),(67,3,'6.75 cm',0,0),(67,4,'91.28 cm',0,0),(67,5,'88.24 cm',0,0),(68,1,'92.95 cm',0,0),(68,2,'1.22 cm',0,0),(68,3,'93.03 cm',0,0),(68,4,'45.93 cm',0,0),(68,5,'58.61 cm',0,0),(69,6,'35.92 cm',0,0),(69,7,'27.21 cm',0,0),(69,8,'2560x1440',0,0),(70,6,'71.33 cm',0,0),(70,7,'49.73 cm',0,0),(70,8,'2560x1440',0,0),(71,1,'3.83 cm',0,0),(71,2,'42.78 cm',0,0),(71,3,'20.7 cm',0,0),(71,4,'39.97 cm',0,0),(71,5,'10.23 cm',0,0),(72,6,'31.57 cm',0,0),(72,7,'22.84 cm',0,0),(72,8,'2560x1440',0,0),(73,6,'30.1 cm',0,0),(73,7,'99.14 cm',0,0),(73,8,'3840x2160',0,0),(74,1,'54.81 cm',0,0),(74,2,'55.11 cm',0,0),(74,3,'63.6 cm',0,0),(74,4,'94.14 cm',0,0),(74,5,'58.6 cm',0,0),(75,1,'76.23 cm',0,0),(75,2,'22.43 cm',0,0),(75,3,'9.03 cm',0,0),(75,4,'28.68 cm',0,0),(75,5,'90.8 cm',0,0);
/*!40000 ALTER TABLE `ec_product_specification_attribute` ENABLE KEYS */;
UNLOCK TABLES;

--
-- Table structure for table `ec_product_tag_product`
--

DROP TABLE IF EXISTS `ec_product_tag_product`;
/*!40101 SET @saved_cs_client     = @@character_set_client */;
/*!40101 SET character_set_client = utf8 */;
CREATE TABLE `ec_product_tag_product` (
  `product_id` bigint unsigned NOT NULL,
  `tag_id` bigint unsigned NOT NULL,
  PRIMARY KEY (`product_id`,`tag_id`),
  KEY `ec_product_tag_product_product_id_index` (`product_id`),
  KEY `ec_product_tag_product_tag_id_index` (`tag_id`)
) ENGINE=InnoDB DEFAULT CHARSET=utf8mb4 COLLATE=utf8mb4_unicode_ci;
/*!40101 SET character_set_client = @saved_cs_client */;

--
-- Dumping data for table `ec_product_tag_product`
--

LOCK TABLES `ec_product_tag_product` WRITE;
/*!40000 ALTER TABLE `ec_product_tag_product` DISABLE KEYS */;
INSERT INTO `ec_product_tag_product` VALUES (1,1),(1,3),(2,2),(2,4),(2,5),(3,1),(3,4),(3,6),(4,3),(4,4),(5,3),(5,4),(5,5),(6,3),(6,4),(6,5),(7,4),(7,5),(7,6),(8,1),(8,3),(9,2),(10,1),(10,2),(10,5),(11,5),(12,1),(12,3),(12,4),(13,3),(13,4),(13,6),(14,1),(14,2),(14,5),(15,1),(15,2),(16,2),(16,4),(16,5),(17,4),(17,5),(18,3),(18,6),(19,1),(19,3),(20,2),(20,6),(21,1),(22,1),(22,4),(22,5),(23,3),(23,4),(23,6),(24,2),(24,5),(25,1),(25,2),(26,1),(26,2),(26,4),(27,5),(28,3),(28,4),(29,2),(29,3),(30,2),(30,4),(30,5),(31,1),(31,2),(32,2),(32,6),(33,1),(33,2),(33,6),(34,2),(34,5),(35,3),(35,6),(36,1),(36,2),(36,6),(37,2),(37,5),(38,1),(38,3),(38,5),(39,2),(39,4),(40,1),(40,6),(41,2),(41,3),(42,1),(42,3),(42,6),(43,1),(43,6),(44,3),(44,5),(44,6),(45,3),(45,4),(45,6),(46,2),(46,4),(47,2),(47,5),(47,6),(48,1),(48,5),(48,6),(49,3),(49,4),(50,3),(50,4),(50,5),(51,2),(51,3),(51,6),(52,2),(52,4),(53,2),(53,3),(54,2),(54,3),(54,6),(55,3),(55,4),(55,5),(56,2),(56,3),(56,6),(57,1),(57,2),(57,6),(58,1),(58,2),(59,4),(59,5),(60,3),(60,4),(60,6),(61,2),(61,6),(62,4),(62,5),(63,4),(63,5),(63,6),(64,5),(65,2),(65,4),(66,3),(66,6),(67,1),(67,3),(68,2),(68,3),(68,5),(69,2),(69,4),(70,1),(70,4),(71,1),(71,3),(72,1),(72,5),(72,6),(73,2),(73,3),(73,5),(74,2),(74,5),(75,1),(75,4),(75,6);
/*!40000 ALTER TABLE `ec_product_tag_product` ENABLE KEYS */;
UNLOCK TABLES;

--
-- Table structure for table `ec_product_tags`
--

DROP TABLE IF EXISTS `ec_product_tags`;
/*!40101 SET @saved_cs_client     = @@character_set_client */;
/*!40101 SET character_set_client = utf8 */;
CREATE TABLE `ec_product_tags` (
  `id` bigint unsigned NOT NULL AUTO_INCREMENT,
  `name` varchar(120) COLLATE utf8mb4_unicode_ci NOT NULL,
  `description` varchar(400) COLLATE utf8mb4_unicode_ci DEFAULT NULL,
  `status` varchar(60) COLLATE utf8mb4_unicode_ci NOT NULL DEFAULT 'published',
  `created_at` timestamp NULL DEFAULT NULL,
  `updated_at` timestamp NULL DEFAULT NULL,
  PRIMARY KEY (`id`)
) ENGINE=InnoDB AUTO_INCREMENT=7 DEFAULT CHARSET=utf8mb4 COLLATE=utf8mb4_unicode_ci;
/*!40101 SET character_set_client = @saved_cs_client */;

--
-- Dumping data for table `ec_product_tags`
--

LOCK TABLES `ec_product_tags` WRITE;
/*!40000 ALTER TABLE `ec_product_tags` DISABLE KEYS */;
INSERT INTO `ec_product_tags` VALUES (1,'Electronic',NULL,'published','2025-01-21 09:39:10','2025-01-21 09:39:10'),(2,'Mobile',NULL,'published','2025-01-21 09:39:10','2025-01-21 09:39:10'),(3,'Iphone',NULL,'published','2025-01-21 09:39:10','2025-01-21 09:39:10'),(4,'Printer',NULL,'published','2025-01-21 09:39:10','2025-01-21 09:39:10'),(5,'Office',NULL,'published','2025-01-21 09:39:10','2025-01-21 09:39:10'),(6,'IT',NULL,'published','2025-01-21 09:39:10','2025-01-21 09:39:10');
/*!40000 ALTER TABLE `ec_product_tags` ENABLE KEYS */;
UNLOCK TABLES;

--
-- Table structure for table `ec_product_tags_translations`
--

DROP TABLE IF EXISTS `ec_product_tags_translations`;
/*!40101 SET @saved_cs_client     = @@character_set_client */;
/*!40101 SET character_set_client = utf8 */;
CREATE TABLE `ec_product_tags_translations` (
  `lang_code` varchar(191) COLLATE utf8mb4_unicode_ci NOT NULL,
  `ec_product_tags_id` bigint unsigned NOT NULL,
  `name` varchar(191) COLLATE utf8mb4_unicode_ci DEFAULT NULL,
  PRIMARY KEY (`lang_code`,`ec_product_tags_id`)
) ENGINE=InnoDB DEFAULT CHARSET=utf8mb4 COLLATE=utf8mb4_unicode_ci;
/*!40101 SET character_set_client = @saved_cs_client */;

--
-- Dumping data for table `ec_product_tags_translations`
--

LOCK TABLES `ec_product_tags_translations` WRITE;
/*!40000 ALTER TABLE `ec_product_tags_translations` DISABLE KEYS */;
/*!40000 ALTER TABLE `ec_product_tags_translations` ENABLE KEYS */;
UNLOCK TABLES;

--
-- Table structure for table `ec_product_up_sale_relations`
--

DROP TABLE IF EXISTS `ec_product_up_sale_relations`;
/*!40101 SET @saved_cs_client     = @@character_set_client */;
/*!40101 SET character_set_client = utf8 */;
CREATE TABLE `ec_product_up_sale_relations` (
  `from_product_id` bigint unsigned NOT NULL,
  `to_product_id` bigint unsigned NOT NULL,
  PRIMARY KEY (`from_product_id`,`to_product_id`),
  KEY `ec_product_up_sale_relations_from_product_id_index` (`from_product_id`),
  KEY `ec_product_up_sale_relations_to_product_id_index` (`to_product_id`)
) ENGINE=InnoDB DEFAULT CHARSET=utf8mb4 COLLATE=utf8mb4_unicode_ci;
/*!40101 SET character_set_client = @saved_cs_client */;

--
-- Dumping data for table `ec_product_up_sale_relations`
--

LOCK TABLES `ec_product_up_sale_relations` WRITE;
/*!40000 ALTER TABLE `ec_product_up_sale_relations` DISABLE KEYS */;
/*!40000 ALTER TABLE `ec_product_up_sale_relations` ENABLE KEYS */;
UNLOCK TABLES;

--
-- Table structure for table `ec_product_variation_items`
--

DROP TABLE IF EXISTS `ec_product_variation_items`;
/*!40101 SET @saved_cs_client     = @@character_set_client */;
/*!40101 SET character_set_client = utf8 */;
CREATE TABLE `ec_product_variation_items` (
  `id` bigint unsigned NOT NULL AUTO_INCREMENT,
  `attribute_id` bigint unsigned NOT NULL,
  `variation_id` bigint unsigned NOT NULL,
  PRIMARY KEY (`id`),
  UNIQUE KEY `ec_product_variation_items_attribute_id_variation_id_unique` (`attribute_id`,`variation_id`),
  KEY `attribute_variation_index` (`attribute_id`,`variation_id`)
) ENGINE=InnoDB AUTO_INCREMENT=355 DEFAULT CHARSET=utf8mb4 COLLATE=utf8mb4_unicode_ci;
/*!40101 SET character_set_client = @saved_cs_client */;

--
-- Dumping data for table `ec_product_variation_items`
--

LOCK TABLES `ec_product_variation_items` WRITE;
/*!40000 ALTER TABLE `ec_product_variation_items` DISABLE KEYS */;
INSERT INTO `ec_product_variation_items` VALUES (1,1,1),(9,1,5),(13,1,7),(59,1,30),(75,1,38),(79,1,40),(99,1,50),(109,1,55),(135,1,68),(137,1,69),(141,1,71),(149,1,75),(161,1,81),(163,1,82),(179,1,90),(205,1,103),(213,1,107),(239,1,120),(241,1,121),(249,1,125),(259,1,130),(267,1,134),(273,1,137),(279,1,140),(291,1,146),(295,1,148),(321,1,161),(335,1,168),(337,1,169),(341,1,171),(351,1,176),(353,1,177),(7,2,4),(11,2,6),(21,2,11),(29,2,15),(35,2,18),(41,2,21),(43,2,22),(45,2,23),(49,2,25),(57,2,29),(63,2,32),(67,2,34),(85,2,43),(89,2,45),(97,2,49),(105,2,53),(115,2,58),(127,2,64),(169,2,85),(171,2,86),(187,2,94),(191,2,96),(195,2,98),(197,2,99),(225,2,113),(251,2,126),(257,2,129),(263,2,132),(269,2,135),(271,2,136),(275,2,138),(299,2,150),(301,2,151),(317,2,159),(323,2,162),(331,2,166),(345,2,173),(3,3,2),(5,3,3),(37,3,19),(39,3,20),(47,3,24),(71,3,36),(73,3,37),(81,3,41),(87,3,44),(93,3,47),(101,3,51),(103,3,52),(107,3,54),(129,3,65),(131,3,66),(153,3,77),(155,3,78),(167,3,84),(173,3,87),(175,3,88),(185,3,93),(189,3,95),(209,3,105),(211,3,106),(219,3,110),(227,3,114),(231,3,116),(243,3,122),(277,3,139),(289,3,145),(297,3,149),(307,3,154),(311,3,156),(313,3,157),(319,3,160),(329,3,165),(333,3,167),(347,3,174),(17,4,9),(23,4,12),(25,4,13),(27,4,14),(31,4,16),(51,4,26),(53,4,27),(61,4,31),(69,4,35),(77,4,39),(91,4,46),(113,4,57),(117,4,59),(125,4,63),(139,4,70),(143,4,72),(145,4,73),(157,4,79),(181,4,91),(199,4,100),(201,4,101),(203,4,102),(217,4,109),(221,4,111),(223,4,112),(229,4,115),(283,4,142),(285,4,143),(287,4,144),(293,4,147),(309,4,155),(339,4,170),(343,4,172),(349,4,175),(15,5,8),(19,5,10),(33,5,17),(55,5,28),(65,5,33),(83,5,42),(95,5,48),(111,5,56),(119,5,60),(121,5,61),(123,5,62),(133,5,67),(147,5,74),(151,5,76),(159,5,80),(165,5,83),(177,5,89),(183,5,92),(193,5,97),(207,5,104),(215,5,108),(233,5,117),(235,5,118),(237,5,119),(245,5,123),(247,5,124),(253,5,127),(255,5,128),(261,5,131),(265,5,133),(281,5,141),(303,5,152),(305,5,153),(315,5,158),(325,5,163),(327,5,164),(4,6,2),(8,6,4),(20,6,10),(34,6,17),(36,6,18),(54,6,27),(68,6,34),(72,6,36),(76,6,38),(78,6,39),(82,6,41),(84,6,42),(88,6,44),(118,6,59),(124,6,62),(156,6,78),(168,6,84),(186,6,93),(190,6,95),(192,6,96),(198,6,99),(202,6,101),(222,6,111),(228,6,114),(242,6,121),(248,6,124),(258,6,129),(260,6,130),(264,6,132),(286,6,143),(294,6,147),(342,6,171),(6,7,3),(10,7,5),(14,7,7),(26,7,13),(44,7,22),(46,7,23),(52,7,26),(94,7,47),(98,7,49),(106,7,53),(112,7,56),(134,7,67),(146,7,73),(158,7,79),(166,7,83),(170,7,85),(178,7,89),(188,7,94),(212,7,106),(214,7,107),(216,7,108),(234,7,117),(254,7,127),(262,7,131),(266,7,133),(268,7,134),(290,7,145),(298,7,149),(302,7,151),(308,7,154),(310,7,155),(312,7,156),(314,7,157),(334,7,167),(338,7,169),(344,7,172),(38,8,19),(42,8,21),(56,8,28),(58,8,29),(74,8,37),(80,8,40),(92,8,46),(96,8,48),(102,8,51),(104,8,52),(108,8,54),(114,8,57),(122,8,61),(126,8,63),(128,8,64),(136,8,68),(138,8,69),(150,8,75),(162,8,81),(164,8,82),(174,8,87),(176,8,88),(180,8,90),(184,8,92),(194,8,97),(218,8,109),(238,8,119),(250,8,125),(252,8,126),(270,8,135),(274,8,137),(280,8,140),(284,8,142),(292,8,146),(306,8,153),(322,8,161),(332,8,166),(2,9,1),(22,9,11),(24,9,12),(28,9,14),(32,9,16),(40,9,20),(48,9,24),(62,9,31),(64,9,32),(90,9,45),(100,9,50),(110,9,55),(116,9,58),(120,9,60),(130,9,65),(132,9,66),(140,9,70),(142,9,71),(148,9,74),(152,9,76),(160,9,80),(172,9,86),(204,9,102),(220,9,110),(226,9,113),(236,9,118),(240,9,120),(272,9,136),(288,9,144),(300,9,150),(318,9,159),(324,9,162),(326,9,163),(348,9,174),(354,9,177),(12,10,6),(16,10,8),(18,10,9),(30,10,15),(50,10,25),(60,10,30),(66,10,33),(70,10,35),(86,10,43),(144,10,72),(154,10,77),(182,10,91),(196,10,98),(200,10,100),(206,10,103),(208,10,104),(210,10,105),(224,10,112),(230,10,115),(232,10,116),(244,10,122),(246,10,123),(256,10,128),(276,10,138),(278,10,139),(282,10,141),(296,10,148),(304,10,152),(316,10,158),(320,10,160),(328,10,164),(330,10,165),(336,10,168),(340,10,170),(346,10,173),(350,10,175),(352,10,176);
/*!40000 ALTER TABLE `ec_product_variation_items` ENABLE KEYS */;
UNLOCK TABLES;

--
-- Table structure for table `ec_product_variations`
--

DROP TABLE IF EXISTS `ec_product_variations`;
/*!40101 SET @saved_cs_client     = @@character_set_client */;
/*!40101 SET character_set_client = utf8 */;
CREATE TABLE `ec_product_variations` (
  `id` bigint unsigned NOT NULL AUTO_INCREMENT,
  `product_id` bigint unsigned DEFAULT NULL,
  `configurable_product_id` bigint unsigned NOT NULL,
  `is_default` tinyint NOT NULL DEFAULT '0',
  PRIMARY KEY (`id`),
  UNIQUE KEY `ec_product_variations_product_id_configurable_product_id_unique` (`product_id`,`configurable_product_id`),
  KEY `configurable_product_index` (`product_id`,`configurable_product_id`)
) ENGINE=InnoDB AUTO_INCREMENT=178 DEFAULT CHARSET=utf8mb4 COLLATE=utf8mb4_unicode_ci;
/*!40101 SET character_set_client = @saved_cs_client */;

--
-- Dumping data for table `ec_product_variations`
--

LOCK TABLES `ec_product_variations` WRITE;
/*!40000 ALTER TABLE `ec_product_variations` DISABLE KEYS */;
INSERT INTO `ec_product_variations` VALUES (1,76,1,1),(2,77,1,0),(3,78,2,1),(4,79,2,0),(5,80,2,0),(6,81,3,1),(7,82,4,1),(8,83,4,0),(9,84,5,1),(10,85,5,0),(11,86,6,1),(12,87,6,0),(13,88,6,0),(14,89,7,1),(15,90,7,0),(16,91,8,1),(17,92,8,0),(18,93,8,0),(19,94,9,1),(20,95,9,0),(21,96,9,0),(22,97,10,1),(23,98,10,0),(24,99,11,1),(25,100,11,0),(26,101,11,0),(27,102,11,0),(28,103,12,1),(29,104,12,0),(30,105,12,0),(31,106,12,0),(32,107,13,1),(33,108,14,1),(34,109,14,0),(35,110,15,1),(36,111,15,0),(37,112,15,0),(38,113,16,1),(39,114,16,0),(40,115,16,0),(41,116,16,0),(42,117,17,1),(43,118,17,0),(44,119,18,1),(45,120,19,1),(46,121,19,0),(47,122,20,1),(48,123,20,0),(49,124,21,1),(50,125,21,0),(51,126,22,1),(52,127,22,0),(53,128,23,1),(54,129,23,0),(55,130,24,1),(56,131,24,0),(57,132,24,0),(58,133,25,1),(59,134,25,0),(60,135,26,1),(61,136,26,0),(62,137,27,1),(63,138,27,0),(64,139,27,0),(65,140,28,1),(66,141,28,0),(67,142,28,0),(68,143,29,1),(69,144,29,0),(70,145,30,1),(71,146,30,0),(72,147,31,1),(73,148,31,0),(74,149,32,1),(75,150,32,0),(76,151,32,0),(77,152,33,1),(78,153,33,0),(79,154,34,1),(80,155,34,0),(81,156,34,0),(82,157,35,1),(83,158,35,0),(84,159,36,1),(85,160,37,1),(86,161,37,0),(87,162,38,1),(88,163,38,0),(89,164,38,0),(90,165,39,1),(91,166,39,0),(92,167,39,0),(93,168,40,1),(94,169,40,0),(95,170,40,0),(96,171,41,1),(97,172,42,1),(98,173,42,0),(99,174,43,1),(100,175,44,1),(101,176,44,0),(102,177,44,0),(103,178,45,1),(104,179,46,1),(105,180,46,0),(106,181,47,1),(107,182,48,1),(108,183,49,1),(109,184,49,0),(110,185,49,0),(111,186,50,1),(112,187,50,0),(113,188,50,0),(114,189,51,1),(115,190,51,0),(116,191,52,1),(117,192,53,1),(118,193,53,0),(119,194,53,0),(120,195,54,1),(121,196,55,1),(122,197,55,0),(123,198,55,0),(124,199,55,0),(125,200,56,1),(126,201,56,0),(127,202,56,0),(128,203,56,0),(129,204,56,0),(130,205,57,1),(131,206,57,0),(132,207,58,1),(133,208,58,0),(134,209,59,1),(135,210,59,0),(136,211,59,0),(137,212,60,1),(138,213,60,0),(139,214,60,0),(140,215,60,0),(141,216,61,1),(142,217,62,1),(143,218,62,0),(144,219,63,1),(145,220,64,1),(146,221,64,0),(147,222,64,0),(148,223,64,0),(149,224,65,1),(150,225,65,0),(151,226,65,0),(152,227,65,0),(153,228,66,1),(154,229,66,0),(155,230,66,0),(156,231,66,0),(157,232,67,1),(158,233,68,1),(159,234,69,1),(160,235,69,0),(161,236,69,0),(162,237,69,0),(163,238,70,1),(164,239,70,0),(165,240,71,1),(166,241,71,0),(167,242,72,1),(168,243,72,0),(169,244,73,1),(170,245,73,0),(171,246,73,0),(172,247,73,0),(173,248,73,0),(174,249,74,1),(175,250,75,1),(176,251,75,0),(177,252,75,0);
/*!40000 ALTER TABLE `ec_product_variations` ENABLE KEYS */;
UNLOCK TABLES;

--
-- Table structure for table `ec_product_views`
--

DROP TABLE IF EXISTS `ec_product_views`;
/*!40101 SET @saved_cs_client     = @@character_set_client */;
/*!40101 SET character_set_client = utf8 */;
CREATE TABLE `ec_product_views` (
  `id` bigint unsigned NOT NULL AUTO_INCREMENT,
  `product_id` bigint unsigned NOT NULL,
  `views` int NOT NULL DEFAULT '1',
  `date` date NOT NULL DEFAULT '2025-01-21',
  PRIMARY KEY (`id`),
  UNIQUE KEY `ec_product_views_product_id_date_unique` (`product_id`,`date`),
  KEY `ec_product_views_product_id_index` (`product_id`)
) ENGINE=InnoDB DEFAULT CHARSET=utf8mb4 COLLATE=utf8mb4_unicode_ci;
/*!40101 SET character_set_client = @saved_cs_client */;

--
-- Dumping data for table `ec_product_views`
--

LOCK TABLES `ec_product_views` WRITE;
/*!40000 ALTER TABLE `ec_product_views` DISABLE KEYS */;
/*!40000 ALTER TABLE `ec_product_views` ENABLE KEYS */;
UNLOCK TABLES;

--
-- Table structure for table `ec_product_with_attribute_set`
--

DROP TABLE IF EXISTS `ec_product_with_attribute_set`;
/*!40101 SET @saved_cs_client     = @@character_set_client */;
/*!40101 SET character_set_client = utf8 */;
CREATE TABLE `ec_product_with_attribute_set` (
  `attribute_set_id` bigint unsigned NOT NULL,
  `product_id` bigint unsigned NOT NULL,
  `order` tinyint unsigned NOT NULL DEFAULT '0',
  PRIMARY KEY (`product_id`,`attribute_set_id`)
) ENGINE=InnoDB DEFAULT CHARSET=utf8mb4 COLLATE=utf8mb4_unicode_ci;
/*!40101 SET character_set_client = @saved_cs_client */;

--
-- Dumping data for table `ec_product_with_attribute_set`
--

LOCK TABLES `ec_product_with_attribute_set` WRITE;
/*!40000 ALTER TABLE `ec_product_with_attribute_set` DISABLE KEYS */;
INSERT INTO `ec_product_with_attribute_set` VALUES (1,1,0),(2,1,0),(1,2,0),(2,2,0),(1,3,0),(2,3,0),(1,4,0),(2,4,0),(1,5,0),(2,5,0),(1,6,0),(2,6,0),(1,7,0),(2,7,0),(1,8,0),(2,8,0),(1,9,0),(2,9,0),(1,10,0),(2,10,0),(1,11,0),(2,11,0),(1,12,0),(2,12,0),(1,13,0),(2,13,0),(1,14,0),(2,14,0),(1,15,0),(2,15,0),(1,16,0),(2,16,0),(1,17,0),(2,17,0),(1,18,0),(2,18,0),(1,19,0),(2,19,0),(1,20,0),(2,20,0),(1,21,0),(2,21,0),(1,22,0),(2,22,0),(1,23,0),(2,23,0),(1,24,0),(2,24,0),(1,25,0),(2,25,0),(1,26,0),(2,26,0),(1,27,0),(2,27,0),(1,28,0),(2,28,0),(1,29,0),(2,29,0),(1,30,0),(2,30,0),(1,31,0),(2,31,0),(1,32,0),(2,32,0),(1,33,0),(2,33,0),(1,34,0),(2,34,0),(1,35,0),(2,35,0),(1,36,0),(2,36,0),(1,37,0),(2,37,0),(1,38,0),(2,38,0),(1,39,0),(2,39,0),(1,40,0),(2,40,0),(1,41,0),(2,41,0),(1,42,0),(2,42,0),(1,43,0),(2,43,0),(1,44,0),(2,44,0),(1,45,0),(2,45,0),(1,46,0),(2,46,0),(1,47,0),(2,47,0),(1,48,0),(2,48,0),(1,49,0),(2,49,0),(1,50,0),(2,50,0),(1,51,0),(2,51,0),(1,52,0),(2,52,0),(1,53,0),(2,53,0),(1,54,0),(2,54,0),(1,55,0),(2,55,0),(1,56,0),(2,56,0),(1,57,0),(2,57,0),(1,58,0),(2,58,0),(1,59,0),(2,59,0),(1,60,0),(2,60,0),(1,61,0),(2,61,0),(1,62,0),(2,62,0),(1,63,0),(2,63,0),(1,64,0),(2,64,0),(1,65,0),(2,65,0),(1,66,0),(2,66,0),(1,67,0),(2,67,0),(1,68,0),(2,68,0),(1,69,0),(2,69,0),(1,70,0),(2,70,0),(1,71,0),(2,71,0),(1,72,0),(2,72,0),(1,73,0),(2,73,0),(1,74,0),(2,74,0),(1,75,0),(2,75,0);
/*!40000 ALTER TABLE `ec_product_with_attribute_set` ENABLE KEYS */;
UNLOCK TABLES;

--
-- Table structure for table `ec_products`
--

DROP TABLE IF EXISTS `ec_products`;
/*!40101 SET @saved_cs_client     = @@character_set_client */;
/*!40101 SET character_set_client = utf8 */;
CREATE TABLE `ec_products` (
  `id` bigint unsigned NOT NULL AUTO_INCREMENT,
  `name` varchar(191) COLLATE utf8mb4_unicode_ci NOT NULL,
  `description` text COLLATE utf8mb4_unicode_ci,
  `content` longtext COLLATE utf8mb4_unicode_ci,
  `status` varchar(60) COLLATE utf8mb4_unicode_ci NOT NULL DEFAULT 'published',
  `images` text COLLATE utf8mb4_unicode_ci,
  `video_media` text COLLATE utf8mb4_unicode_ci,
  `sku` varchar(191) COLLATE utf8mb4_unicode_ci DEFAULT NULL,
  `order` int unsigned NOT NULL DEFAULT '0',
  `quantity` int unsigned DEFAULT NULL,
  `allow_checkout_when_out_of_stock` tinyint unsigned NOT NULL DEFAULT '0',
  `with_storehouse_management` tinyint unsigned NOT NULL DEFAULT '0',
  `stock_status` varchar(191) COLLATE utf8mb4_unicode_ci DEFAULT 'in_stock',
  `is_featured` tinyint unsigned NOT NULL DEFAULT '0',
  `brand_id` bigint unsigned DEFAULT NULL,
  `is_variation` tinyint NOT NULL DEFAULT '0',
  `sale_type` tinyint NOT NULL DEFAULT '0',
  `price` double unsigned DEFAULT NULL,
  `sale_price` double unsigned DEFAULT NULL,
  `start_date` timestamp NULL DEFAULT NULL,
  `end_date` timestamp NULL DEFAULT NULL,
  `length` double DEFAULT NULL,
  `wide` double DEFAULT NULL,
  `height` double DEFAULT NULL,
  `weight` double DEFAULT NULL,
  `tax_id` bigint unsigned DEFAULT NULL,
  `views` bigint NOT NULL DEFAULT '0',
  `created_at` timestamp NULL DEFAULT NULL,
  `updated_at` timestamp NULL DEFAULT NULL,
  `created_by_id` bigint unsigned DEFAULT '0',
  `created_by_type` varchar(191) COLLATE utf8mb4_unicode_ci NOT NULL DEFAULT 'Botble\\ACL\\Models\\User',
  `image` varchar(191) COLLATE utf8mb4_unicode_ci DEFAULT NULL,
  `product_type` varchar(60) COLLATE utf8mb4_unicode_ci DEFAULT 'physical',
  `barcode` varchar(50) COLLATE utf8mb4_unicode_ci DEFAULT NULL,
  `cost_per_item` double DEFAULT NULL,
  `generate_license_code` tinyint(1) NOT NULL DEFAULT '0',
  `minimum_order_quantity` int unsigned DEFAULT '0',
  `maximum_order_quantity` int unsigned DEFAULT '0',
  `notify_attachment_updated` tinyint(1) NOT NULL DEFAULT '0',
  `specification_table_id` bigint unsigned DEFAULT NULL,
  PRIMARY KEY (`id`),
  KEY `ec_products_brand_id_status_is_variation_created_at_index` (`brand_id`,`status`,`is_variation`,`created_at`),
  KEY `sale_type_index` (`sale_type`),
  KEY `start_date_index` (`start_date`),
  KEY `end_date_index` (`end_date`),
  KEY `sale_price_index` (`sale_price`),
  KEY `is_variation_index` (`is_variation`),
  KEY `ec_products_sku_index` (`sku`)
) ENGINE=InnoDB AUTO_INCREMENT=253 DEFAULT CHARSET=utf8mb4 COLLATE=utf8mb4_unicode_ci;
/*!40101 SET character_set_client = @saved_cs_client */;

--
-- Dumping data for table `ec_products`
--

LOCK TABLES `ec_products` WRITE;
/*!40000 ALTER TABLE `ec_products` DISABLE KEYS */;
INSERT INTO `ec_products` VALUES (1,'Miko Wooden Bluetooth Speaker','<p>Short Hooded Coat features a straight body, large pockets with button flaps, ventilation air holes, and a string detail along the hemline.</p>','<p>Short Hooded Coat features a straight body, large pockets with button flaps, ventilation air holes, and a string detail along the hemline. The style is completed with a drawstring hood, featuring Rains’ signature built-in cap. Made from waterproof, matte PU, this lightweight unisex rain jacket is an ode to nostalgia through its classic silhouette and utilitarian design details.</p>\n                                <p>- Casual unisex fit</p>\n\n                                <p>- 64% polyester, 36% polyurethane</p>\n\n                                <p>- Water column pressure: 4000 mm</p>\n\n                                <p>- Model is 187cm tall and wearing a size S / M</p>\n\n                                <p>- Unisex fit</p>\n\n                                <p>- Drawstring hood with built-in cap</p>\n\n                                <p>- Front placket with snap buttons</p>\n\n                                <p>- Ventilation under armpit</p>\n\n                                <p>- Adjustable cuffs</p>\n\n                                <p>- Double welted front pockets</p>\n\n                                <p>- Adjustable elastic string at hempen</p>\n\n                                <p>- Ultrasonically welded seams</p>\n\n                                <p>This is a unisex item, please check our clothing &amp; footwear sizing guide for specific Rains jacket sizing information. RAINS comes from the rainy nation of Denmark at the edge of the European continent, close to the ocean and with prevailing westerly winds; all factors that contribute to an average of 121 rain days each year. Arising from these rainy weather conditions comes the attitude that a quick rain shower may be beautiful, as well as moody- but first and foremost requires the right outfit. Rains focus on the whole experience of going outside on rainy days, issuing an invitation to explore even in the most mercurial weather.</p>','published','[\"products\\/product-38.jpg\",\"products\\/product-25.jpg\",\"products\\/product-59.jpg\",\"products\\/product-4.jpg\",\"products\\/product-56.jpg\",\"products\\/product-54.jpg\",\"products\\/product-55.jpg\",\"products\\/product-72.jpg\",\"products\\/product-40.jpg\",\"products\\/product-77.jpg\",\"products\\/product-27.jpg\",\"products\\/product-76.jpg\"]',NULL,'NC-127-A0',0,14,0,1,'in_stock',1,7,0,0,272,NULL,NULL,NULL,12,19,11,837,NULL,155617,'2025-01-21 09:39:21','2025-01-21 09:39:26',0,'Botble\\ACL\\Models\\User',NULL,'digital',NULL,NULL,0,0,0,0,2),(2,'Gorgeous Wooden Gloves','<p>Short Hooded Coat features a straight body, large pockets with button flaps, ventilation air holes, and a string detail along the hemline.</p>','<p>Short Hooded Coat features a straight body, large pockets with button flaps, ventilation air holes, and a string detail along the hemline. The style is completed with a drawstring hood, featuring Rains’ signature built-in cap. Made from waterproof, matte PU, this lightweight unisex rain jacket is an ode to nostalgia through its classic silhouette and utilitarian design details.</p>\n                                <p>- Casual unisex fit</p>\n\n                                <p>- 64% polyester, 36% polyurethane</p>\n\n                                <p>- Water column pressure: 4000 mm</p>\n\n                                <p>- Model is 187cm tall and wearing a size S / M</p>\n\n                                <p>- Unisex fit</p>\n\n                                <p>- Drawstring hood with built-in cap</p>\n\n                                <p>- Front placket with snap buttons</p>\n\n                                <p>- Ventilation under armpit</p>\n\n                                <p>- Adjustable cuffs</p>\n\n                                <p>- Double welted front pockets</p>\n\n                                <p>- Adjustable elastic string at hempen</p>\n\n                                <p>- Ultrasonically welded seams</p>\n\n                                <p>This is a unisex item, please check our clothing &amp; footwear sizing guide for specific Rains jacket sizing information. RAINS comes from the rainy nation of Denmark at the edge of the European continent, close to the ocean and with prevailing westerly winds; all factors that contribute to an average of 121 rain days each year. Arising from these rainy weather conditions comes the attitude that a quick rain shower may be beautiful, as well as moody- but first and foremost requires the right outfit. Rains focus on the whole experience of going outside on rainy days, issuing an invitation to explore even in the most mercurial weather.</p>','published','[\"products\\/product-86.jpg\",\"products\\/product-46.jpg\",\"products\\/product-34.jpg\",\"products\\/product-62.jpg\",\"products\\/product-95.jpg\",\"products\\/product-54.jpg\",\"products\\/product-69.jpg\",\"products\\/product-80.jpg\"]',NULL,'NC-120-A0',0,19,0,1,'in_stock',1,6,0,0,325,NULL,NULL,NULL,16,14,20,542,NULL,175322,'2025-01-21 09:39:21','2025-01-21 09:39:26',0,'Botble\\ACL\\Models\\User',NULL,'physical',NULL,NULL,0,0,0,0,1),(3,'Pinkol Enormous Granite Bottle','<p>Short Hooded Coat features a straight body, large pockets with button flaps, ventilation air holes, and a string detail along the hemline.</p>','<p>Short Hooded Coat features a straight body, large pockets with button flaps, ventilation air holes, and a string detail along the hemline. The style is completed with a drawstring hood, featuring Rains’ signature built-in cap. Made from waterproof, matte PU, this lightweight unisex rain jacket is an ode to nostalgia through its classic silhouette and utilitarian design details.</p>\n                                <p>- Casual unisex fit</p>\n\n                                <p>- 64% polyester, 36% polyurethane</p>\n\n                                <p>- Water column pressure: 4000 mm</p>\n\n                                <p>- Model is 187cm tall and wearing a size S / M</p>\n\n                                <p>- Unisex fit</p>\n\n                                <p>- Drawstring hood with built-in cap</p>\n\n                                <p>- Front placket with snap buttons</p>\n\n                                <p>- Ventilation under armpit</p>\n\n                                <p>- Adjustable cuffs</p>\n\n                                <p>- Double welted front pockets</p>\n\n                                <p>- Adjustable elastic string at hempen</p>\n\n                                <p>- Ultrasonically welded seams</p>\n\n                                <p>This is a unisex item, please check our clothing &amp; footwear sizing guide for specific Rains jacket sizing information. RAINS comes from the rainy nation of Denmark at the edge of the European continent, close to the ocean and with prevailing westerly winds; all factors that contribute to an average of 121 rain days each year. Arising from these rainy weather conditions comes the attitude that a quick rain shower may be beautiful, as well as moody- but first and foremost requires the right outfit. Rains focus on the whole experience of going outside on rainy days, issuing an invitation to explore even in the most mercurial weather.</p>','published','[\"products\\/product-33.jpg\",\"products\\/product-76.jpg\",\"products\\/product-7.jpg\",\"products\\/product-85.jpg\",\"products\\/product-20.jpg\",\"products\\/product-14.jpg\",\"products\\/product-46.jpg\",\"products\\/product-17.jpg\",\"products\\/product-77.jpg\",\"products\\/product-71.jpg\",\"products\\/product-40.jpg\"]',NULL,'NC-199-A0',0,12,0,1,'in_stock',0,3,0,0,322,NULL,NULL,NULL,10,17,12,897,NULL,154850,'2025-01-21 09:39:21','2025-01-21 09:39:26',0,'Botble\\ACL\\Models\\User',NULL,'physical',NULL,NULL,0,0,0,0,2),(4,'Gorgeous Aluminum Table','<p>Short Hooded Coat features a straight body, large pockets with button flaps, ventilation air holes, and a string detail along the hemline.</p>','<p>Short Hooded Coat features a straight body, large pockets with button flaps, ventilation air holes, and a string detail along the hemline. The style is completed with a drawstring hood, featuring Rains’ signature built-in cap. Made from waterproof, matte PU, this lightweight unisex rain jacket is an ode to nostalgia through its classic silhouette and utilitarian design details.</p>\n                                <p>- Casual unisex fit</p>\n\n                                <p>- 64% polyester, 36% polyurethane</p>\n\n                                <p>- Water column pressure: 4000 mm</p>\n\n                                <p>- Model is 187cm tall and wearing a size S / M</p>\n\n                                <p>- Unisex fit</p>\n\n                                <p>- Drawstring hood with built-in cap</p>\n\n                                <p>- Front placket with snap buttons</p>\n\n                                <p>- Ventilation under armpit</p>\n\n                                <p>- Adjustable cuffs</p>\n\n                                <p>- Double welted front pockets</p>\n\n                                <p>- Adjustable elastic string at hempen</p>\n\n                                <p>- Ultrasonically welded seams</p>\n\n                                <p>This is a unisex item, please check our clothing &amp; footwear sizing guide for specific Rains jacket sizing information. RAINS comes from the rainy nation of Denmark at the edge of the European continent, close to the ocean and with prevailing westerly winds; all factors that contribute to an average of 121 rain days each year. Arising from these rainy weather conditions comes the attitude that a quick rain shower may be beautiful, as well as moody- but first and foremost requires the right outfit. Rains focus on the whole experience of going outside on rainy days, issuing an invitation to explore even in the most mercurial weather.</p>','published','[\"products\\/product-71.jpg\",\"products\\/product-82.jpg\",\"products\\/product-47.jpg\",\"products\\/product-24.jpg\",\"products\\/product-4.jpg\",\"products\\/product-65.jpg\",\"products\\/product-35.jpg\",\"products\\/product-43.jpg\",\"products\\/product-72.jpg\"]',NULL,'NC-131-A0',0,20,0,1,'in_stock',0,7,0,0,445,347.1,NULL,NULL,11,18,14,762,NULL,70837,'2025-01-21 09:39:21','2025-01-21 09:39:26',0,'Botble\\ACL\\Models\\User',NULL,'physical',NULL,NULL,0,0,0,0,2),(5,'Evo Lightweight Granite Shirt','<p>Short Hooded Coat features a straight body, large pockets with button flaps, ventilation air holes, and a string detail along the hemline.</p>','<p>Short Hooded Coat features a straight body, large pockets with button flaps, ventilation air holes, and a string detail along the hemline. The style is completed with a drawstring hood, featuring Rains’ signature built-in cap. Made from waterproof, matte PU, this lightweight unisex rain jacket is an ode to nostalgia through its classic silhouette and utilitarian design details.</p>\n                                <p>- Casual unisex fit</p>\n\n                                <p>- 64% polyester, 36% polyurethane</p>\n\n                                <p>- Water column pressure: 4000 mm</p>\n\n                                <p>- Model is 187cm tall and wearing a size S / M</p>\n\n                                <p>- Unisex fit</p>\n\n                                <p>- Drawstring hood with built-in cap</p>\n\n                                <p>- Front placket with snap buttons</p>\n\n                                <p>- Ventilation under armpit</p>\n\n                                <p>- Adjustable cuffs</p>\n\n                                <p>- Double welted front pockets</p>\n\n                                <p>- Adjustable elastic string at hempen</p>\n\n                                <p>- Ultrasonically welded seams</p>\n\n                                <p>This is a unisex item, please check our clothing &amp; footwear sizing guide for specific Rains jacket sizing information. RAINS comes from the rainy nation of Denmark at the edge of the European continent, close to the ocean and with prevailing westerly winds; all factors that contribute to an average of 121 rain days each year. Arising from these rainy weather conditions comes the attitude that a quick rain shower may be beautiful, as well as moody- but first and foremost requires the right outfit. Rains focus on the whole experience of going outside on rainy days, issuing an invitation to explore even in the most mercurial weather.</p>','published','[\"products\\/product-82.jpg\",\"products\\/product-22.jpg\",\"products\\/product-95.jpg\",\"products\\/product-39.jpg\",\"products\\/product-15.jpg\",\"products\\/product-44.jpg\"]',NULL,'NC-144-A0',0,12,0,1,'in_stock',0,3,0,0,371,NULL,NULL,NULL,10,12,18,549,NULL,149491,'2025-01-21 09:39:21','2025-01-21 09:39:26',0,'Botble\\ACL\\Models\\User',NULL,'digital',NULL,NULL,0,0,0,0,1),(6,'CLCo. Incredible Paper Car','<p>Short Hooded Coat features a straight body, large pockets with button flaps, ventilation air holes, and a string detail along the hemline.</p>','<p>Short Hooded Coat features a straight body, large pockets with button flaps, ventilation air holes, and a string detail along the hemline. The style is completed with a drawstring hood, featuring Rains’ signature built-in cap. Made from waterproof, matte PU, this lightweight unisex rain jacket is an ode to nostalgia through its classic silhouette and utilitarian design details.</p>\n                                <p>- Casual unisex fit</p>\n\n                                <p>- 64% polyester, 36% polyurethane</p>\n\n                                <p>- Water column pressure: 4000 mm</p>\n\n                                <p>- Model is 187cm tall and wearing a size S / M</p>\n\n                                <p>- Unisex fit</p>\n\n                                <p>- Drawstring hood with built-in cap</p>\n\n                                <p>- Front placket with snap buttons</p>\n\n                                <p>- Ventilation under armpit</p>\n\n                                <p>- Adjustable cuffs</p>\n\n                                <p>- Double welted front pockets</p>\n\n                                <p>- Adjustable elastic string at hempen</p>\n\n                                <p>- Ultrasonically welded seams</p>\n\n                                <p>This is a unisex item, please check our clothing &amp; footwear sizing guide for specific Rains jacket sizing information. RAINS comes from the rainy nation of Denmark at the edge of the European continent, close to the ocean and with prevailing westerly winds; all factors that contribute to an average of 121 rain days each year. Arising from these rainy weather conditions comes the attitude that a quick rain shower may be beautiful, as well as moody- but first and foremost requires the right outfit. Rains focus on the whole experience of going outside on rainy days, issuing an invitation to explore even in the most mercurial weather.</p>','published','[\"products\\/product-83.jpg\",\"products\\/product-49.jpg\",\"products\\/product-67.jpg\",\"products\\/product-85.jpg\",\"products\\/product-27.jpg\",\"products\\/product-64.jpg\",\"products\\/product-69.jpg\",\"products\\/product-77.jpg\"]',NULL,'NC-117-A0',0,15,0,1,'in_stock',1,4,0,0,393,NULL,NULL,NULL,16,12,18,723,NULL,27130,'2025-01-21 09:39:21','2025-01-21 09:39:26',0,'Botble\\ACL\\Models\\User',NULL,'physical',NULL,NULL,0,0,0,0,1),(7,'Progash Durable Granite Hat','<p>Short Hooded Coat features a straight body, large pockets with button flaps, ventilation air holes, and a string detail along the hemline.</p>','<p>Short Hooded Coat features a straight body, large pockets with button flaps, ventilation air holes, and a string detail along the hemline. The style is completed with a drawstring hood, featuring Rains’ signature built-in cap. Made from waterproof, matte PU, this lightweight unisex rain jacket is an ode to nostalgia through its classic silhouette and utilitarian design details.</p>\n                                <p>- Casual unisex fit</p>\n\n                                <p>- 64% polyester, 36% polyurethane</p>\n\n                                <p>- Water column pressure: 4000 mm</p>\n\n                                <p>- Model is 187cm tall and wearing a size S / M</p>\n\n                                <p>- Unisex fit</p>\n\n                                <p>- Drawstring hood with built-in cap</p>\n\n                                <p>- Front placket with snap buttons</p>\n\n                                <p>- Ventilation under armpit</p>\n\n                                <p>- Adjustable cuffs</p>\n\n                                <p>- Double welted front pockets</p>\n\n                                <p>- Adjustable elastic string at hempen</p>\n\n                                <p>- Ultrasonically welded seams</p>\n\n                                <p>This is a unisex item, please check our clothing &amp; footwear sizing guide for specific Rains jacket sizing information. RAINS comes from the rainy nation of Denmark at the edge of the European continent, close to the ocean and with prevailing westerly winds; all factors that contribute to an average of 121 rain days each year. Arising from these rainy weather conditions comes the attitude that a quick rain shower may be beautiful, as well as moody- but first and foremost requires the right outfit. Rains focus on the whole experience of going outside on rainy days, issuing an invitation to explore even in the most mercurial weather.</p>','published','[\"products\\/product-74.jpg\",\"products\\/product-3.jpg\",\"products\\/product-32.jpg\",\"products\\/product-62.jpg\",\"products\\/product-30.jpg\",\"products\\/product-42.jpg\",\"products\\/product-59.jpg\",\"products\\/product-66.jpg\"]',NULL,'NC-189-A0',0,15,0,1,'in_stock',0,2,0,0,237,NULL,NULL,NULL,18,19,14,701,NULL,78808,'2025-01-21 09:39:21','2025-01-21 09:39:26',0,'Botble\\ACL\\Models\\User',NULL,'physical',NULL,NULL,0,0,0,0,1),(8,'Purab Enormous Miranda Bottle','<p>Short Hooded Coat features a straight body, large pockets with button flaps, ventilation air holes, and a string detail along the hemline.</p>','<p>Short Hooded Coat features a straight body, large pockets with button flaps, ventilation air holes, and a string detail along the hemline. The style is completed with a drawstring hood, featuring Rains’ signature built-in cap. Made from waterproof, matte PU, this lightweight unisex rain jacket is an ode to nostalgia through its classic silhouette and utilitarian design details.</p>\n                                <p>- Casual unisex fit</p>\n\n                                <p>- 64% polyester, 36% polyurethane</p>\n\n                                <p>- Water column pressure: 4000 mm</p>\n\n                                <p>- Model is 187cm tall and wearing a size S / M</p>\n\n                                <p>- Unisex fit</p>\n\n                                <p>- Drawstring hood with built-in cap</p>\n\n                                <p>- Front placket with snap buttons</p>\n\n                                <p>- Ventilation under armpit</p>\n\n                                <p>- Adjustable cuffs</p>\n\n                                <p>- Double welted front pockets</p>\n\n                                <p>- Adjustable elastic string at hempen</p>\n\n                                <p>- Ultrasonically welded seams</p>\n\n                                <p>This is a unisex item, please check our clothing &amp; footwear sizing guide for specific Rains jacket sizing information. RAINS comes from the rainy nation of Denmark at the edge of the European continent, close to the ocean and with prevailing westerly winds; all factors that contribute to an average of 121 rain days each year. Arising from these rainy weather conditions comes the attitude that a quick rain shower may be beautiful, as well as moody- but first and foremost requires the right outfit. Rains focus on the whole experience of going outside on rainy days, issuing an invitation to explore even in the most mercurial weather.</p>','published','[\"products\\/product-52.jpg\",\"products\\/product-93.jpg\",\"products\\/product-17.jpg\",\"products\\/product-47.jpg\",\"products\\/product-46.jpg\"]',NULL,'NC-177-A0',0,15,0,1,'in_stock',0,7,0,0,356,263.44,NULL,NULL,16,13,12,688,NULL,13415,'2025-01-21 09:39:21','2025-01-21 09:39:26',0,'Botble\\ACL\\Models\\User',NULL,'physical',NULL,NULL,0,0,0,0,1),(9,'Miklonda Co. Crafted Candles','<p>Short Hooded Coat features a straight body, large pockets with button flaps, ventilation air holes, and a string detail along the hemline.</p>','<p>Short Hooded Coat features a straight body, large pockets with button flaps, ventilation air holes, and a string detail along the hemline. The style is completed with a drawstring hood, featuring Rains’ signature built-in cap. Made from waterproof, matte PU, this lightweight unisex rain jacket is an ode to nostalgia through its classic silhouette and utilitarian design details.</p>\n                                <p>- Casual unisex fit</p>\n\n                                <p>- 64% polyester, 36% polyurethane</p>\n\n                                <p>- Water column pressure: 4000 mm</p>\n\n                                <p>- Model is 187cm tall and wearing a size S / M</p>\n\n                                <p>- Unisex fit</p>\n\n                                <p>- Drawstring hood with built-in cap</p>\n\n                                <p>- Front placket with snap buttons</p>\n\n                                <p>- Ventilation under armpit</p>\n\n                                <p>- Adjustable cuffs</p>\n\n                                <p>- Double welted front pockets</p>\n\n                                <p>- Adjustable elastic string at hempen</p>\n\n                                <p>- Ultrasonically welded seams</p>\n\n                                <p>This is a unisex item, please check our clothing &amp; footwear sizing guide for specific Rains jacket sizing information. RAINS comes from the rainy nation of Denmark at the edge of the European continent, close to the ocean and with prevailing westerly winds; all factors that contribute to an average of 121 rain days each year. Arising from these rainy weather conditions comes the attitude that a quick rain shower may be beautiful, as well as moody- but first and foremost requires the right outfit. Rains focus on the whole experience of going outside on rainy days, issuing an invitation to explore even in the most mercurial weather.</p>','published','[\"products\\/product-29.jpg\",\"products\\/product-15.jpg\",\"products\\/product-84.jpg\",\"products\\/product-87.jpg\",\"products\\/product-4.jpg\",\"products\\/product-25.jpg\",\"products\\/product-94.jpg\",\"products\\/product-91.jpg\",\"products\\/product-2.jpg\",\"products\\/product-66.jpg\",\"products\\/product-76.jpg\"]',NULL,'NC-104-A0',0,11,0,1,'in_stock',0,7,0,0,283,NULL,NULL,NULL,19,11,18,820,NULL,36855,'2025-01-21 09:39:21','2025-01-21 09:39:26',0,'Botble\\ACL\\Models\\User',NULL,'digital',NULL,NULL,0,0,0,0,1),(10,'Pinkol Enormous Granite Bottle','<p>Short Hooded Coat features a straight body, large pockets with button flaps, ventilation air holes, and a string detail along the hemline.</p>','<p>Short Hooded Coat features a straight body, large pockets with button flaps, ventilation air holes, and a string detail along the hemline. The style is completed with a drawstring hood, featuring Rains’ signature built-in cap. Made from waterproof, matte PU, this lightweight unisex rain jacket is an ode to nostalgia through its classic silhouette and utilitarian design details.</p>\n                                <p>- Casual unisex fit</p>\n\n                                <p>- 64% polyester, 36% polyurethane</p>\n\n                                <p>- Water column pressure: 4000 mm</p>\n\n                                <p>- Model is 187cm tall and wearing a size S / M</p>\n\n                                <p>- Unisex fit</p>\n\n                                <p>- Drawstring hood with built-in cap</p>\n\n                                <p>- Front placket with snap buttons</p>\n\n                                <p>- Ventilation under armpit</p>\n\n                                <p>- Adjustable cuffs</p>\n\n                                <p>- Double welted front pockets</p>\n\n                                <p>- Adjustable elastic string at hempen</p>\n\n                                <p>- Ultrasonically welded seams</p>\n\n                                <p>This is a unisex item, please check our clothing &amp; footwear sizing guide for specific Rains jacket sizing information. RAINS comes from the rainy nation of Denmark at the edge of the European continent, close to the ocean and with prevailing westerly winds; all factors that contribute to an average of 121 rain days each year. Arising from these rainy weather conditions comes the attitude that a quick rain shower may be beautiful, as well as moody- but first and foremost requires the right outfit. Rains focus on the whole experience of going outside on rainy days, issuing an invitation to explore even in the most mercurial weather.</p>','published','[\"products\\/product-63.jpg\",\"products\\/product-24.jpg\",\"products\\/product-38.jpg\",\"products\\/product-44.jpg\",\"products\\/product-72.jpg\"]',NULL,'NC-129-A0',0,11,0,1,'in_stock',1,2,0,0,427,NULL,NULL,NULL,19,16,10,610,NULL,36580,'2025-01-21 09:39:21','2025-01-21 09:39:26',0,'Botble\\ACL\\Models\\User',NULL,'physical',NULL,NULL,0,0,0,0,2),(11,'Dual Camera 20MP','<p>Short Hooded Coat features a straight body, large pockets with button flaps, ventilation air holes, and a string detail along the hemline.</p>','<p>Short Hooded Coat features a straight body, large pockets with button flaps, ventilation air holes, and a string detail along the hemline. The style is completed with a drawstring hood, featuring Rains’ signature built-in cap. Made from waterproof, matte PU, this lightweight unisex rain jacket is an ode to nostalgia through its classic silhouette and utilitarian design details.</p>\n                                <p>- Casual unisex fit</p>\n\n                                <p>- 64% polyester, 36% polyurethane</p>\n\n                                <p>- Water column pressure: 4000 mm</p>\n\n                                <p>- Model is 187cm tall and wearing a size S / M</p>\n\n                                <p>- Unisex fit</p>\n\n                                <p>- Drawstring hood with built-in cap</p>\n\n                                <p>- Front placket with snap buttons</p>\n\n                                <p>- Ventilation under armpit</p>\n\n                                <p>- Adjustable cuffs</p>\n\n                                <p>- Double welted front pockets</p>\n\n                                <p>- Adjustable elastic string at hempen</p>\n\n                                <p>- Ultrasonically welded seams</p>\n\n                                <p>This is a unisex item, please check our clothing &amp; footwear sizing guide for specific Rains jacket sizing information. RAINS comes from the rainy nation of Denmark at the edge of the European continent, close to the ocean and with prevailing westerly winds; all factors that contribute to an average of 121 rain days each year. Arising from these rainy weather conditions comes the attitude that a quick rain shower may be beautiful, as well as moody- but first and foremost requires the right outfit. Rains focus on the whole experience of going outside on rainy days, issuing an invitation to explore even in the most mercurial weather.</p>','published','[\"products\\/product-25.jpg\",\"products\\/product-43.jpg\",\"products\\/product-49.jpg\",\"products\\/product-68.jpg\",\"products\\/product-53.jpg\",\"products\\/product-39.jpg\",\"products\\/product-32.jpg\",\"products\\/product-92.jpg\",\"products\\/product-54.jpg\",\"products\\/product-7.jpg\"]',NULL,'NC-108-A0',0,13,0,1,'in_stock',0,5,0,0,327,NULL,NULL,NULL,10,10,15,696,NULL,28702,'2025-01-21 09:39:21','2025-01-21 09:39:26',0,'Botble\\ACL\\Models\\User',NULL,'physical',NULL,NULL,0,0,0,0,2),(12,'Smart Watches','<p>Short Hooded Coat features a straight body, large pockets with button flaps, ventilation air holes, and a string detail along the hemline.</p>','<p>Short Hooded Coat features a straight body, large pockets with button flaps, ventilation air holes, and a string detail along the hemline. The style is completed with a drawstring hood, featuring Rains’ signature built-in cap. Made from waterproof, matte PU, this lightweight unisex rain jacket is an ode to nostalgia through its classic silhouette and utilitarian design details.</p>\n                                <p>- Casual unisex fit</p>\n\n                                <p>- 64% polyester, 36% polyurethane</p>\n\n                                <p>- Water column pressure: 4000 mm</p>\n\n                                <p>- Model is 187cm tall and wearing a size S / M</p>\n\n                                <p>- Unisex fit</p>\n\n                                <p>- Drawstring hood with built-in cap</p>\n\n                                <p>- Front placket with snap buttons</p>\n\n                                <p>- Ventilation under armpit</p>\n\n                                <p>- Adjustable cuffs</p>\n\n                                <p>- Double welted front pockets</p>\n\n                                <p>- Adjustable elastic string at hempen</p>\n\n                                <p>- Ultrasonically welded seams</p>\n\n                                <p>This is a unisex item, please check our clothing &amp; footwear sizing guide for specific Rains jacket sizing information. RAINS comes from the rainy nation of Denmark at the edge of the European continent, close to the ocean and with prevailing westerly winds; all factors that contribute to an average of 121 rain days each year. Arising from these rainy weather conditions comes the attitude that a quick rain shower may be beautiful, as well as moody- but first and foremost requires the right outfit. Rains focus on the whole experience of going outside on rainy days, issuing an invitation to explore even in the most mercurial weather.</p>','published','[\"products\\/product-78.jpg\",\"products\\/product-93.jpg\",\"products\\/product-58.jpg\",\"products\\/product-25.jpg\",\"products\\/product-75.jpg\",\"products\\/product-32.jpg\",\"products\\/product-24.jpg\",\"products\\/product-47.jpg\",\"products\\/product-90.jpg\",\"products\\/product-48.jpg\",\"products\\/product-14.jpg\"]',NULL,'NC-140-A0',0,10,0,1,'in_stock',1,7,0,0,327,235.44,NULL,NULL,19,17,13,619,NULL,110287,'2025-01-21 09:39:21','2025-01-21 09:39:26',0,'Botble\\ACL\\Models\\User',NULL,'physical',NULL,NULL,0,0,0,0,1),(13,'Beat Headphone','<p>Short Hooded Coat features a straight body, large pockets with button flaps, ventilation air holes, and a string detail along the hemline.</p>','<p>Short Hooded Coat features a straight body, large pockets with button flaps, ventilation air holes, and a string detail along the hemline. The style is completed with a drawstring hood, featuring Rains’ signature built-in cap. Made from waterproof, matte PU, this lightweight unisex rain jacket is an ode to nostalgia through its classic silhouette and utilitarian design details.</p>\n                                <p>- Casual unisex fit</p>\n\n                                <p>- 64% polyester, 36% polyurethane</p>\n\n                                <p>- Water column pressure: 4000 mm</p>\n\n                                <p>- Model is 187cm tall and wearing a size S / M</p>\n\n                                <p>- Unisex fit</p>\n\n                                <p>- Drawstring hood with built-in cap</p>\n\n                                <p>- Front placket with snap buttons</p>\n\n                                <p>- Ventilation under armpit</p>\n\n                                <p>- Adjustable cuffs</p>\n\n                                <p>- Double welted front pockets</p>\n\n                                <p>- Adjustable elastic string at hempen</p>\n\n                                <p>- Ultrasonically welded seams</p>\n\n                                <p>This is a unisex item, please check our clothing &amp; footwear sizing guide for specific Rains jacket sizing information. RAINS comes from the rainy nation of Denmark at the edge of the European continent, close to the ocean and with prevailing westerly winds; all factors that contribute to an average of 121 rain days each year. Arising from these rainy weather conditions comes the attitude that a quick rain shower may be beautiful, as well as moody- but first and foremost requires the right outfit. Rains focus on the whole experience of going outside on rainy days, issuing an invitation to explore even in the most mercurial weather.</p>','published','[\"products\\/product-87.jpg\",\"products\\/product-94.jpg\",\"products\\/product-15.jpg\",\"products\\/product-46.jpg\",\"products\\/product-59.jpg\",\"products\\/product-92.jpg\",\"products\\/product-37.jpg\",\"products\\/product-47.jpg\",\"products\\/product-41.jpg\"]',NULL,'NC-187-A0',0,16,0,1,'in_stock',0,2,0,0,283,NULL,NULL,NULL,18,17,18,541,NULL,28233,'2025-01-21 09:39:21','2025-01-21 09:39:26',0,'Botble\\ACL\\Models\\User',NULL,'digital',NULL,NULL,0,0,0,0,2),(14,'Red &amp; Black Headphone','<p>Short Hooded Coat features a straight body, large pockets with button flaps, ventilation air holes, and a string detail along the hemline.</p>','<p>Short Hooded Coat features a straight body, large pockets with button flaps, ventilation air holes, and a string detail along the hemline. The style is completed with a drawstring hood, featuring Rains’ signature built-in cap. Made from waterproof, matte PU, this lightweight unisex rain jacket is an ode to nostalgia through its classic silhouette and utilitarian design details.</p>\n                                <p>- Casual unisex fit</p>\n\n                                <p>- 64% polyester, 36% polyurethane</p>\n\n                                <p>- Water column pressure: 4000 mm</p>\n\n                                <p>- Model is 187cm tall and wearing a size S / M</p>\n\n                                <p>- Unisex fit</p>\n\n                                <p>- Drawstring hood with built-in cap</p>\n\n                                <p>- Front placket with snap buttons</p>\n\n                                <p>- Ventilation under armpit</p>\n\n                                <p>- Adjustable cuffs</p>\n\n                                <p>- Double welted front pockets</p>\n\n                                <p>- Adjustable elastic string at hempen</p>\n\n                                <p>- Ultrasonically welded seams</p>\n\n                                <p>This is a unisex item, please check our clothing &amp; footwear sizing guide for specific Rains jacket sizing information. RAINS comes from the rainy nation of Denmark at the edge of the European continent, close to the ocean and with prevailing westerly winds; all factors that contribute to an average of 121 rain days each year. Arising from these rainy weather conditions comes the attitude that a quick rain shower may be beautiful, as well as moody- but first and foremost requires the right outfit. Rains focus on the whole experience of going outside on rainy days, issuing an invitation to explore even in the most mercurial weather.</p>','published','[\"products\\/product-29.jpg\",\"products\\/product-11.jpg\",\"products\\/product-42.jpg\",\"products\\/product-51.jpg\",\"products\\/product-49.jpg\",\"products\\/product-69.jpg\",\"products\\/product-43.jpg\"]',NULL,'NC-176-A0',0,20,0,1,'in_stock',1,6,0,0,474,NULL,NULL,NULL,19,10,14,815,NULL,78687,'2025-01-21 09:39:21','2025-01-21 09:39:26',0,'Botble\\ACL\\Models\\User',NULL,'physical',NULL,NULL,0,0,0,0,2),(15,'Smart Watch External','<p>Short Hooded Coat features a straight body, large pockets with button flaps, ventilation air holes, and a string detail along the hemline.</p>','<p>Short Hooded Coat features a straight body, large pockets with button flaps, ventilation air holes, and a string detail along the hemline. The style is completed with a drawstring hood, featuring Rains’ signature built-in cap. Made from waterproof, matte PU, this lightweight unisex rain jacket is an ode to nostalgia through its classic silhouette and utilitarian design details.</p>\n                                <p>- Casual unisex fit</p>\n\n                                <p>- 64% polyester, 36% polyurethane</p>\n\n                                <p>- Water column pressure: 4000 mm</p>\n\n                                <p>- Model is 187cm tall and wearing a size S / M</p>\n\n                                <p>- Unisex fit</p>\n\n                                <p>- Drawstring hood with built-in cap</p>\n\n                                <p>- Front placket with snap buttons</p>\n\n                                <p>- Ventilation under armpit</p>\n\n                                <p>- Adjustable cuffs</p>\n\n                                <p>- Double welted front pockets</p>\n\n                                <p>- Adjustable elastic string at hempen</p>\n\n                                <p>- Ultrasonically welded seams</p>\n\n                                <p>This is a unisex item, please check our clothing &amp; footwear sizing guide for specific Rains jacket sizing information. RAINS comes from the rainy nation of Denmark at the edge of the European continent, close to the ocean and with prevailing westerly winds; all factors that contribute to an average of 121 rain days each year. Arising from these rainy weather conditions comes the attitude that a quick rain shower may be beautiful, as well as moody- but first and foremost requires the right outfit. Rains focus on the whole experience of going outside on rainy days, issuing an invitation to explore even in the most mercurial weather.</p>','published','[\"products\\/product-37.jpg\",\"products\\/product-30.jpg\",\"products\\/product-52.jpg\",\"products\\/product-71.jpg\",\"products\\/product-59.jpg\"]',NULL,'NC-167-A0',0,13,0,1,'in_stock',0,5,0,0,292,NULL,NULL,NULL,12,11,16,785,NULL,104688,'2025-01-21 09:39:21','2025-01-21 09:39:26',0,'Botble\\ACL\\Models\\User',NULL,'physical',NULL,NULL,0,0,0,0,1),(16,'Nikon HD camera','<p>Short Hooded Coat features a straight body, large pockets with button flaps, ventilation air holes, and a string detail along the hemline.</p>','<p>Short Hooded Coat features a straight body, large pockets with button flaps, ventilation air holes, and a string detail along the hemline. The style is completed with a drawstring hood, featuring Rains’ signature built-in cap. Made from waterproof, matte PU, this lightweight unisex rain jacket is an ode to nostalgia through its classic silhouette and utilitarian design details.</p>\n                                <p>- Casual unisex fit</p>\n\n                                <p>- 64% polyester, 36% polyurethane</p>\n\n                                <p>- Water column pressure: 4000 mm</p>\n\n                                <p>- Model is 187cm tall and wearing a size S / M</p>\n\n                                <p>- Unisex fit</p>\n\n                                <p>- Drawstring hood with built-in cap</p>\n\n                                <p>- Front placket with snap buttons</p>\n\n                                <p>- Ventilation under armpit</p>\n\n                                <p>- Adjustable cuffs</p>\n\n                                <p>- Double welted front pockets</p>\n\n                                <p>- Adjustable elastic string at hempen</p>\n\n                                <p>- Ultrasonically welded seams</p>\n\n                                <p>This is a unisex item, please check our clothing &amp; footwear sizing guide for specific Rains jacket sizing information. RAINS comes from the rainy nation of Denmark at the edge of the European continent, close to the ocean and with prevailing westerly winds; all factors that contribute to an average of 121 rain days each year. Arising from these rainy weather conditions comes the attitude that a quick rain shower may be beautiful, as well as moody- but first and foremost requires the right outfit. Rains focus on the whole experience of going outside on rainy days, issuing an invitation to explore even in the most mercurial weather.</p>','published','[\"products\\/product-63.jpg\",\"products\\/product-28.jpg\",\"products\\/product-7.jpg\",\"products\\/product-91.jpg\",\"products\\/product-41.jpg\",\"products\\/product-31.jpg\",\"products\\/product-9.jpg\",\"products\\/product-51.jpg\",\"products\\/product-20.jpg\",\"products\\/product-81.jpg\",\"products\\/product-95.jpg\"]',NULL,'NC-173-A0',0,17,0,1,'in_stock',0,1,0,0,487,379.86,NULL,NULL,10,13,12,827,NULL,36880,'2025-01-21 09:39:21','2025-01-21 09:39:26',0,'Botble\\ACL\\Models\\User',NULL,'physical',NULL,NULL,0,0,0,0,2),(17,'Audio Equipment','<p>Short Hooded Coat features a straight body, large pockets with button flaps, ventilation air holes, and a string detail along the hemline.</p>','<p>Short Hooded Coat features a straight body, large pockets with button flaps, ventilation air holes, and a string detail along the hemline. The style is completed with a drawstring hood, featuring Rains’ signature built-in cap. Made from waterproof, matte PU, this lightweight unisex rain jacket is an ode to nostalgia through its classic silhouette and utilitarian design details.</p>\n                                <p>- Casual unisex fit</p>\n\n                                <p>- 64% polyester, 36% polyurethane</p>\n\n                                <p>- Water column pressure: 4000 mm</p>\n\n                                <p>- Model is 187cm tall and wearing a size S / M</p>\n\n                                <p>- Unisex fit</p>\n\n                                <p>- Drawstring hood with built-in cap</p>\n\n                                <p>- Front placket with snap buttons</p>\n\n                                <p>- Ventilation under armpit</p>\n\n                                <p>- Adjustable cuffs</p>\n\n                                <p>- Double welted front pockets</p>\n\n                                <p>- Adjustable elastic string at hempen</p>\n\n                                <p>- Ultrasonically welded seams</p>\n\n                                <p>This is a unisex item, please check our clothing &amp; footwear sizing guide for specific Rains jacket sizing information. RAINS comes from the rainy nation of Denmark at the edge of the European continent, close to the ocean and with prevailing westerly winds; all factors that contribute to an average of 121 rain days each year. Arising from these rainy weather conditions comes the attitude that a quick rain shower may be beautiful, as well as moody- but first and foremost requires the right outfit. Rains focus on the whole experience of going outside on rainy days, issuing an invitation to explore even in the most mercurial weather.</p>','published','[\"products\\/product-56.jpg\",\"products\\/product-80.jpg\",\"products\\/product-73.jpg\",\"products\\/product-30.jpg\",\"products\\/product-85.jpg\"]',NULL,'NC-189-A0',0,14,0,1,'in_stock',0,6,0,0,364,NULL,NULL,NULL,17,17,20,691,NULL,84833,'2025-01-21 09:39:21','2025-01-21 09:39:26',0,'Botble\\ACL\\Models\\User',NULL,'digital',NULL,NULL,0,0,0,0,1),(18,'Smart Televisions','<p>Short Hooded Coat features a straight body, large pockets with button flaps, ventilation air holes, and a string detail along the hemline.</p>','<p>Short Hooded Coat features a straight body, large pockets with button flaps, ventilation air holes, and a string detail along the hemline. The style is completed with a drawstring hood, featuring Rains’ signature built-in cap. Made from waterproof, matte PU, this lightweight unisex rain jacket is an ode to nostalgia through its classic silhouette and utilitarian design details.</p>\n                                <p>- Casual unisex fit</p>\n\n                                <p>- 64% polyester, 36% polyurethane</p>\n\n                                <p>- Water column pressure: 4000 mm</p>\n\n                                <p>- Model is 187cm tall and wearing a size S / M</p>\n\n                                <p>- Unisex fit</p>\n\n                                <p>- Drawstring hood with built-in cap</p>\n\n                                <p>- Front placket with snap buttons</p>\n\n                                <p>- Ventilation under armpit</p>\n\n                                <p>- Adjustable cuffs</p>\n\n                                <p>- Double welted front pockets</p>\n\n                                <p>- Adjustable elastic string at hempen</p>\n\n                                <p>- Ultrasonically welded seams</p>\n\n                                <p>This is a unisex item, please check our clothing &amp; footwear sizing guide for specific Rains jacket sizing information. RAINS comes from the rainy nation of Denmark at the edge of the European continent, close to the ocean and with prevailing westerly winds; all factors that contribute to an average of 121 rain days each year. Arising from these rainy weather conditions comes the attitude that a quick rain shower may be beautiful, as well as moody- but first and foremost requires the right outfit. Rains focus on the whole experience of going outside on rainy days, issuing an invitation to explore even in the most mercurial weather.</p>','published','[\"products\\/product-30.jpg\",\"products\\/product-38.jpg\",\"products\\/product-34.jpg\",\"products\\/product-54.jpg\",\"products\\/product-43.jpg\",\"products\\/product-86.jpg\",\"products\\/product-53.jpg\",\"products\\/product-71.jpg\",\"products\\/product-50.jpg\",\"products\\/product-77.jpg\",\"products\\/product-36.jpg\"]',NULL,'NC-157-A0',0,16,0,1,'in_stock',1,6,0,0,341,NULL,NULL,NULL,16,12,11,763,NULL,106300,'2025-01-21 09:39:21','2025-01-21 09:39:26',0,'Botble\\ACL\\Models\\User',NULL,'physical',NULL,NULL,0,0,0,0,1),(19,'Samsung Smart Phone','<p>Short Hooded Coat features a straight body, large pockets with button flaps, ventilation air holes, and a string detail along the hemline.</p>','<p>Short Hooded Coat features a straight body, large pockets with button flaps, ventilation air holes, and a string detail along the hemline. The style is completed with a drawstring hood, featuring Rains’ signature built-in cap. Made from waterproof, matte PU, this lightweight unisex rain jacket is an ode to nostalgia through its classic silhouette and utilitarian design details.</p>\n                                <p>- Casual unisex fit</p>\n\n                                <p>- 64% polyester, 36% polyurethane</p>\n\n                                <p>- Water column pressure: 4000 mm</p>\n\n                                <p>- Model is 187cm tall and wearing a size S / M</p>\n\n                                <p>- Unisex fit</p>\n\n                                <p>- Drawstring hood with built-in cap</p>\n\n                                <p>- Front placket with snap buttons</p>\n\n                                <p>- Ventilation under armpit</p>\n\n                                <p>- Adjustable cuffs</p>\n\n                                <p>- Double welted front pockets</p>\n\n                                <p>- Adjustable elastic string at hempen</p>\n\n                                <p>- Ultrasonically welded seams</p>\n\n                                <p>This is a unisex item, please check our clothing &amp; footwear sizing guide for specific Rains jacket sizing information. RAINS comes from the rainy nation of Denmark at the edge of the European continent, close to the ocean and with prevailing westerly winds; all factors that contribute to an average of 121 rain days each year. Arising from these rainy weather conditions comes the attitude that a quick rain shower may be beautiful, as well as moody- but first and foremost requires the right outfit. Rains focus on the whole experience of going outside on rainy days, issuing an invitation to explore even in the most mercurial weather.</p>','published','[\"products\\/product-81.jpg\",\"products\\/product-47.jpg\",\"products\\/product-11.jpg\",\"products\\/product-40.jpg\",\"products\\/product-50.jpg\"]',NULL,'NC-174-A0',0,17,0,1,'in_stock',0,3,0,0,201,NULL,NULL,NULL,19,16,14,687,NULL,168509,'2025-01-21 09:39:21','2025-01-21 09:39:26',0,'Botble\\ACL\\Models\\User',NULL,'physical',NULL,NULL,0,0,0,0,2),(20,'Herschel Leather Duffle Bag In Brown Color','<p>Short Hooded Coat features a straight body, large pockets with button flaps, ventilation air holes, and a string detail along the hemline.</p>','<p>Short Hooded Coat features a straight body, large pockets with button flaps, ventilation air holes, and a string detail along the hemline. The style is completed with a drawstring hood, featuring Rains’ signature built-in cap. Made from waterproof, matte PU, this lightweight unisex rain jacket is an ode to nostalgia through its classic silhouette and utilitarian design details.</p>\n                                <p>- Casual unisex fit</p>\n\n                                <p>- 64% polyester, 36% polyurethane</p>\n\n                                <p>- Water column pressure: 4000 mm</p>\n\n                                <p>- Model is 187cm tall and wearing a size S / M</p>\n\n                                <p>- Unisex fit</p>\n\n                                <p>- Drawstring hood with built-in cap</p>\n\n                                <p>- Front placket with snap buttons</p>\n\n                                <p>- Ventilation under armpit</p>\n\n                                <p>- Adjustable cuffs</p>\n\n                                <p>- Double welted front pockets</p>\n\n                                <p>- Adjustable elastic string at hempen</p>\n\n                                <p>- Ultrasonically welded seams</p>\n\n                                <p>This is a unisex item, please check our clothing &amp; footwear sizing guide for specific Rains jacket sizing information. RAINS comes from the rainy nation of Denmark at the edge of the European continent, close to the ocean and with prevailing westerly winds; all factors that contribute to an average of 121 rain days each year. Arising from these rainy weather conditions comes the attitude that a quick rain shower may be beautiful, as well as moody- but first and foremost requires the right outfit. Rains focus on the whole experience of going outside on rainy days, issuing an invitation to explore even in the most mercurial weather.</p>','published','[\"products\\/product-72.jpg\",\"products\\/product-73.jpg\",\"products\\/product-45.jpg\",\"products\\/product-86.jpg\",\"products\\/product-41.jpg\",\"products\\/product-56.jpg\"]',NULL,'NC-135-A0',0,13,0,1,'in_stock',1,7,0,0,235,192.7,NULL,NULL,18,13,10,784,NULL,134208,'2025-01-21 09:39:21','2025-01-21 09:39:26',0,'Botble\\ACL\\Models\\User',NULL,'physical',NULL,NULL,0,0,0,0,2),(21,'Xbox One Wireless Controller Black Color','<p>Short Hooded Coat features a straight body, large pockets with button flaps, ventilation air holes, and a string detail along the hemline.</p>','<p>Short Hooded Coat features a straight body, large pockets with button flaps, ventilation air holes, and a string detail along the hemline. The style is completed with a drawstring hood, featuring Rains’ signature built-in cap. Made from waterproof, matte PU, this lightweight unisex rain jacket is an ode to nostalgia through its classic silhouette and utilitarian design details.</p>\n                                <p>- Casual unisex fit</p>\n\n                                <p>- 64% polyester, 36% polyurethane</p>\n\n                                <p>- Water column pressure: 4000 mm</p>\n\n                                <p>- Model is 187cm tall and wearing a size S / M</p>\n\n                                <p>- Unisex fit</p>\n\n                                <p>- Drawstring hood with built-in cap</p>\n\n                                <p>- Front placket with snap buttons</p>\n\n                                <p>- Ventilation under armpit</p>\n\n                                <p>- Adjustable cuffs</p>\n\n                                <p>- Double welted front pockets</p>\n\n                                <p>- Adjustable elastic string at hempen</p>\n\n                                <p>- Ultrasonically welded seams</p>\n\n                                <p>This is a unisex item, please check our clothing &amp; footwear sizing guide for specific Rains jacket sizing information. RAINS comes from the rainy nation of Denmark at the edge of the European continent, close to the ocean and with prevailing westerly winds; all factors that contribute to an average of 121 rain days each year. Arising from these rainy weather conditions comes the attitude that a quick rain shower may be beautiful, as well as moody- but first and foremost requires the right outfit. Rains focus on the whole experience of going outside on rainy days, issuing an invitation to explore even in the most mercurial weather.</p>','published','[\"products\\/product-89.jpg\",\"products\\/product-94.jpg\",\"products\\/product-73.jpg\",\"products\\/product-39.jpg\",\"products\\/product-52.jpg\",\"products\\/product-85.jpg\",\"products\\/product-60.jpg\",\"products\\/product-50.jpg\",\"products\\/product-84.jpg\"]',NULL,'NC-102-A0',0,10,0,1,'in_stock',0,1,0,0,426,NULL,NULL,NULL,16,14,13,667,NULL,18269,'2025-01-21 09:39:21','2025-01-21 09:39:26',0,'Botble\\ACL\\Models\\User',NULL,'digital',NULL,NULL,0,0,0,0,1),(22,'EPSION Plaster Printer','<p>Short Hooded Coat features a straight body, large pockets with button flaps, ventilation air holes, and a string detail along the hemline.</p>','<p>Short Hooded Coat features a straight body, large pockets with button flaps, ventilation air holes, and a string detail along the hemline. The style is completed with a drawstring hood, featuring Rains’ signature built-in cap. Made from waterproof, matte PU, this lightweight unisex rain jacket is an ode to nostalgia through its classic silhouette and utilitarian design details.</p>\n                                <p>- Casual unisex fit</p>\n\n                                <p>- 64% polyester, 36% polyurethane</p>\n\n                                <p>- Water column pressure: 4000 mm</p>\n\n                                <p>- Model is 187cm tall and wearing a size S / M</p>\n\n                                <p>- Unisex fit</p>\n\n                                <p>- Drawstring hood with built-in cap</p>\n\n                                <p>- Front placket with snap buttons</p>\n\n                                <p>- Ventilation under armpit</p>\n\n                                <p>- Adjustable cuffs</p>\n\n                                <p>- Double welted front pockets</p>\n\n                                <p>- Adjustable elastic string at hempen</p>\n\n                                <p>- Ultrasonically welded seams</p>\n\n                                <p>This is a unisex item, please check our clothing &amp; footwear sizing guide for specific Rains jacket sizing information. RAINS comes from the rainy nation of Denmark at the edge of the European continent, close to the ocean and with prevailing westerly winds; all factors that contribute to an average of 121 rain days each year. Arising from these rainy weather conditions comes the attitude that a quick rain shower may be beautiful, as well as moody- but first and foremost requires the right outfit. Rains focus on the whole experience of going outside on rainy days, issuing an invitation to explore even in the most mercurial weather.</p>','published','[\"products\\/product-45.jpg\",\"products\\/product-38.jpg\",\"products\\/product-59.jpg\",\"products\\/product-26.jpg\",\"products\\/product-75.jpg\",\"products\\/product-42.jpg\"]',NULL,'NC-128-A0',0,18,0,1,'in_stock',1,4,0,0,482,NULL,NULL,NULL,11,12,19,755,NULL,72200,'2025-01-21 09:39:21','2025-01-21 09:39:26',0,'Botble\\ACL\\Models\\User',NULL,'physical',NULL,NULL,0,0,0,0,2),(23,'Sound Intone I65 Earphone White Version','<p>Short Hooded Coat features a straight body, large pockets with button flaps, ventilation air holes, and a string detail along the hemline.</p>','<p>Short Hooded Coat features a straight body, large pockets with button flaps, ventilation air holes, and a string detail along the hemline. The style is completed with a drawstring hood, featuring Rains’ signature built-in cap. Made from waterproof, matte PU, this lightweight unisex rain jacket is an ode to nostalgia through its classic silhouette and utilitarian design details.</p>\n                                <p>- Casual unisex fit</p>\n\n                                <p>- 64% polyester, 36% polyurethane</p>\n\n                                <p>- Water column pressure: 4000 mm</p>\n\n                                <p>- Model is 187cm tall and wearing a size S / M</p>\n\n                                <p>- Unisex fit</p>\n\n                                <p>- Drawstring hood with built-in cap</p>\n\n                                <p>- Front placket with snap buttons</p>\n\n                                <p>- Ventilation under armpit</p>\n\n                                <p>- Adjustable cuffs</p>\n\n                                <p>- Double welted front pockets</p>\n\n                                <p>- Adjustable elastic string at hempen</p>\n\n                                <p>- Ultrasonically welded seams</p>\n\n                                <p>This is a unisex item, please check our clothing &amp; footwear sizing guide for specific Rains jacket sizing information. RAINS comes from the rainy nation of Denmark at the edge of the European continent, close to the ocean and with prevailing westerly winds; all factors that contribute to an average of 121 rain days each year. Arising from these rainy weather conditions comes the attitude that a quick rain shower may be beautiful, as well as moody- but first and foremost requires the right outfit. Rains focus on the whole experience of going outside on rainy days, issuing an invitation to explore even in the most mercurial weather.</p>','published','[\"products\\/product-38.jpg\",\"products\\/product-9.jpg\",\"products\\/product-58.jpg\",\"products\\/product-46.jpg\",\"products\\/product-10.jpg\",\"products\\/product-95.jpg\",\"products\\/product-15.jpg\",\"products\\/product-5.jpg\",\"products\\/product-52.jpg\"]',NULL,'NC-177-A0',0,11,0,1,'in_stock',1,4,0,0,285,NULL,NULL,NULL,10,20,16,674,NULL,177937,'2025-01-21 09:39:21','2025-01-21 09:39:26',0,'Botble\\ACL\\Models\\User',NULL,'physical',NULL,NULL,0,0,0,0,2),(24,'B&amp;O Play Mini Bluetooth Speaker','<p>Short Hooded Coat features a straight body, large pockets with button flaps, ventilation air holes, and a string detail along the hemline.</p>','<p>Short Hooded Coat features a straight body, large pockets with button flaps, ventilation air holes, and a string detail along the hemline. The style is completed with a drawstring hood, featuring Rains’ signature built-in cap. Made from waterproof, matte PU, this lightweight unisex rain jacket is an ode to nostalgia through its classic silhouette and utilitarian design details.</p>\n                                <p>- Casual unisex fit</p>\n\n                                <p>- 64% polyester, 36% polyurethane</p>\n\n                                <p>- Water column pressure: 4000 mm</p>\n\n                                <p>- Model is 187cm tall and wearing a size S / M</p>\n\n                                <p>- Unisex fit</p>\n\n                                <p>- Drawstring hood with built-in cap</p>\n\n                                <p>- Front placket with snap buttons</p>\n\n                                <p>- Ventilation under armpit</p>\n\n                                <p>- Adjustable cuffs</p>\n\n                                <p>- Double welted front pockets</p>\n\n                                <p>- Adjustable elastic string at hempen</p>\n\n                                <p>- Ultrasonically welded seams</p>\n\n                                <p>This is a unisex item, please check our clothing &amp; footwear sizing guide for specific Rains jacket sizing information. RAINS comes from the rainy nation of Denmark at the edge of the European continent, close to the ocean and with prevailing westerly winds; all factors that contribute to an average of 121 rain days each year. Arising from these rainy weather conditions comes the attitude that a quick rain shower may be beautiful, as well as moody- but first and foremost requires the right outfit. Rains focus on the whole experience of going outside on rainy days, issuing an invitation to explore even in the most mercurial weather.</p>','published','[\"products\\/product-7.jpg\",\"products\\/product-2.jpg\",\"products\\/product-87.jpg\",\"products\\/product-53.jpg\",\"products\\/product-46.jpg\",\"products\\/product-22.jpg\",\"products\\/product-65.jpg\",\"products\\/product-31.jpg\",\"products\\/product-17.jpg\",\"products\\/product-33.jpg\",\"products\\/product-78.jpg\",\"products\\/product-83.jpg\"]',NULL,'NC-164-A0',0,17,0,1,'in_stock',1,3,0,0,258,183.18,NULL,NULL,18,18,11,827,NULL,199791,'2025-01-21 09:39:21','2025-01-21 09:39:26',0,'Botble\\ACL\\Models\\User',NULL,'physical',NULL,NULL,0,0,0,0,2),(25,'Apple MacBook Air Retina 13.3-Inch Laptop','<p>Short Hooded Coat features a straight body, large pockets with button flaps, ventilation air holes, and a string detail along the hemline.</p>','<p>Short Hooded Coat features a straight body, large pockets with button flaps, ventilation air holes, and a string detail along the hemline. The style is completed with a drawstring hood, featuring Rains’ signature built-in cap. Made from waterproof, matte PU, this lightweight unisex rain jacket is an ode to nostalgia through its classic silhouette and utilitarian design details.</p>\n                                <p>- Casual unisex fit</p>\n\n                                <p>- 64% polyester, 36% polyurethane</p>\n\n                                <p>- Water column pressure: 4000 mm</p>\n\n                                <p>- Model is 187cm tall and wearing a size S / M</p>\n\n                                <p>- Unisex fit</p>\n\n                                <p>- Drawstring hood with built-in cap</p>\n\n                                <p>- Front placket with snap buttons</p>\n\n                                <p>- Ventilation under armpit</p>\n\n                                <p>- Adjustable cuffs</p>\n\n                                <p>- Double welted front pockets</p>\n\n                                <p>- Adjustable elastic string at hempen</p>\n\n                                <p>- Ultrasonically welded seams</p>\n\n                                <p>This is a unisex item, please check our clothing &amp; footwear sizing guide for specific Rains jacket sizing information. RAINS comes from the rainy nation of Denmark at the edge of the European continent, close to the ocean and with prevailing westerly winds; all factors that contribute to an average of 121 rain days each year. Arising from these rainy weather conditions comes the attitude that a quick rain shower may be beautiful, as well as moody- but first and foremost requires the right outfit. Rains focus on the whole experience of going outside on rainy days, issuing an invitation to explore even in the most mercurial weather.</p>','published','[\"products\\/product-77.jpg\",\"products\\/product-10.jpg\",\"products\\/product-83.jpg\",\"products\\/product-49.jpg\",\"products\\/product-84.jpg\",\"products\\/product-57.jpg\",\"products\\/product-16.jpg\",\"products\\/product-66.jpg\",\"products\\/product-45.jpg\"]',NULL,'NC-161-A0',0,10,0,1,'in_stock',1,5,0,0,394,NULL,NULL,NULL,16,11,12,718,NULL,55521,'2025-01-21 09:39:21','2025-01-21 09:39:26',0,'Botble\\ACL\\Models\\User',NULL,'digital',NULL,NULL,0,0,0,0,2),(26,'Apple MacBook Air Retina 12-Inch Laptop','<p>Short Hooded Coat features a straight body, large pockets with button flaps, ventilation air holes, and a string detail along the hemline.</p>','<p>Short Hooded Coat features a straight body, large pockets with button flaps, ventilation air holes, and a string detail along the hemline. The style is completed with a drawstring hood, featuring Rains’ signature built-in cap. Made from waterproof, matte PU, this lightweight unisex rain jacket is an ode to nostalgia through its classic silhouette and utilitarian design details.</p>\n                                <p>- Casual unisex fit</p>\n\n                                <p>- 64% polyester, 36% polyurethane</p>\n\n                                <p>- Water column pressure: 4000 mm</p>\n\n                                <p>- Model is 187cm tall and wearing a size S / M</p>\n\n                                <p>- Unisex fit</p>\n\n                                <p>- Drawstring hood with built-in cap</p>\n\n                                <p>- Front placket with snap buttons</p>\n\n                                <p>- Ventilation under armpit</p>\n\n                                <p>- Adjustable cuffs</p>\n\n                                <p>- Double welted front pockets</p>\n\n                                <p>- Adjustable elastic string at hempen</p>\n\n                                <p>- Ultrasonically welded seams</p>\n\n                                <p>This is a unisex item, please check our clothing &amp; footwear sizing guide for specific Rains jacket sizing information. RAINS comes from the rainy nation of Denmark at the edge of the European continent, close to the ocean and with prevailing westerly winds; all factors that contribute to an average of 121 rain days each year. Arising from these rainy weather conditions comes the attitude that a quick rain shower may be beautiful, as well as moody- but first and foremost requires the right outfit. Rains focus on the whole experience of going outside on rainy days, issuing an invitation to explore even in the most mercurial weather.</p>','published','[\"products\\/product-1.jpg\",\"products\\/product-42.jpg\",\"products\\/product-17.jpg\",\"products\\/product-14.jpg\",\"products\\/product-9.jpg\",\"products\\/product-65.jpg\",\"products\\/product-2.jpg\",\"products\\/product-15.jpg\"]',NULL,'NC-196-A0',0,15,0,1,'in_stock',0,3,0,0,221,NULL,NULL,NULL,20,18,15,596,NULL,89537,'2025-01-21 09:39:21','2025-01-21 09:39:26',0,'Botble\\ACL\\Models\\User',NULL,'physical',NULL,NULL,0,0,0,0,2),(27,'Samsung Gear VR Virtual Reality Headset','<p>Short Hooded Coat features a straight body, large pockets with button flaps, ventilation air holes, and a string detail along the hemline.</p>','<p>Short Hooded Coat features a straight body, large pockets with button flaps, ventilation air holes, and a string detail along the hemline. The style is completed with a drawstring hood, featuring Rains’ signature built-in cap. Made from waterproof, matte PU, this lightweight unisex rain jacket is an ode to nostalgia through its classic silhouette and utilitarian design details.</p>\n                                <p>- Casual unisex fit</p>\n\n                                <p>- 64% polyester, 36% polyurethane</p>\n\n                                <p>- Water column pressure: 4000 mm</p>\n\n                                <p>- Model is 187cm tall and wearing a size S / M</p>\n\n                                <p>- Unisex fit</p>\n\n                                <p>- Drawstring hood with built-in cap</p>\n\n                                <p>- Front placket with snap buttons</p>\n\n                                <p>- Ventilation under armpit</p>\n\n                                <p>- Adjustable cuffs</p>\n\n                                <p>- Double welted front pockets</p>\n\n                                <p>- Adjustable elastic string at hempen</p>\n\n                                <p>- Ultrasonically welded seams</p>\n\n                                <p>This is a unisex item, please check our clothing &amp; footwear sizing guide for specific Rains jacket sizing information. RAINS comes from the rainy nation of Denmark at the edge of the European continent, close to the ocean and with prevailing westerly winds; all factors that contribute to an average of 121 rain days each year. Arising from these rainy weather conditions comes the attitude that a quick rain shower may be beautiful, as well as moody- but first and foremost requires the right outfit. Rains focus on the whole experience of going outside on rainy days, issuing an invitation to explore even in the most mercurial weather.</p>','published','[\"products\\/product-40.jpg\",\"products\\/product-36.jpg\",\"products\\/product-28.jpg\",\"products\\/product-32.jpg\",\"products\\/product-58.jpg\"]',NULL,'NC-190-A0',0,13,0,1,'in_stock',1,4,0,0,473,NULL,NULL,NULL,20,14,10,713,NULL,166862,'2025-01-21 09:39:21','2025-01-21 09:39:26',0,'Botble\\ACL\\Models\\User',NULL,'physical',NULL,NULL,0,0,0,0,1),(28,'Aveeno Moisturizing Body Shower 450ml','<p>Short Hooded Coat features a straight body, large pockets with button flaps, ventilation air holes, and a string detail along the hemline.</p>','<p>Short Hooded Coat features a straight body, large pockets with button flaps, ventilation air holes, and a string detail along the hemline. The style is completed with a drawstring hood, featuring Rains’ signature built-in cap. Made from waterproof, matte PU, this lightweight unisex rain jacket is an ode to nostalgia through its classic silhouette and utilitarian design details.</p>\n                                <p>- Casual unisex fit</p>\n\n                                <p>- 64% polyester, 36% polyurethane</p>\n\n                                <p>- Water column pressure: 4000 mm</p>\n\n                                <p>- Model is 187cm tall and wearing a size S / M</p>\n\n                                <p>- Unisex fit</p>\n\n                                <p>- Drawstring hood with built-in cap</p>\n\n                                <p>- Front placket with snap buttons</p>\n\n                                <p>- Ventilation under armpit</p>\n\n                                <p>- Adjustable cuffs</p>\n\n                                <p>- Double welted front pockets</p>\n\n                                <p>- Adjustable elastic string at hempen</p>\n\n                                <p>- Ultrasonically welded seams</p>\n\n                                <p>This is a unisex item, please check our clothing &amp; footwear sizing guide for specific Rains jacket sizing information. RAINS comes from the rainy nation of Denmark at the edge of the European continent, close to the ocean and with prevailing westerly winds; all factors that contribute to an average of 121 rain days each year. Arising from these rainy weather conditions comes the attitude that a quick rain shower may be beautiful, as well as moody- but first and foremost requires the right outfit. Rains focus on the whole experience of going outside on rainy days, issuing an invitation to explore even in the most mercurial weather.</p>','published','[\"products\\/product-44.jpg\",\"products\\/product-64.jpg\",\"products\\/product-92.jpg\",\"products\\/product-1.jpg\",\"products\\/product-27.jpg\",\"products\\/product-55.jpg\",\"products\\/product-63.jpg\",\"products\\/product-28.jpg\"]',NULL,'NC-181-A0',0,11,0,1,'in_stock',1,5,0,0,333,253.08,NULL,NULL,10,15,12,520,NULL,33928,'2025-01-21 09:39:21','2025-01-21 09:39:26',0,'Botble\\ACL\\Models\\User',NULL,'physical',NULL,NULL,0,0,0,0,2),(29,'NYX Beauty Couton Pallete Makeup 12','<p>Short Hooded Coat features a straight body, large pockets with button flaps, ventilation air holes, and a string detail along the hemline.</p>','<p>Short Hooded Coat features a straight body, large pockets with button flaps, ventilation air holes, and a string detail along the hemline. The style is completed with a drawstring hood, featuring Rains’ signature built-in cap. Made from waterproof, matte PU, this lightweight unisex rain jacket is an ode to nostalgia through its classic silhouette and utilitarian design details.</p>\n                                <p>- Casual unisex fit</p>\n\n                                <p>- 64% polyester, 36% polyurethane</p>\n\n                                <p>- Water column pressure: 4000 mm</p>\n\n                                <p>- Model is 187cm tall and wearing a size S / M</p>\n\n                                <p>- Unisex fit</p>\n\n                                <p>- Drawstring hood with built-in cap</p>\n\n                                <p>- Front placket with snap buttons</p>\n\n                                <p>- Ventilation under armpit</p>\n\n                                <p>- Adjustable cuffs</p>\n\n                                <p>- Double welted front pockets</p>\n\n                                <p>- Adjustable elastic string at hempen</p>\n\n                                <p>- Ultrasonically welded seams</p>\n\n                                <p>This is a unisex item, please check our clothing &amp; footwear sizing guide for specific Rains jacket sizing information. RAINS comes from the rainy nation of Denmark at the edge of the European continent, close to the ocean and with prevailing westerly winds; all factors that contribute to an average of 121 rain days each year. Arising from these rainy weather conditions comes the attitude that a quick rain shower may be beautiful, as well as moody- but first and foremost requires the right outfit. Rains focus on the whole experience of going outside on rainy days, issuing an invitation to explore even in the most mercurial weather.</p>','published','[\"products\\/product-85.jpg\",\"products\\/product-18.jpg\",\"products\\/product-59.jpg\",\"products\\/product-56.jpg\",\"products\\/product-55.jpg\",\"products\\/product-27.jpg\",\"products\\/product-30.jpg\",\"products\\/product-4.jpg\",\"products\\/product-3.jpg\",\"products\\/product-13.jpg\",\"products\\/product-72.jpg\",\"products\\/product-8.jpg\"]',NULL,'NC-149-A0',0,11,0,1,'in_stock',1,6,0,0,256,NULL,NULL,NULL,13,19,15,798,NULL,193426,'2025-01-21 09:39:21','2025-01-21 09:39:26',0,'Botble\\ACL\\Models\\User',NULL,'digital',NULL,NULL,0,0,0,0,1),(30,'NYX Beauty Couton Pallete Makeup 12','<p>Short Hooded Coat features a straight body, large pockets with button flaps, ventilation air holes, and a string detail along the hemline.</p>','<p>Short Hooded Coat features a straight body, large pockets with button flaps, ventilation air holes, and a string detail along the hemline. The style is completed with a drawstring hood, featuring Rains’ signature built-in cap. Made from waterproof, matte PU, this lightweight unisex rain jacket is an ode to nostalgia through its classic silhouette and utilitarian design details.</p>\n                                <p>- Casual unisex fit</p>\n\n                                <p>- 64% polyester, 36% polyurethane</p>\n\n                                <p>- Water column pressure: 4000 mm</p>\n\n                                <p>- Model is 187cm tall and wearing a size S / M</p>\n\n                                <p>- Unisex fit</p>\n\n                                <p>- Drawstring hood with built-in cap</p>\n\n                                <p>- Front placket with snap buttons</p>\n\n                                <p>- Ventilation under armpit</p>\n\n                                <p>- Adjustable cuffs</p>\n\n                                <p>- Double welted front pockets</p>\n\n                                <p>- Adjustable elastic string at hempen</p>\n\n                                <p>- Ultrasonically welded seams</p>\n\n                                <p>This is a unisex item, please check our clothing &amp; footwear sizing guide for specific Rains jacket sizing information. RAINS comes from the rainy nation of Denmark at the edge of the European continent, close to the ocean and with prevailing westerly winds; all factors that contribute to an average of 121 rain days each year. Arising from these rainy weather conditions comes the attitude that a quick rain shower may be beautiful, as well as moody- but first and foremost requires the right outfit. Rains focus on the whole experience of going outside on rainy days, issuing an invitation to explore even in the most mercurial weather.</p>','published','[\"products\\/product-32.jpg\",\"products\\/product-11.jpg\",\"products\\/product-30.jpg\",\"products\\/product-88.jpg\",\"products\\/product-52.jpg\",\"products\\/product-70.jpg\",\"products\\/product-43.jpg\",\"products\\/product-41.jpg\",\"products\\/product-55.jpg\",\"products\\/product-42.jpg\",\"products\\/product-63.jpg\"]',NULL,'NC-176-A0',0,18,0,1,'in_stock',1,2,0,0,330,NULL,NULL,NULL,12,11,10,511,NULL,119687,'2025-01-21 09:39:21','2025-01-21 09:39:26',0,'Botble\\ACL\\Models\\User',NULL,'physical',NULL,NULL,0,0,0,0,1),(31,'MVMTH Classical Leather Watch In Black','<p>Short Hooded Coat features a straight body, large pockets with button flaps, ventilation air holes, and a string detail along the hemline.</p>','<p>Short Hooded Coat features a straight body, large pockets with button flaps, ventilation air holes, and a string detail along the hemline. The style is completed with a drawstring hood, featuring Rains’ signature built-in cap. Made from waterproof, matte PU, this lightweight unisex rain jacket is an ode to nostalgia through its classic silhouette and utilitarian design details.</p>\n                                <p>- Casual unisex fit</p>\n\n                                <p>- 64% polyester, 36% polyurethane</p>\n\n                                <p>- Water column pressure: 4000 mm</p>\n\n                                <p>- Model is 187cm tall and wearing a size S / M</p>\n\n                                <p>- Unisex fit</p>\n\n                                <p>- Drawstring hood with built-in cap</p>\n\n                                <p>- Front placket with snap buttons</p>\n\n                                <p>- Ventilation under armpit</p>\n\n                                <p>- Adjustable cuffs</p>\n\n                                <p>- Double welted front pockets</p>\n\n                                <p>- Adjustable elastic string at hempen</p>\n\n                                <p>- Ultrasonically welded seams</p>\n\n                                <p>This is a unisex item, please check our clothing &amp; footwear sizing guide for specific Rains jacket sizing information. RAINS comes from the rainy nation of Denmark at the edge of the European continent, close to the ocean and with prevailing westerly winds; all factors that contribute to an average of 121 rain days each year. Arising from these rainy weather conditions comes the attitude that a quick rain shower may be beautiful, as well as moody- but first and foremost requires the right outfit. Rains focus on the whole experience of going outside on rainy days, issuing an invitation to explore even in the most mercurial weather.</p>','published','[\"products\\/product-32.jpg\",\"products\\/product-83.jpg\",\"products\\/product-62.jpg\",\"products\\/product-14.jpg\",\"products\\/product-3.jpg\",\"products\\/product-52.jpg\",\"products\\/product-87.jpg\",\"products\\/product-76.jpg\"]',NULL,'NC-164-A0',0,13,0,1,'in_stock',1,6,0,0,435,NULL,NULL,NULL,17,12,20,683,NULL,15449,'2025-01-21 09:39:21','2025-01-21 09:39:26',0,'Botble\\ACL\\Models\\User',NULL,'physical',NULL,NULL,0,0,0,0,2),(32,'Baxter Care Hair Kit For Bearded Mens','<p>Short Hooded Coat features a straight body, large pockets with button flaps, ventilation air holes, and a string detail along the hemline.</p>','<p>Short Hooded Coat features a straight body, large pockets with button flaps, ventilation air holes, and a string detail along the hemline. The style is completed with a drawstring hood, featuring Rains’ signature built-in cap. Made from waterproof, matte PU, this lightweight unisex rain jacket is an ode to nostalgia through its classic silhouette and utilitarian design details.</p>\n                                <p>- Casual unisex fit</p>\n\n                                <p>- 64% polyester, 36% polyurethane</p>\n\n                                <p>- Water column pressure: 4000 mm</p>\n\n                                <p>- Model is 187cm tall and wearing a size S / M</p>\n\n                                <p>- Unisex fit</p>\n\n                                <p>- Drawstring hood with built-in cap</p>\n\n                                <p>- Front placket with snap buttons</p>\n\n                                <p>- Ventilation under armpit</p>\n\n                                <p>- Adjustable cuffs</p>\n\n                                <p>- Double welted front pockets</p>\n\n                                <p>- Adjustable elastic string at hempen</p>\n\n                                <p>- Ultrasonically welded seams</p>\n\n                                <p>This is a unisex item, please check our clothing &amp; footwear sizing guide for specific Rains jacket sizing information. RAINS comes from the rainy nation of Denmark at the edge of the European continent, close to the ocean and with prevailing westerly winds; all factors that contribute to an average of 121 rain days each year. Arising from these rainy weather conditions comes the attitude that a quick rain shower may be beautiful, as well as moody- but first and foremost requires the right outfit. Rains focus on the whole experience of going outside on rainy days, issuing an invitation to explore even in the most mercurial weather.</p>','published','[\"products\\/product-75.jpg\",\"products\\/product-14.jpg\",\"products\\/product-85.jpg\",\"products\\/product-13.jpg\",\"products\\/product-5.jpg\",\"products\\/product-71.jpg\",\"products\\/product-25.jpg\",\"products\\/product-72.jpg\",\"products\\/product-55.jpg\",\"products\\/product-76.jpg\"]',NULL,'NC-107-A0',0,17,0,1,'in_stock',0,1,0,0,424,339.2,NULL,NULL,20,16,14,663,NULL,82887,'2025-01-21 09:39:21','2025-01-21 09:39:26',0,'Botble\\ACL\\Models\\User',NULL,'physical',NULL,NULL,0,0,0,0,1),(33,'Ciate Palemore Lipstick Bold Red Color','<p>Short Hooded Coat features a straight body, large pockets with button flaps, ventilation air holes, and a string detail along the hemline.</p>','<p>Short Hooded Coat features a straight body, large pockets with button flaps, ventilation air holes, and a string detail along the hemline. The style is completed with a drawstring hood, featuring Rains’ signature built-in cap. Made from waterproof, matte PU, this lightweight unisex rain jacket is an ode to nostalgia through its classic silhouette and utilitarian design details.</p>\n                                <p>- Casual unisex fit</p>\n\n                                <p>- 64% polyester, 36% polyurethane</p>\n\n                                <p>- Water column pressure: 4000 mm</p>\n\n                                <p>- Model is 187cm tall and wearing a size S / M</p>\n\n                                <p>- Unisex fit</p>\n\n                                <p>- Drawstring hood with built-in cap</p>\n\n                                <p>- Front placket with snap buttons</p>\n\n                                <p>- Ventilation under armpit</p>\n\n                                <p>- Adjustable cuffs</p>\n\n                                <p>- Double welted front pockets</p>\n\n                                <p>- Adjustable elastic string at hempen</p>\n\n                                <p>- Ultrasonically welded seams</p>\n\n                                <p>This is a unisex item, please check our clothing &amp; footwear sizing guide for specific Rains jacket sizing information. RAINS comes from the rainy nation of Denmark at the edge of the European continent, close to the ocean and with prevailing westerly winds; all factors that contribute to an average of 121 rain days each year. Arising from these rainy weather conditions comes the attitude that a quick rain shower may be beautiful, as well as moody- but first and foremost requires the right outfit. Rains focus on the whole experience of going outside on rainy days, issuing an invitation to explore even in the most mercurial weather.</p>','published','[\"products\\/product-27.jpg\",\"products\\/product-48.jpg\",\"products\\/product-95.jpg\",\"products\\/product-86.jpg\",\"products\\/product-13.jpg\",\"products\\/product-63.jpg\",\"products\\/product-79.jpg\",\"products\\/product-24.jpg\",\"products\\/product-67.jpg\"]',NULL,'NC-181-A0',0,11,0,1,'in_stock',1,5,0,0,468,NULL,NULL,NULL,14,14,17,700,NULL,183045,'2025-01-21 09:39:22','2025-01-21 09:39:26',0,'Botble\\ACL\\Models\\User',NULL,'digital',NULL,NULL,0,0,0,0,2),(34,'Vimto Squash Remix Apple 1.5 Litres','<p>Short Hooded Coat features a straight body, large pockets with button flaps, ventilation air holes, and a string detail along the hemline.</p>','<p>Short Hooded Coat features a straight body, large pockets with button flaps, ventilation air holes, and a string detail along the hemline. The style is completed with a drawstring hood, featuring Rains’ signature built-in cap. Made from waterproof, matte PU, this lightweight unisex rain jacket is an ode to nostalgia through its classic silhouette and utilitarian design details.</p>\n                                <p>- Casual unisex fit</p>\n\n                                <p>- 64% polyester, 36% polyurethane</p>\n\n                                <p>- Water column pressure: 4000 mm</p>\n\n                                <p>- Model is 187cm tall and wearing a size S / M</p>\n\n                                <p>- Unisex fit</p>\n\n                                <p>- Drawstring hood with built-in cap</p>\n\n                                <p>- Front placket with snap buttons</p>\n\n                                <p>- Ventilation under armpit</p>\n\n                                <p>- Adjustable cuffs</p>\n\n                                <p>- Double welted front pockets</p>\n\n                                <p>- Adjustable elastic string at hempen</p>\n\n                                <p>- Ultrasonically welded seams</p>\n\n                                <p>This is a unisex item, please check our clothing &amp; footwear sizing guide for specific Rains jacket sizing information. RAINS comes from the rainy nation of Denmark at the edge of the European continent, close to the ocean and with prevailing westerly winds; all factors that contribute to an average of 121 rain days each year. Arising from these rainy weather conditions comes the attitude that a quick rain shower may be beautiful, as well as moody- but first and foremost requires the right outfit. Rains focus on the whole experience of going outside on rainy days, issuing an invitation to explore even in the most mercurial weather.</p>','published','[\"products\\/product-23.jpg\",\"products\\/product-42.jpg\",\"products\\/product-49.jpg\",\"products\\/product-2.jpg\",\"products\\/product-48.jpg\",\"products\\/product-91.jpg\",\"products\\/product-13.jpg\",\"products\\/product-26.jpg\"]',NULL,'NC-186-A0',0,14,0,1,'in_stock',1,5,0,0,300,NULL,NULL,NULL,12,10,14,784,NULL,113569,'2025-01-21 09:39:22','2025-01-21 09:39:26',0,'Botble\\ACL\\Models\\User',NULL,'physical',NULL,NULL,0,0,0,0,2),(35,'Crock Pot Slow Cooker','<p>Short Hooded Coat features a straight body, large pockets with button flaps, ventilation air holes, and a string detail along the hemline.</p>','<p>Short Hooded Coat features a straight body, large pockets with button flaps, ventilation air holes, and a string detail along the hemline. The style is completed with a drawstring hood, featuring Rains’ signature built-in cap. Made from waterproof, matte PU, this lightweight unisex rain jacket is an ode to nostalgia through its classic silhouette and utilitarian design details.</p>\n                                <p>- Casual unisex fit</p>\n\n                                <p>- 64% polyester, 36% polyurethane</p>\n\n                                <p>- Water column pressure: 4000 mm</p>\n\n                                <p>- Model is 187cm tall and wearing a size S / M</p>\n\n                                <p>- Unisex fit</p>\n\n                                <p>- Drawstring hood with built-in cap</p>\n\n                                <p>- Front placket with snap buttons</p>\n\n                                <p>- Ventilation under armpit</p>\n\n                                <p>- Adjustable cuffs</p>\n\n                                <p>- Double welted front pockets</p>\n\n                                <p>- Adjustable elastic string at hempen</p>\n\n                                <p>- Ultrasonically welded seams</p>\n\n                                <p>This is a unisex item, please check our clothing &amp; footwear sizing guide for specific Rains jacket sizing information. RAINS comes from the rainy nation of Denmark at the edge of the European continent, close to the ocean and with prevailing westerly winds; all factors that contribute to an average of 121 rain days each year. Arising from these rainy weather conditions comes the attitude that a quick rain shower may be beautiful, as well as moody- but first and foremost requires the right outfit. Rains focus on the whole experience of going outside on rainy days, issuing an invitation to explore even in the most mercurial weather.</p>','published','[\"products\\/product-81.jpg\",\"products\\/product-47.jpg\",\"products\\/product-26.jpg\",\"products\\/product-13.jpg\",\"products\\/product-16.jpg\",\"products\\/product-4.jpg\",\"products\\/product-92.jpg\",\"products\\/product-23.jpg\",\"products\\/product-41.jpg\"]',NULL,'NC-197-A0',0,12,0,1,'in_stock',0,7,0,0,259,NULL,NULL,NULL,15,14,12,818,NULL,11356,'2025-01-21 09:39:22','2025-01-21 09:39:26',0,'Botble\\ACL\\Models\\User',NULL,'physical',NULL,NULL,0,0,0,0,1),(36,'Taylors of Harrogate Yorkshire Coffee','<p>Short Hooded Coat features a straight body, large pockets with button flaps, ventilation air holes, and a string detail along the hemline.</p>','<p>Short Hooded Coat features a straight body, large pockets with button flaps, ventilation air holes, and a string detail along the hemline. The style is completed with a drawstring hood, featuring Rains’ signature built-in cap. Made from waterproof, matte PU, this lightweight unisex rain jacket is an ode to nostalgia through its classic silhouette and utilitarian design details.</p>\n                                <p>- Casual unisex fit</p>\n\n                                <p>- 64% polyester, 36% polyurethane</p>\n\n                                <p>- Water column pressure: 4000 mm</p>\n\n                                <p>- Model is 187cm tall and wearing a size S / M</p>\n\n                                <p>- Unisex fit</p>\n\n                                <p>- Drawstring hood with built-in cap</p>\n\n                                <p>- Front placket with snap buttons</p>\n\n                                <p>- Ventilation under armpit</p>\n\n                                <p>- Adjustable cuffs</p>\n\n                                <p>- Double welted front pockets</p>\n\n                                <p>- Adjustable elastic string at hempen</p>\n\n                                <p>- Ultrasonically welded seams</p>\n\n                                <p>This is a unisex item, please check our clothing &amp; footwear sizing guide for specific Rains jacket sizing information. RAINS comes from the rainy nation of Denmark at the edge of the European continent, close to the ocean and with prevailing westerly winds; all factors that contribute to an average of 121 rain days each year. Arising from these rainy weather conditions comes the attitude that a quick rain shower may be beautiful, as well as moody- but first and foremost requires the right outfit. Rains focus on the whole experience of going outside on rainy days, issuing an invitation to explore even in the most mercurial weather.</p>','published','[\"products\\/product-10.jpg\",\"products\\/product-31.jpg\",\"products\\/product-50.jpg\",\"products\\/product-11.jpg\",\"products\\/product-45.jpg\",\"products\\/product-61.jpg\",\"products\\/product-39.jpg\",\"products\\/product-60.jpg\"]',NULL,'NC-152-A0',0,17,0,1,'in_stock',0,7,0,0,387,301.86,NULL,NULL,13,20,16,526,NULL,19175,'2025-01-21 09:39:22','2025-01-21 09:39:26',0,'Botble\\ACL\\Models\\User',NULL,'physical',NULL,NULL,0,0,0,0,1),(37,'Soft Mochi &amp; Galeto Ice Cream','<p>Short Hooded Coat features a straight body, large pockets with button flaps, ventilation air holes, and a string detail along the hemline.</p>','<p>Short Hooded Coat features a straight body, large pockets with button flaps, ventilation air holes, and a string detail along the hemline. The style is completed with a drawstring hood, featuring Rains’ signature built-in cap. Made from waterproof, matte PU, this lightweight unisex rain jacket is an ode to nostalgia through its classic silhouette and utilitarian design details.</p>\n                                <p>- Casual unisex fit</p>\n\n                                <p>- 64% polyester, 36% polyurethane</p>\n\n                                <p>- Water column pressure: 4000 mm</p>\n\n                                <p>- Model is 187cm tall and wearing a size S / M</p>\n\n                                <p>- Unisex fit</p>\n\n                                <p>- Drawstring hood with built-in cap</p>\n\n                                <p>- Front placket with snap buttons</p>\n\n                                <p>- Ventilation under armpit</p>\n\n                                <p>- Adjustable cuffs</p>\n\n                                <p>- Double welted front pockets</p>\n\n                                <p>- Adjustable elastic string at hempen</p>\n\n                                <p>- Ultrasonically welded seams</p>\n\n                                <p>This is a unisex item, please check our clothing &amp; footwear sizing guide for specific Rains jacket sizing information. RAINS comes from the rainy nation of Denmark at the edge of the European continent, close to the ocean and with prevailing westerly winds; all factors that contribute to an average of 121 rain days each year. Arising from these rainy weather conditions comes the attitude that a quick rain shower may be beautiful, as well as moody- but first and foremost requires the right outfit. Rains focus on the whole experience of going outside on rainy days, issuing an invitation to explore even in the most mercurial weather.</p>','published','[\"products\\/product-13.jpg\",\"products\\/product-54.jpg\",\"products\\/product-92.jpg\",\"products\\/product-6.jpg\",\"products\\/product-15.jpg\",\"products\\/product-24.jpg\",\"products\\/product-77.jpg\",\"products\\/product-39.jpg\",\"products\\/product-46.jpg\"]',NULL,'NC-113-A0',0,14,0,1,'in_stock',0,2,0,0,279,NULL,NULL,NULL,16,17,11,691,NULL,96143,'2025-01-21 09:39:22','2025-01-21 09:39:26',0,'Botble\\ACL\\Models\\User',NULL,'digital',NULL,NULL,0,0,0,0,1),(38,'Naked Noodle Egg Noodles Singapore','<p>Short Hooded Coat features a straight body, large pockets with button flaps, ventilation air holes, and a string detail along the hemline.</p>','<p>Short Hooded Coat features a straight body, large pockets with button flaps, ventilation air holes, and a string detail along the hemline. The style is completed with a drawstring hood, featuring Rains’ signature built-in cap. Made from waterproof, matte PU, this lightweight unisex rain jacket is an ode to nostalgia through its classic silhouette and utilitarian design details.</p>\n                                <p>- Casual unisex fit</p>\n\n                                <p>- 64% polyester, 36% polyurethane</p>\n\n                                <p>- Water column pressure: 4000 mm</p>\n\n                                <p>- Model is 187cm tall and wearing a size S / M</p>\n\n                                <p>- Unisex fit</p>\n\n                                <p>- Drawstring hood with built-in cap</p>\n\n                                <p>- Front placket with snap buttons</p>\n\n                                <p>- Ventilation under armpit</p>\n\n                                <p>- Adjustable cuffs</p>\n\n                                <p>- Double welted front pockets</p>\n\n                                <p>- Adjustable elastic string at hempen</p>\n\n                                <p>- Ultrasonically welded seams</p>\n\n                                <p>This is a unisex item, please check our clothing &amp; footwear sizing guide for specific Rains jacket sizing information. RAINS comes from the rainy nation of Denmark at the edge of the European continent, close to the ocean and with prevailing westerly winds; all factors that contribute to an average of 121 rain days each year. Arising from these rainy weather conditions comes the attitude that a quick rain shower may be beautiful, as well as moody- but first and foremost requires the right outfit. Rains focus on the whole experience of going outside on rainy days, issuing an invitation to explore even in the most mercurial weather.</p>','published','[\"products\\/product-92.jpg\",\"products\\/product-24.jpg\",\"products\\/product-18.jpg\",\"products\\/product-25.jpg\",\"products\\/product-4.jpg\",\"products\\/product-80.jpg\",\"products\\/product-19.jpg\",\"products\\/product-78.jpg\",\"products\\/product-64.jpg\"]',NULL,'NC-185-A0',0,19,0,1,'in_stock',1,3,0,0,208,NULL,NULL,NULL,13,13,15,591,NULL,171467,'2025-01-21 09:39:22','2025-01-21 09:39:26',0,'Botble\\ACL\\Models\\User',NULL,'physical',NULL,NULL,0,0,0,0,1),(39,'Saute Pan Silver','<p>Short Hooded Coat features a straight body, large pockets with button flaps, ventilation air holes, and a string detail along the hemline.</p>','<p>Short Hooded Coat features a straight body, large pockets with button flaps, ventilation air holes, and a string detail along the hemline. The style is completed with a drawstring hood, featuring Rains’ signature built-in cap. Made from waterproof, matte PU, this lightweight unisex rain jacket is an ode to nostalgia through its classic silhouette and utilitarian design details.</p>\n                                <p>- Casual unisex fit</p>\n\n                                <p>- 64% polyester, 36% polyurethane</p>\n\n                                <p>- Water column pressure: 4000 mm</p>\n\n                                <p>- Model is 187cm tall and wearing a size S / M</p>\n\n                                <p>- Unisex fit</p>\n\n                                <p>- Drawstring hood with built-in cap</p>\n\n                                <p>- Front placket with snap buttons</p>\n\n                                <p>- Ventilation under armpit</p>\n\n                                <p>- Adjustable cuffs</p>\n\n                                <p>- Double welted front pockets</p>\n\n                                <p>- Adjustable elastic string at hempen</p>\n\n                                <p>- Ultrasonically welded seams</p>\n\n                                <p>This is a unisex item, please check our clothing &amp; footwear sizing guide for specific Rains jacket sizing information. RAINS comes from the rainy nation of Denmark at the edge of the European continent, close to the ocean and with prevailing westerly winds; all factors that contribute to an average of 121 rain days each year. Arising from these rainy weather conditions comes the attitude that a quick rain shower may be beautiful, as well as moody- but first and foremost requires the right outfit. Rains focus on the whole experience of going outside on rainy days, issuing an invitation to explore even in the most mercurial weather.</p>','published','[\"products\\/product-9.jpg\",\"products\\/product-54.jpg\",\"products\\/product-2.jpg\",\"products\\/product-60.jpg\",\"products\\/product-15.jpg\",\"products\\/product-30.jpg\",\"products\\/product-24.jpg\",\"products\\/product-91.jpg\",\"products\\/product-26.jpg\",\"products\\/product-64.jpg\",\"products\\/product-23.jpg\"]',NULL,'NC-155-A0',0,15,0,1,'in_stock',0,4,0,0,331,NULL,NULL,NULL,11,13,14,677,NULL,165138,'2025-01-21 09:39:22','2025-01-21 09:39:26',0,'Botble\\ACL\\Models\\User',NULL,'physical',NULL,NULL,0,0,0,0,1),(40,'Bar S – Classic Bun Length Franks','<p>Short Hooded Coat features a straight body, large pockets with button flaps, ventilation air holes, and a string detail along the hemline.</p>','<p>Short Hooded Coat features a straight body, large pockets with button flaps, ventilation air holes, and a string detail along the hemline. The style is completed with a drawstring hood, featuring Rains’ signature built-in cap. Made from waterproof, matte PU, this lightweight unisex rain jacket is an ode to nostalgia through its classic silhouette and utilitarian design details.</p>\n                                <p>- Casual unisex fit</p>\n\n                                <p>- 64% polyester, 36% polyurethane</p>\n\n                                <p>- Water column pressure: 4000 mm</p>\n\n                                <p>- Model is 187cm tall and wearing a size S / M</p>\n\n                                <p>- Unisex fit</p>\n\n                                <p>- Drawstring hood with built-in cap</p>\n\n                                <p>- Front placket with snap buttons</p>\n\n                                <p>- Ventilation under armpit</p>\n\n                                <p>- Adjustable cuffs</p>\n\n                                <p>- Double welted front pockets</p>\n\n                                <p>- Adjustable elastic string at hempen</p>\n\n                                <p>- Ultrasonically welded seams</p>\n\n                                <p>This is a unisex item, please check our clothing &amp; footwear sizing guide for specific Rains jacket sizing information. RAINS comes from the rainy nation of Denmark at the edge of the European continent, close to the ocean and with prevailing westerly winds; all factors that contribute to an average of 121 rain days each year. Arising from these rainy weather conditions comes the attitude that a quick rain shower may be beautiful, as well as moody- but first and foremost requires the right outfit. Rains focus on the whole experience of going outside on rainy days, issuing an invitation to explore even in the most mercurial weather.</p>','published','[\"products\\/product-16.jpg\",\"products\\/product-68.jpg\",\"products\\/product-82.jpg\",\"products\\/product-28.jpg\",\"products\\/product-81.jpg\",\"products\\/product-77.jpg\",\"products\\/product-85.jpg\",\"products\\/product-30.jpg\",\"products\\/product-7.jpg\"]',NULL,'NC-156-A0',0,12,0,1,'in_stock',1,6,0,0,346,304.48,NULL,NULL,15,12,19,804,NULL,95394,'2025-01-21 09:39:22','2025-01-21 09:39:26',0,'Botble\\ACL\\Models\\User',NULL,'physical',NULL,NULL,0,0,0,0,1),(41,'Broccoli Crowns','<p>Short Hooded Coat features a straight body, large pockets with button flaps, ventilation air holes, and a string detail along the hemline.</p>','<p>Short Hooded Coat features a straight body, large pockets with button flaps, ventilation air holes, and a string detail along the hemline. The style is completed with a drawstring hood, featuring Rains’ signature built-in cap. Made from waterproof, matte PU, this lightweight unisex rain jacket is an ode to nostalgia through its classic silhouette and utilitarian design details.</p>\n                                <p>- Casual unisex fit</p>\n\n                                <p>- 64% polyester, 36% polyurethane</p>\n\n                                <p>- Water column pressure: 4000 mm</p>\n\n                                <p>- Model is 187cm tall and wearing a size S / M</p>\n\n                                <p>- Unisex fit</p>\n\n                                <p>- Drawstring hood with built-in cap</p>\n\n                                <p>- Front placket with snap buttons</p>\n\n                                <p>- Ventilation under armpit</p>\n\n                                <p>- Adjustable cuffs</p>\n\n                                <p>- Double welted front pockets</p>\n\n                                <p>- Adjustable elastic string at hempen</p>\n\n                                <p>- Ultrasonically welded seams</p>\n\n                                <p>This is a unisex item, please check our clothing &amp; footwear sizing guide for specific Rains jacket sizing information. RAINS comes from the rainy nation of Denmark at the edge of the European continent, close to the ocean and with prevailing westerly winds; all factors that contribute to an average of 121 rain days each year. Arising from these rainy weather conditions comes the attitude that a quick rain shower may be beautiful, as well as moody- but first and foremost requires the right outfit. Rains focus on the whole experience of going outside on rainy days, issuing an invitation to explore even in the most mercurial weather.</p>','published','[\"products\\/product-55.jpg\",\"products\\/product-10.jpg\",\"products\\/product-60.jpg\",\"products\\/product-36.jpg\",\"products\\/product-88.jpg\"]',NULL,'NC-161-A0',0,15,0,1,'in_stock',1,7,0,0,232,NULL,NULL,NULL,15,15,13,781,NULL,161798,'2025-01-21 09:39:22','2025-01-21 09:39:26',0,'Botble\\ACL\\Models\\User',NULL,'digital',NULL,NULL,0,0,0,0,1),(42,'Slimming World Vegan Mac Greens','<p>Short Hooded Coat features a straight body, large pockets with button flaps, ventilation air holes, and a string detail along the hemline.</p>','<p>Short Hooded Coat features a straight body, large pockets with button flaps, ventilation air holes, and a string detail along the hemline. The style is completed with a drawstring hood, featuring Rains’ signature built-in cap. Made from waterproof, matte PU, this lightweight unisex rain jacket is an ode to nostalgia through its classic silhouette and utilitarian design details.</p>\n                                <p>- Casual unisex fit</p>\n\n                                <p>- 64% polyester, 36% polyurethane</p>\n\n                                <p>- Water column pressure: 4000 mm</p>\n\n                                <p>- Model is 187cm tall and wearing a size S / M</p>\n\n                                <p>- Unisex fit</p>\n\n                                <p>- Drawstring hood with built-in cap</p>\n\n                                <p>- Front placket with snap buttons</p>\n\n                                <p>- Ventilation under armpit</p>\n\n                                <p>- Adjustable cuffs</p>\n\n                                <p>- Double welted front pockets</p>\n\n                                <p>- Adjustable elastic string at hempen</p>\n\n                                <p>- Ultrasonically welded seams</p>\n\n                                <p>This is a unisex item, please check our clothing &amp; footwear sizing guide for specific Rains jacket sizing information. RAINS comes from the rainy nation of Denmark at the edge of the European continent, close to the ocean and with prevailing westerly winds; all factors that contribute to an average of 121 rain days each year. Arising from these rainy weather conditions comes the attitude that a quick rain shower may be beautiful, as well as moody- but first and foremost requires the right outfit. Rains focus on the whole experience of going outside on rainy days, issuing an invitation to explore even in the most mercurial weather.</p>','published','[\"products\\/product-25.jpg\",\"products\\/product-12.jpg\",\"products\\/product-31.jpg\",\"products\\/product-24.jpg\",\"products\\/product-7.jpg\"]',NULL,'NC-195-A0',0,19,0,1,'in_stock',1,6,0,0,414,NULL,NULL,NULL,18,13,13,598,NULL,40114,'2025-01-21 09:39:22','2025-01-21 09:39:26',0,'Botble\\ACL\\Models\\User',NULL,'physical',NULL,NULL,0,0,0,0,1),(43,'Häagen-Dazs Salted Caramel','<p>Short Hooded Coat features a straight body, large pockets with button flaps, ventilation air holes, and a string detail along the hemline.</p>','<p>Short Hooded Coat features a straight body, large pockets with button flaps, ventilation air holes, and a string detail along the hemline. The style is completed with a drawstring hood, featuring Rains’ signature built-in cap. Made from waterproof, matte PU, this lightweight unisex rain jacket is an ode to nostalgia through its classic silhouette and utilitarian design details.</p>\n                                <p>- Casual unisex fit</p>\n\n                                <p>- 64% polyester, 36% polyurethane</p>\n\n                                <p>- Water column pressure: 4000 mm</p>\n\n                                <p>- Model is 187cm tall and wearing a size S / M</p>\n\n                                <p>- Unisex fit</p>\n\n                                <p>- Drawstring hood with built-in cap</p>\n\n                                <p>- Front placket with snap buttons</p>\n\n                                <p>- Ventilation under armpit</p>\n\n                                <p>- Adjustable cuffs</p>\n\n                                <p>- Double welted front pockets</p>\n\n                                <p>- Adjustable elastic string at hempen</p>\n\n                                <p>- Ultrasonically welded seams</p>\n\n                                <p>This is a unisex item, please check our clothing &amp; footwear sizing guide for specific Rains jacket sizing information. RAINS comes from the rainy nation of Denmark at the edge of the European continent, close to the ocean and with prevailing westerly winds; all factors that contribute to an average of 121 rain days each year. Arising from these rainy weather conditions comes the attitude that a quick rain shower may be beautiful, as well as moody- but first and foremost requires the right outfit. Rains focus on the whole experience of going outside on rainy days, issuing an invitation to explore even in the most mercurial weather.</p>','published','[\"products\\/product-2.jpg\",\"products\\/product-30.jpg\",\"products\\/product-69.jpg\",\"products\\/product-23.jpg\",\"products\\/product-5.jpg\"]',NULL,'NC-116-A0',0,19,0,1,'in_stock',0,5,0,0,391,NULL,NULL,NULL,14,10,10,761,NULL,104667,'2025-01-21 09:39:22','2025-01-21 09:39:26',0,'Botble\\ACL\\Models\\User',NULL,'physical',NULL,NULL,0,0,0,0,2),(44,'Iceland 3 Solo Exotic Burst','<p>Short Hooded Coat features a straight body, large pockets with button flaps, ventilation air holes, and a string detail along the hemline.</p>','<p>Short Hooded Coat features a straight body, large pockets with button flaps, ventilation air holes, and a string detail along the hemline. The style is completed with a drawstring hood, featuring Rains’ signature built-in cap. Made from waterproof, matte PU, this lightweight unisex rain jacket is an ode to nostalgia through its classic silhouette and utilitarian design details.</p>\n                                <p>- Casual unisex fit</p>\n\n                                <p>- 64% polyester, 36% polyurethane</p>\n\n                                <p>- Water column pressure: 4000 mm</p>\n\n                                <p>- Model is 187cm tall and wearing a size S / M</p>\n\n                                <p>- Unisex fit</p>\n\n                                <p>- Drawstring hood with built-in cap</p>\n\n                                <p>- Front placket with snap buttons</p>\n\n                                <p>- Ventilation under armpit</p>\n\n                                <p>- Adjustable cuffs</p>\n\n                                <p>- Double welted front pockets</p>\n\n                                <p>- Adjustable elastic string at hempen</p>\n\n                                <p>- Ultrasonically welded seams</p>\n\n                                <p>This is a unisex item, please check our clothing &amp; footwear sizing guide for specific Rains jacket sizing information. RAINS comes from the rainy nation of Denmark at the edge of the European continent, close to the ocean and with prevailing westerly winds; all factors that contribute to an average of 121 rain days each year. Arising from these rainy weather conditions comes the attitude that a quick rain shower may be beautiful, as well as moody- but first and foremost requires the right outfit. Rains focus on the whole experience of going outside on rainy days, issuing an invitation to explore even in the most mercurial weather.</p>','published','[\"products\\/product-85.jpg\",\"products\\/product-66.jpg\",\"products\\/product-22.jpg\",\"products\\/product-15.jpg\",\"products\\/product-55.jpg\"]',NULL,'NC-112-A0',0,20,0,1,'in_stock',1,6,0,0,300,243,NULL,NULL,10,17,16,797,NULL,102511,'2025-01-21 09:39:22','2025-01-21 09:39:26',0,'Botble\\ACL\\Models\\User',NULL,'physical',NULL,NULL,0,0,0,0,1),(45,'Extreme Budweiser Light Can','<p>Short Hooded Coat features a straight body, large pockets with button flaps, ventilation air holes, and a string detail along the hemline.</p>','<p>Short Hooded Coat features a straight body, large pockets with button flaps, ventilation air holes, and a string detail along the hemline. The style is completed with a drawstring hood, featuring Rains’ signature built-in cap. Made from waterproof, matte PU, this lightweight unisex rain jacket is an ode to nostalgia through its classic silhouette and utilitarian design details.</p>\n                                <p>- Casual unisex fit</p>\n\n                                <p>- 64% polyester, 36% polyurethane</p>\n\n                                <p>- Water column pressure: 4000 mm</p>\n\n                                <p>- Model is 187cm tall and wearing a size S / M</p>\n\n                                <p>- Unisex fit</p>\n\n                                <p>- Drawstring hood with built-in cap</p>\n\n                                <p>- Front placket with snap buttons</p>\n\n                                <p>- Ventilation under armpit</p>\n\n                                <p>- Adjustable cuffs</p>\n\n                                <p>- Double welted front pockets</p>\n\n                                <p>- Adjustable elastic string at hempen</p>\n\n                                <p>- Ultrasonically welded seams</p>\n\n                                <p>This is a unisex item, please check our clothing &amp; footwear sizing guide for specific Rains jacket sizing information. RAINS comes from the rainy nation of Denmark at the edge of the European continent, close to the ocean and with prevailing westerly winds; all factors that contribute to an average of 121 rain days each year. Arising from these rainy weather conditions comes the attitude that a quick rain shower may be beautiful, as well as moody- but first and foremost requires the right outfit. Rains focus on the whole experience of going outside on rainy days, issuing an invitation to explore even in the most mercurial weather.</p>','published','[\"products\\/product-63.jpg\",\"products\\/product-67.jpg\",\"products\\/product-85.jpg\",\"products\\/product-64.jpg\",\"products\\/product-15.jpg\",\"products\\/product-50.jpg\",\"products\\/product-9.jpg\",\"products\\/product-61.jpg\",\"products\\/product-82.jpg\"]',NULL,'NC-129-A0',0,10,0,1,'in_stock',1,1,0,0,416,NULL,NULL,NULL,11,10,11,888,NULL,80261,'2025-01-21 09:39:22','2025-01-21 09:39:26',0,'Botble\\ACL\\Models\\User',NULL,'digital',NULL,NULL,0,0,0,0,2),(46,'Iceland Macaroni Cheese Traybake','<p>Short Hooded Coat features a straight body, large pockets with button flaps, ventilation air holes, and a string detail along the hemline.</p>','<p>Short Hooded Coat features a straight body, large pockets with button flaps, ventilation air holes, and a string detail along the hemline. The style is completed with a drawstring hood, featuring Rains’ signature built-in cap. Made from waterproof, matte PU, this lightweight unisex rain jacket is an ode to nostalgia through its classic silhouette and utilitarian design details.</p>\n                                <p>- Casual unisex fit</p>\n\n                                <p>- 64% polyester, 36% polyurethane</p>\n\n                                <p>- Water column pressure: 4000 mm</p>\n\n                                <p>- Model is 187cm tall and wearing a size S / M</p>\n\n                                <p>- Unisex fit</p>\n\n                                <p>- Drawstring hood with built-in cap</p>\n\n                                <p>- Front placket with snap buttons</p>\n\n                                <p>- Ventilation under armpit</p>\n\n                                <p>- Adjustable cuffs</p>\n\n                                <p>- Double welted front pockets</p>\n\n                                <p>- Adjustable elastic string at hempen</p>\n\n                                <p>- Ultrasonically welded seams</p>\n\n                                <p>This is a unisex item, please check our clothing &amp; footwear sizing guide for specific Rains jacket sizing information. RAINS comes from the rainy nation of Denmark at the edge of the European continent, close to the ocean and with prevailing westerly winds; all factors that contribute to an average of 121 rain days each year. Arising from these rainy weather conditions comes the attitude that a quick rain shower may be beautiful, as well as moody- but first and foremost requires the right outfit. Rains focus on the whole experience of going outside on rainy days, issuing an invitation to explore even in the most mercurial weather.</p>','published','[\"products\\/product-36.jpg\",\"products\\/product-37.jpg\",\"products\\/product-1.jpg\",\"products\\/product-94.jpg\",\"products\\/product-6.jpg\",\"products\\/product-81.jpg\",\"products\\/product-2.jpg\",\"products\\/product-72.jpg\",\"products\\/product-13.jpg\"]',NULL,'NC-109-A0',0,11,0,1,'in_stock',0,2,0,0,235,NULL,NULL,NULL,15,20,14,665,NULL,12106,'2025-01-21 09:39:22','2025-01-21 09:39:26',0,'Botble\\ACL\\Models\\User',NULL,'physical',NULL,NULL,0,0,0,0,1),(47,'Dolmio Bolognese Pasta Sauce','<p>Short Hooded Coat features a straight body, large pockets with button flaps, ventilation air holes, and a string detail along the hemline.</p>','<p>Short Hooded Coat features a straight body, large pockets with button flaps, ventilation air holes, and a string detail along the hemline. The style is completed with a drawstring hood, featuring Rains’ signature built-in cap. Made from waterproof, matte PU, this lightweight unisex rain jacket is an ode to nostalgia through its classic silhouette and utilitarian design details.</p>\n                                <p>- Casual unisex fit</p>\n\n                                <p>- 64% polyester, 36% polyurethane</p>\n\n                                <p>- Water column pressure: 4000 mm</p>\n\n                                <p>- Model is 187cm tall and wearing a size S / M</p>\n\n                                <p>- Unisex fit</p>\n\n                                <p>- Drawstring hood with built-in cap</p>\n\n                                <p>- Front placket with snap buttons</p>\n\n                                <p>- Ventilation under armpit</p>\n\n                                <p>- Adjustable cuffs</p>\n\n                                <p>- Double welted front pockets</p>\n\n                                <p>- Adjustable elastic string at hempen</p>\n\n                                <p>- Ultrasonically welded seams</p>\n\n                                <p>This is a unisex item, please check our clothing &amp; footwear sizing guide for specific Rains jacket sizing information. RAINS comes from the rainy nation of Denmark at the edge of the European continent, close to the ocean and with prevailing westerly winds; all factors that contribute to an average of 121 rain days each year. Arising from these rainy weather conditions comes the attitude that a quick rain shower may be beautiful, as well as moody- but first and foremost requires the right outfit. Rains focus on the whole experience of going outside on rainy days, issuing an invitation to explore even in the most mercurial weather.</p>','published','[\"products\\/product-33.jpg\",\"products\\/product-19.jpg\",\"products\\/product-89.jpg\",\"products\\/product-31.jpg\",\"products\\/product-61.jpg\",\"products\\/product-44.jpg\",\"products\\/product-21.jpg\"]',NULL,'NC-159-A0',0,16,0,1,'in_stock',1,7,0,0,488,NULL,NULL,NULL,15,13,12,899,NULL,35859,'2025-01-21 09:39:22','2025-01-21 09:39:26',0,'Botble\\ACL\\Models\\User',NULL,'physical',NULL,NULL,0,0,0,0,2),(48,'Sitema BakeIT Plastic Box','<p>Short Hooded Coat features a straight body, large pockets with button flaps, ventilation air holes, and a string detail along the hemline.</p>','<p>Short Hooded Coat features a straight body, large pockets with button flaps, ventilation air holes, and a string detail along the hemline. The style is completed with a drawstring hood, featuring Rains’ signature built-in cap. Made from waterproof, matte PU, this lightweight unisex rain jacket is an ode to nostalgia through its classic silhouette and utilitarian design details.</p>\n                                <p>- Casual unisex fit</p>\n\n                                <p>- 64% polyester, 36% polyurethane</p>\n\n                                <p>- Water column pressure: 4000 mm</p>\n\n                                <p>- Model is 187cm tall and wearing a size S / M</p>\n\n                                <p>- Unisex fit</p>\n\n                                <p>- Drawstring hood with built-in cap</p>\n\n                                <p>- Front placket with snap buttons</p>\n\n                                <p>- Ventilation under armpit</p>\n\n                                <p>- Adjustable cuffs</p>\n\n                                <p>- Double welted front pockets</p>\n\n                                <p>- Adjustable elastic string at hempen</p>\n\n                                <p>- Ultrasonically welded seams</p>\n\n                                <p>This is a unisex item, please check our clothing &amp; footwear sizing guide for specific Rains jacket sizing information. RAINS comes from the rainy nation of Denmark at the edge of the European continent, close to the ocean and with prevailing westerly winds; all factors that contribute to an average of 121 rain days each year. Arising from these rainy weather conditions comes the attitude that a quick rain shower may be beautiful, as well as moody- but first and foremost requires the right outfit. Rains focus on the whole experience of going outside on rainy days, issuing an invitation to explore even in the most mercurial weather.</p>','published','[\"products\\/product-37.jpg\",\"products\\/product-39.jpg\",\"products\\/product-66.jpg\",\"products\\/product-41.jpg\",\"products\\/product-86.jpg\"]',NULL,'NC-105-A0',0,15,0,1,'in_stock',1,1,0,0,325,282.75,NULL,NULL,13,19,16,616,NULL,36325,'2025-01-21 09:39:22','2025-01-21 09:39:26',0,'Botble\\ACL\\Models\\User',NULL,'physical',NULL,NULL,0,0,0,0,2),(49,'Wayfair Basics Dinner Plate Storage','<p>Short Hooded Coat features a straight body, large pockets with button flaps, ventilation air holes, and a string detail along the hemline.</p>','<p>Short Hooded Coat features a straight body, large pockets with button flaps, ventilation air holes, and a string detail along the hemline. The style is completed with a drawstring hood, featuring Rains’ signature built-in cap. Made from waterproof, matte PU, this lightweight unisex rain jacket is an ode to nostalgia through its classic silhouette and utilitarian design details.</p>\n                                <p>- Casual unisex fit</p>\n\n                                <p>- 64% polyester, 36% polyurethane</p>\n\n                                <p>- Water column pressure: 4000 mm</p>\n\n                                <p>- Model is 187cm tall and wearing a size S / M</p>\n\n                                <p>- Unisex fit</p>\n\n                                <p>- Drawstring hood with built-in cap</p>\n\n                                <p>- Front placket with snap buttons</p>\n\n                                <p>- Ventilation under armpit</p>\n\n                                <p>- Adjustable cuffs</p>\n\n                                <p>- Double welted front pockets</p>\n\n                                <p>- Adjustable elastic string at hempen</p>\n\n                                <p>- Ultrasonically welded seams</p>\n\n                                <p>This is a unisex item, please check our clothing &amp; footwear sizing guide for specific Rains jacket sizing information. RAINS comes from the rainy nation of Denmark at the edge of the European continent, close to the ocean and with prevailing westerly winds; all factors that contribute to an average of 121 rain days each year. Arising from these rainy weather conditions comes the attitude that a quick rain shower may be beautiful, as well as moody- but first and foremost requires the right outfit. Rains focus on the whole experience of going outside on rainy days, issuing an invitation to explore even in the most mercurial weather.</p>','published','[\"products\\/product-19.jpg\",\"products\\/product-76.jpg\",\"products\\/product-70.jpg\",\"products\\/product-92.jpg\",\"products\\/product-6.jpg\",\"products\\/product-49.jpg\"]',NULL,'NC-135-A0',0,19,0,1,'in_stock',1,1,0,0,306,NULL,NULL,NULL,18,16,14,852,NULL,77683,'2025-01-21 09:39:22','2025-01-21 09:39:26',0,'Botble\\ACL\\Models\\User',NULL,'digital',NULL,NULL,0,0,0,0,1),(50,'Miko The Panda Water Bottle','<p>Short Hooded Coat features a straight body, large pockets with button flaps, ventilation air holes, and a string detail along the hemline.</p>','<p>Short Hooded Coat features a straight body, large pockets with button flaps, ventilation air holes, and a string detail along the hemline. The style is completed with a drawstring hood, featuring Rains’ signature built-in cap. Made from waterproof, matte PU, this lightweight unisex rain jacket is an ode to nostalgia through its classic silhouette and utilitarian design details.</p>\n                                <p>- Casual unisex fit</p>\n\n                                <p>- 64% polyester, 36% polyurethane</p>\n\n                                <p>- Water column pressure: 4000 mm</p>\n\n                                <p>- Model is 187cm tall and wearing a size S / M</p>\n\n                                <p>- Unisex fit</p>\n\n                                <p>- Drawstring hood with built-in cap</p>\n\n                                <p>- Front placket with snap buttons</p>\n\n                                <p>- Ventilation under armpit</p>\n\n                                <p>- Adjustable cuffs</p>\n\n                                <p>- Double welted front pockets</p>\n\n                                <p>- Adjustable elastic string at hempen</p>\n\n                                <p>- Ultrasonically welded seams</p>\n\n                                <p>This is a unisex item, please check our clothing &amp; footwear sizing guide for specific Rains jacket sizing information. RAINS comes from the rainy nation of Denmark at the edge of the European continent, close to the ocean and with prevailing westerly winds; all factors that contribute to an average of 121 rain days each year. Arising from these rainy weather conditions comes the attitude that a quick rain shower may be beautiful, as well as moody- but first and foremost requires the right outfit. Rains focus on the whole experience of going outside on rainy days, issuing an invitation to explore even in the most mercurial weather.</p>','published','[\"products\\/product-31.jpg\",\"products\\/product-73.jpg\",\"products\\/product-24.jpg\",\"products\\/product-34.jpg\",\"products\\/product-84.jpg\",\"products\\/product-59.jpg\",\"products\\/product-90.jpg\",\"products\\/product-77.jpg\",\"products\\/product-51.jpg\"]',NULL,'NC-153-A0',0,14,0,1,'in_stock',0,1,0,0,433,NULL,NULL,NULL,20,16,11,777,NULL,149030,'2025-01-21 09:39:22','2025-01-21 09:39:26',0,'Botble\\ACL\\Models\\User',NULL,'physical',NULL,NULL,0,0,0,0,1),(51,'Sesame Seed Bread','<p>Short Hooded Coat features a straight body, large pockets with button flaps, ventilation air holes, and a string detail along the hemline.</p>','<p>Short Hooded Coat features a straight body, large pockets with button flaps, ventilation air holes, and a string detail along the hemline. The style is completed with a drawstring hood, featuring Rains’ signature built-in cap. Made from waterproof, matte PU, this lightweight unisex rain jacket is an ode to nostalgia through its classic silhouette and utilitarian design details.</p>\n                                <p>- Casual unisex fit</p>\n\n                                <p>- 64% polyester, 36% polyurethane</p>\n\n                                <p>- Water column pressure: 4000 mm</p>\n\n                                <p>- Model is 187cm tall and wearing a size S / M</p>\n\n                                <p>- Unisex fit</p>\n\n                                <p>- Drawstring hood with built-in cap</p>\n\n                                <p>- Front placket with snap buttons</p>\n\n                                <p>- Ventilation under armpit</p>\n\n                                <p>- Adjustable cuffs</p>\n\n                                <p>- Double welted front pockets</p>\n\n                                <p>- Adjustable elastic string at hempen</p>\n\n                                <p>- Ultrasonically welded seams</p>\n\n                                <p>This is a unisex item, please check our clothing &amp; footwear sizing guide for specific Rains jacket sizing information. RAINS comes from the rainy nation of Denmark at the edge of the European continent, close to the ocean and with prevailing westerly winds; all factors that contribute to an average of 121 rain days each year. Arising from these rainy weather conditions comes the attitude that a quick rain shower may be beautiful, as well as moody- but first and foremost requires the right outfit. Rains focus on the whole experience of going outside on rainy days, issuing an invitation to explore even in the most mercurial weather.</p>','published','[\"products\\/product-54.jpg\",\"products\\/product-5.jpg\",\"products\\/product-1.jpg\",\"products\\/product-89.jpg\",\"products\\/product-57.jpg\",\"products\\/product-17.jpg\",\"products\\/product-48.jpg\"]',NULL,'NC-172-A0',0,17,0,1,'in_stock',1,3,0,0,417,NULL,NULL,NULL,16,16,15,577,NULL,62766,'2025-01-21 09:39:22','2025-01-21 09:39:26',0,'Botble\\ACL\\Models\\User',NULL,'physical',NULL,NULL,0,0,0,0,1),(52,'Morrisons The Best Beef','<p>Short Hooded Coat features a straight body, large pockets with button flaps, ventilation air holes, and a string detail along the hemline.</p>','<p>Short Hooded Coat features a straight body, large pockets with button flaps, ventilation air holes, and a string detail along the hemline. The style is completed with a drawstring hood, featuring Rains’ signature built-in cap. Made from waterproof, matte PU, this lightweight unisex rain jacket is an ode to nostalgia through its classic silhouette and utilitarian design details.</p>\n                                <p>- Casual unisex fit</p>\n\n                                <p>- 64% polyester, 36% polyurethane</p>\n\n                                <p>- Water column pressure: 4000 mm</p>\n\n                                <p>- Model is 187cm tall and wearing a size S / M</p>\n\n                                <p>- Unisex fit</p>\n\n                                <p>- Drawstring hood with built-in cap</p>\n\n                                <p>- Front placket with snap buttons</p>\n\n                                <p>- Ventilation under armpit</p>\n\n                                <p>- Adjustable cuffs</p>\n\n                                <p>- Double welted front pockets</p>\n\n                                <p>- Adjustable elastic string at hempen</p>\n\n                                <p>- Ultrasonically welded seams</p>\n\n                                <p>This is a unisex item, please check our clothing &amp; footwear sizing guide for specific Rains jacket sizing information. RAINS comes from the rainy nation of Denmark at the edge of the European continent, close to the ocean and with prevailing westerly winds; all factors that contribute to an average of 121 rain days each year. Arising from these rainy weather conditions comes the attitude that a quick rain shower may be beautiful, as well as moody- but first and foremost requires the right outfit. Rains focus on the whole experience of going outside on rainy days, issuing an invitation to explore even in the most mercurial weather.</p>','published','[\"products\\/product-57.jpg\",\"products\\/product-69.jpg\",\"products\\/product-14.jpg\",\"products\\/product-19.jpg\",\"products\\/product-52.jpg\"]',NULL,'NC-126-A0',0,17,0,1,'in_stock',1,6,0,0,262,191.26,NULL,NULL,18,12,12,676,NULL,162883,'2025-01-21 09:39:22','2025-01-21 09:39:26',0,'Botble\\ACL\\Models\\User',NULL,'physical',NULL,NULL,0,0,0,0,1),(53,'Avocado, Hass Large','<p>Short Hooded Coat features a straight body, large pockets with button flaps, ventilation air holes, and a string detail along the hemline.</p>','<p>Short Hooded Coat features a straight body, large pockets with button flaps, ventilation air holes, and a string detail along the hemline. The style is completed with a drawstring hood, featuring Rains’ signature built-in cap. Made from waterproof, matte PU, this lightweight unisex rain jacket is an ode to nostalgia through its classic silhouette and utilitarian design details.</p>\n                                <p>- Casual unisex fit</p>\n\n                                <p>- 64% polyester, 36% polyurethane</p>\n\n                                <p>- Water column pressure: 4000 mm</p>\n\n                                <p>- Model is 187cm tall and wearing a size S / M</p>\n\n                                <p>- Unisex fit</p>\n\n                                <p>- Drawstring hood with built-in cap</p>\n\n                                <p>- Front placket with snap buttons</p>\n\n                                <p>- Ventilation under armpit</p>\n\n                                <p>- Adjustable cuffs</p>\n\n                                <p>- Double welted front pockets</p>\n\n                                <p>- Adjustable elastic string at hempen</p>\n\n                                <p>- Ultrasonically welded seams</p>\n\n                                <p>This is a unisex item, please check our clothing &amp; footwear sizing guide for specific Rains jacket sizing information. RAINS comes from the rainy nation of Denmark at the edge of the European continent, close to the ocean and with prevailing westerly winds; all factors that contribute to an average of 121 rain days each year. Arising from these rainy weather conditions comes the attitude that a quick rain shower may be beautiful, as well as moody- but first and foremost requires the right outfit. Rains focus on the whole experience of going outside on rainy days, issuing an invitation to explore even in the most mercurial weather.</p>','published','[\"products\\/product-32.jpg\",\"products\\/product-2.jpg\",\"products\\/product-31.jpg\",\"products\\/product-58.jpg\",\"products\\/product-75.jpg\",\"products\\/product-49.jpg\",\"products\\/product-70.jpg\",\"products\\/product-4.jpg\",\"products\\/product-14.jpg\",\"products\\/product-68.jpg\",\"products\\/product-9.jpg\"]',NULL,'NC-108-A0',0,18,0,1,'in_stock',1,3,0,0,232,NULL,NULL,NULL,13,10,18,619,NULL,125477,'2025-01-21 09:39:22','2025-01-21 09:39:26',0,'Botble\\ACL\\Models\\User',NULL,'digital',NULL,NULL,0,0,0,0,2),(54,'Italia Beef Lasagne','<p>Short Hooded Coat features a straight body, large pockets with button flaps, ventilation air holes, and a string detail along the hemline.</p>','<p>Short Hooded Coat features a straight body, large pockets with button flaps, ventilation air holes, and a string detail along the hemline. The style is completed with a drawstring hood, featuring Rains’ signature built-in cap. Made from waterproof, matte PU, this lightweight unisex rain jacket is an ode to nostalgia through its classic silhouette and utilitarian design details.</p>\n                                <p>- Casual unisex fit</p>\n\n                                <p>- 64% polyester, 36% polyurethane</p>\n\n                                <p>- Water column pressure: 4000 mm</p>\n\n                                <p>- Model is 187cm tall and wearing a size S / M</p>\n\n                                <p>- Unisex fit</p>\n\n                                <p>- Drawstring hood with built-in cap</p>\n\n                                <p>- Front placket with snap buttons</p>\n\n                                <p>- Ventilation under armpit</p>\n\n                                <p>- Adjustable cuffs</p>\n\n                                <p>- Double welted front pockets</p>\n\n                                <p>- Adjustable elastic string at hempen</p>\n\n                                <p>- Ultrasonically welded seams</p>\n\n                                <p>This is a unisex item, please check our clothing &amp; footwear sizing guide for specific Rains jacket sizing information. RAINS comes from the rainy nation of Denmark at the edge of the European continent, close to the ocean and with prevailing westerly winds; all factors that contribute to an average of 121 rain days each year. Arising from these rainy weather conditions comes the attitude that a quick rain shower may be beautiful, as well as moody- but first and foremost requires the right outfit. Rains focus on the whole experience of going outside on rainy days, issuing an invitation to explore even in the most mercurial weather.</p>','published','[\"products\\/product-25.jpg\",\"products\\/product-68.jpg\",\"products\\/product-79.jpg\",\"products\\/product-37.jpg\",\"products\\/product-70.jpg\"]',NULL,'NC-103-A0',0,15,0,1,'in_stock',0,7,0,0,333,NULL,NULL,NULL,19,15,13,784,NULL,104813,'2025-01-21 09:39:22','2025-01-21 09:39:26',0,'Botble\\ACL\\Models\\User',NULL,'physical',NULL,NULL,0,0,0,0,2),(55,'Maxwell House Classic Roast Mocha','<p>Short Hooded Coat features a straight body, large pockets with button flaps, ventilation air holes, and a string detail along the hemline.</p>','<p>Short Hooded Coat features a straight body, large pockets with button flaps, ventilation air holes, and a string detail along the hemline. The style is completed with a drawstring hood, featuring Rains’ signature built-in cap. Made from waterproof, matte PU, this lightweight unisex rain jacket is an ode to nostalgia through its classic silhouette and utilitarian design details.</p>\n                                <p>- Casual unisex fit</p>\n\n                                <p>- 64% polyester, 36% polyurethane</p>\n\n                                <p>- Water column pressure: 4000 mm</p>\n\n                                <p>- Model is 187cm tall and wearing a size S / M</p>\n\n                                <p>- Unisex fit</p>\n\n                                <p>- Drawstring hood with built-in cap</p>\n\n                                <p>- Front placket with snap buttons</p>\n\n                                <p>- Ventilation under armpit</p>\n\n                                <p>- Adjustable cuffs</p>\n\n                                <p>- Double welted front pockets</p>\n\n                                <p>- Adjustable elastic string at hempen</p>\n\n                                <p>- Ultrasonically welded seams</p>\n\n                                <p>This is a unisex item, please check our clothing &amp; footwear sizing guide for specific Rains jacket sizing information. RAINS comes from the rainy nation of Denmark at the edge of the European continent, close to the ocean and with prevailing westerly winds; all factors that contribute to an average of 121 rain days each year. Arising from these rainy weather conditions comes the attitude that a quick rain shower may be beautiful, as well as moody- but first and foremost requires the right outfit. Rains focus on the whole experience of going outside on rainy days, issuing an invitation to explore even in the most mercurial weather.</p>','published','[\"products\\/product-95.jpg\",\"products\\/product-5.jpg\",\"products\\/product-93.jpg\",\"products\\/product-42.jpg\",\"products\\/product-22.jpg\",\"products\\/product-89.jpg\",\"products\\/product-8.jpg\"]',NULL,'NC-130-A0',0,13,0,1,'in_stock',1,4,0,0,478,NULL,NULL,NULL,19,17,18,533,NULL,22088,'2025-01-21 09:39:22','2025-01-21 09:39:26',0,'Botble\\ACL\\Models\\User',NULL,'physical',NULL,NULL,0,0,0,0,1),(56,'Bottled Pure Water 500ml','<p>Short Hooded Coat features a straight body, large pockets with button flaps, ventilation air holes, and a string detail along the hemline.</p>','<p>Short Hooded Coat features a straight body, large pockets with button flaps, ventilation air holes, and a string detail along the hemline. The style is completed with a drawstring hood, featuring Rains’ signature built-in cap. Made from waterproof, matte PU, this lightweight unisex rain jacket is an ode to nostalgia through its classic silhouette and utilitarian design details.</p>\n                                <p>- Casual unisex fit</p>\n\n                                <p>- 64% polyester, 36% polyurethane</p>\n\n                                <p>- Water column pressure: 4000 mm</p>\n\n                                <p>- Model is 187cm tall and wearing a size S / M</p>\n\n                                <p>- Unisex fit</p>\n\n                                <p>- Drawstring hood with built-in cap</p>\n\n                                <p>- Front placket with snap buttons</p>\n\n                                <p>- Ventilation under armpit</p>\n\n                                <p>- Adjustable cuffs</p>\n\n                                <p>- Double welted front pockets</p>\n\n                                <p>- Adjustable elastic string at hempen</p>\n\n                                <p>- Ultrasonically welded seams</p>\n\n                                <p>This is a unisex item, please check our clothing &amp; footwear sizing guide for specific Rains jacket sizing information. RAINS comes from the rainy nation of Denmark at the edge of the European continent, close to the ocean and with prevailing westerly winds; all factors that contribute to an average of 121 rain days each year. Arising from these rainy weather conditions comes the attitude that a quick rain shower may be beautiful, as well as moody- but first and foremost requires the right outfit. Rains focus on the whole experience of going outside on rainy days, issuing an invitation to explore even in the most mercurial weather.</p>','published','[\"products\\/product-52.jpg\",\"products\\/product-1.jpg\",\"products\\/product-16.jpg\",\"products\\/product-5.jpg\",\"products\\/product-68.jpg\",\"products\\/product-87.jpg\",\"products\\/product-8.jpg\",\"products\\/product-41.jpg\",\"products\\/product-95.jpg\",\"products\\/product-9.jpg\",\"products\\/product-7.jpg\",\"products\\/product-85.jpg\"]',NULL,'NC-186-A0',0,13,0,1,'in_stock',0,3,0,0,421,349.43,NULL,NULL,12,16,10,601,NULL,114035,'2025-01-21 09:39:22','2025-01-21 09:39:26',0,'Botble\\ACL\\Models\\User',NULL,'physical',NULL,NULL,0,0,0,0,2),(57,'Famart Farmhouse Soft White','<p>Short Hooded Coat features a straight body, large pockets with button flaps, ventilation air holes, and a string detail along the hemline.</p>','<p>Short Hooded Coat features a straight body, large pockets with button flaps, ventilation air holes, and a string detail along the hemline. The style is completed with a drawstring hood, featuring Rains’ signature built-in cap. Made from waterproof, matte PU, this lightweight unisex rain jacket is an ode to nostalgia through its classic silhouette and utilitarian design details.</p>\n                                <p>- Casual unisex fit</p>\n\n                                <p>- 64% polyester, 36% polyurethane</p>\n\n                                <p>- Water column pressure: 4000 mm</p>\n\n                                <p>- Model is 187cm tall and wearing a size S / M</p>\n\n                                <p>- Unisex fit</p>\n\n                                <p>- Drawstring hood with built-in cap</p>\n\n                                <p>- Front placket with snap buttons</p>\n\n                                <p>- Ventilation under armpit</p>\n\n                                <p>- Adjustable cuffs</p>\n\n                                <p>- Double welted front pockets</p>\n\n                                <p>- Adjustable elastic string at hempen</p>\n\n                                <p>- Ultrasonically welded seams</p>\n\n                                <p>This is a unisex item, please check our clothing &amp; footwear sizing guide for specific Rains jacket sizing information. RAINS comes from the rainy nation of Denmark at the edge of the European continent, close to the ocean and with prevailing westerly winds; all factors that contribute to an average of 121 rain days each year. Arising from these rainy weather conditions comes the attitude that a quick rain shower may be beautiful, as well as moody- but first and foremost requires the right outfit. Rains focus on the whole experience of going outside on rainy days, issuing an invitation to explore even in the most mercurial weather.</p>','published','[\"products\\/product-7.jpg\",\"products\\/product-74.jpg\",\"products\\/product-86.jpg\",\"products\\/product-29.jpg\",\"products\\/product-23.jpg\",\"products\\/product-80.jpg\",\"products\\/product-66.jpg\",\"products\\/product-79.jpg\",\"products\\/product-84.jpg\",\"products\\/product-26.jpg\",\"products\\/product-48.jpg\",\"products\\/product-4.jpg\"]',NULL,'NC-140-A0',0,12,0,1,'in_stock',1,2,0,0,434,NULL,NULL,NULL,20,13,14,697,NULL,199184,'2025-01-21 09:39:22','2025-01-21 09:39:26',0,'Botble\\ACL\\Models\\User',NULL,'digital',NULL,NULL,0,0,0,0,1),(58,'Coca-Cola Original Taste','<p>Short Hooded Coat features a straight body, large pockets with button flaps, ventilation air holes, and a string detail along the hemline.</p>','<p>Short Hooded Coat features a straight body, large pockets with button flaps, ventilation air holes, and a string detail along the hemline. The style is completed with a drawstring hood, featuring Rains’ signature built-in cap. Made from waterproof, matte PU, this lightweight unisex rain jacket is an ode to nostalgia through its classic silhouette and utilitarian design details.</p>\n                                <p>- Casual unisex fit</p>\n\n                                <p>- 64% polyester, 36% polyurethane</p>\n\n                                <p>- Water column pressure: 4000 mm</p>\n\n                                <p>- Model is 187cm tall and wearing a size S / M</p>\n\n                                <p>- Unisex fit</p>\n\n                                <p>- Drawstring hood with built-in cap</p>\n\n                                <p>- Front placket with snap buttons</p>\n\n                                <p>- Ventilation under armpit</p>\n\n                                <p>- Adjustable cuffs</p>\n\n                                <p>- Double welted front pockets</p>\n\n                                <p>- Adjustable elastic string at hempen</p>\n\n                                <p>- Ultrasonically welded seams</p>\n\n                                <p>This is a unisex item, please check our clothing &amp; footwear sizing guide for specific Rains jacket sizing information. RAINS comes from the rainy nation of Denmark at the edge of the European continent, close to the ocean and with prevailing westerly winds; all factors that contribute to an average of 121 rain days each year. Arising from these rainy weather conditions comes the attitude that a quick rain shower may be beautiful, as well as moody- but first and foremost requires the right outfit. Rains focus on the whole experience of going outside on rainy days, issuing an invitation to explore even in the most mercurial weather.</p>','published','[\"products\\/product-40.jpg\",\"products\\/product-50.jpg\",\"products\\/product-46.jpg\",\"products\\/product-73.jpg\",\"products\\/product-13.jpg\",\"products\\/product-36.jpg\",\"products\\/product-71.jpg\",\"products\\/product-92.jpg\"]',NULL,'NC-142-A0',0,19,0,1,'in_stock',1,7,0,0,302,NULL,NULL,NULL,14,16,19,576,NULL,83692,'2025-01-21 09:39:22','2025-01-21 09:39:26',0,'Botble\\ACL\\Models\\User',NULL,'physical',NULL,NULL,0,0,0,0,1),(59,'Casillero Diablo Cabernet Sauvignon','<p>Short Hooded Coat features a straight body, large pockets with button flaps, ventilation air holes, and a string detail along the hemline.</p>','<p>Short Hooded Coat features a straight body, large pockets with button flaps, ventilation air holes, and a string detail along the hemline. The style is completed with a drawstring hood, featuring Rains’ signature built-in cap. Made from waterproof, matte PU, this lightweight unisex rain jacket is an ode to nostalgia through its classic silhouette and utilitarian design details.</p>\n                                <p>- Casual unisex fit</p>\n\n                                <p>- 64% polyester, 36% polyurethane</p>\n\n                                <p>- Water column pressure: 4000 mm</p>\n\n                                <p>- Model is 187cm tall and wearing a size S / M</p>\n\n                                <p>- Unisex fit</p>\n\n                                <p>- Drawstring hood with built-in cap</p>\n\n                                <p>- Front placket with snap buttons</p>\n\n                                <p>- Ventilation under armpit</p>\n\n                                <p>- Adjustable cuffs</p>\n\n                                <p>- Double welted front pockets</p>\n\n                                <p>- Adjustable elastic string at hempen</p>\n\n                                <p>- Ultrasonically welded seams</p>\n\n                                <p>This is a unisex item, please check our clothing &amp; footwear sizing guide for specific Rains jacket sizing information. RAINS comes from the rainy nation of Denmark at the edge of the European continent, close to the ocean and with prevailing westerly winds; all factors that contribute to an average of 121 rain days each year. Arising from these rainy weather conditions comes the attitude that a quick rain shower may be beautiful, as well as moody- but first and foremost requires the right outfit. Rains focus on the whole experience of going outside on rainy days, issuing an invitation to explore even in the most mercurial weather.</p>','published','[\"products\\/product-50.jpg\",\"products\\/product-54.jpg\",\"products\\/product-64.jpg\",\"products\\/product-91.jpg\",\"products\\/product-81.jpg\",\"products\\/product-78.jpg\",\"products\\/product-79.jpg\",\"products\\/product-35.jpg\",\"products\\/product-55.jpg\",\"products\\/product-77.jpg\",\"products\\/product-95.jpg\",\"products\\/product-62.jpg\"]',NULL,'NC-130-A0',0,10,0,1,'in_stock',0,3,0,0,267,NULL,NULL,NULL,20,18,17,619,NULL,144361,'2025-01-21 09:39:22','2025-01-21 09:39:26',0,'Botble\\ACL\\Models\\User',NULL,'physical',NULL,NULL,0,0,0,0,1),(60,'Arla Organic Free Range Milk','<p>Short Hooded Coat features a straight body, large pockets with button flaps, ventilation air holes, and a string detail along the hemline.</p>','<p>Short Hooded Coat features a straight body, large pockets with button flaps, ventilation air holes, and a string detail along the hemline. The style is completed with a drawstring hood, featuring Rains’ signature built-in cap. Made from waterproof, matte PU, this lightweight unisex rain jacket is an ode to nostalgia through its classic silhouette and utilitarian design details.</p>\n                                <p>- Casual unisex fit</p>\n\n                                <p>- 64% polyester, 36% polyurethane</p>\n\n                                <p>- Water column pressure: 4000 mm</p>\n\n                                <p>- Model is 187cm tall and wearing a size S / M</p>\n\n                                <p>- Unisex fit</p>\n\n                                <p>- Drawstring hood with built-in cap</p>\n\n                                <p>- Front placket with snap buttons</p>\n\n                                <p>- Ventilation under armpit</p>\n\n                                <p>- Adjustable cuffs</p>\n\n                                <p>- Double welted front pockets</p>\n\n                                <p>- Adjustable elastic string at hempen</p>\n\n                                <p>- Ultrasonically welded seams</p>\n\n                                <p>This is a unisex item, please check our clothing &amp; footwear sizing guide for specific Rains jacket sizing information. RAINS comes from the rainy nation of Denmark at the edge of the European continent, close to the ocean and with prevailing westerly winds; all factors that contribute to an average of 121 rain days each year. Arising from these rainy weather conditions comes the attitude that a quick rain shower may be beautiful, as well as moody- but first and foremost requires the right outfit. Rains focus on the whole experience of going outside on rainy days, issuing an invitation to explore even in the most mercurial weather.</p>','published','[\"products\\/product-46.jpg\",\"products\\/product-54.jpg\",\"products\\/product-93.jpg\",\"products\\/product-38.jpg\",\"products\\/product-39.jpg\",\"products\\/product-47.jpg\",\"products\\/product-95.jpg\",\"products\\/product-60.jpg\",\"products\\/product-4.jpg\",\"products\\/product-29.jpg\",\"products\\/product-61.jpg\",\"products\\/product-24.jpg\"]',NULL,'NC-156-A0',0,17,0,1,'in_stock',1,1,0,0,252,191.52,NULL,NULL,13,12,14,771,NULL,4693,'2025-01-21 09:39:22','2025-01-21 09:39:26',0,'Botble\\ACL\\Models\\User',NULL,'physical',NULL,NULL,0,0,0,0,2),(61,'Aptamil Follow On Baby Milk','<p>Short Hooded Coat features a straight body, large pockets with button flaps, ventilation air holes, and a string detail along the hemline.</p>','<p>Short Hooded Coat features a straight body, large pockets with button flaps, ventilation air holes, and a string detail along the hemline. The style is completed with a drawstring hood, featuring Rains’ signature built-in cap. Made from waterproof, matte PU, this lightweight unisex rain jacket is an ode to nostalgia through its classic silhouette and utilitarian design details.</p>\n                                <p>- Casual unisex fit</p>\n\n                                <p>- 64% polyester, 36% polyurethane</p>\n\n                                <p>- Water column pressure: 4000 mm</p>\n\n                                <p>- Model is 187cm tall and wearing a size S / M</p>\n\n                                <p>- Unisex fit</p>\n\n                                <p>- Drawstring hood with built-in cap</p>\n\n                                <p>- Front placket with snap buttons</p>\n\n                                <p>- Ventilation under armpit</p>\n\n                                <p>- Adjustable cuffs</p>\n\n                                <p>- Double welted front pockets</p>\n\n                                <p>- Adjustable elastic string at hempen</p>\n\n                                <p>- Ultrasonically welded seams</p>\n\n                                <p>This is a unisex item, please check our clothing &amp; footwear sizing guide for specific Rains jacket sizing information. RAINS comes from the rainy nation of Denmark at the edge of the European continent, close to the ocean and with prevailing westerly winds; all factors that contribute to an average of 121 rain days each year. Arising from these rainy weather conditions comes the attitude that a quick rain shower may be beautiful, as well as moody- but first and foremost requires the right outfit. Rains focus on the whole experience of going outside on rainy days, issuing an invitation to explore even in the most mercurial weather.</p>','published','[\"products\\/product-75.jpg\",\"products\\/product-54.jpg\",\"products\\/product-15.jpg\",\"products\\/product-35.jpg\",\"products\\/product-49.jpg\",\"products\\/product-32.jpg\",\"products\\/product-25.jpg\",\"products\\/product-61.jpg\",\"products\\/product-45.jpg\",\"products\\/product-78.jpg\",\"products\\/product-53.jpg\",\"products\\/product-26.jpg\"]',NULL,'NC-157-A0',0,15,0,1,'in_stock',1,2,0,0,248,NULL,NULL,NULL,19,13,20,505,NULL,86509,'2025-01-21 09:39:22','2025-01-21 09:39:26',0,'Botble\\ACL\\Models\\User',NULL,'digital',NULL,NULL,0,0,0,0,2),(62,'Cuisinart Chef’S Classic Hard-Anodized','<p>Short Hooded Coat features a straight body, large pockets with button flaps, ventilation air holes, and a string detail along the hemline.</p>','<p>Short Hooded Coat features a straight body, large pockets with button flaps, ventilation air holes, and a string detail along the hemline. The style is completed with a drawstring hood, featuring Rains’ signature built-in cap. Made from waterproof, matte PU, this lightweight unisex rain jacket is an ode to nostalgia through its classic silhouette and utilitarian design details.</p>\n                                <p>- Casual unisex fit</p>\n\n                                <p>- 64% polyester, 36% polyurethane</p>\n\n                                <p>- Water column pressure: 4000 mm</p>\n\n                                <p>- Model is 187cm tall and wearing a size S / M</p>\n\n                                <p>- Unisex fit</p>\n\n                                <p>- Drawstring hood with built-in cap</p>\n\n                                <p>- Front placket with snap buttons</p>\n\n                                <p>- Ventilation under armpit</p>\n\n                                <p>- Adjustable cuffs</p>\n\n                                <p>- Double welted front pockets</p>\n\n                                <p>- Adjustable elastic string at hempen</p>\n\n                                <p>- Ultrasonically welded seams</p>\n\n                                <p>This is a unisex item, please check our clothing &amp; footwear sizing guide for specific Rains jacket sizing information. RAINS comes from the rainy nation of Denmark at the edge of the European continent, close to the ocean and with prevailing westerly winds; all factors that contribute to an average of 121 rain days each year. Arising from these rainy weather conditions comes the attitude that a quick rain shower may be beautiful, as well as moody- but first and foremost requires the right outfit. Rains focus on the whole experience of going outside on rainy days, issuing an invitation to explore even in the most mercurial weather.</p>','published','[\"products\\/product-5.jpg\",\"products\\/product-27.jpg\",\"products\\/product-25.jpg\",\"products\\/product-86.jpg\",\"products\\/product-50.jpg\"]',NULL,'NC-184-A0',0,10,0,1,'in_stock',0,6,0,0,276,NULL,NULL,NULL,19,17,18,857,NULL,57537,'2025-01-21 09:39:22','2025-01-21 09:39:26',0,'Botble\\ACL\\Models\\User',NULL,'physical',NULL,NULL,0,0,0,0,1),(63,'Corn, Yellow Sweet','<p>Short Hooded Coat features a straight body, large pockets with button flaps, ventilation air holes, and a string detail along the hemline.</p>','<p>Short Hooded Coat features a straight body, large pockets with button flaps, ventilation air holes, and a string detail along the hemline. The style is completed with a drawstring hood, featuring Rains’ signature built-in cap. Made from waterproof, matte PU, this lightweight unisex rain jacket is an ode to nostalgia through its classic silhouette and utilitarian design details.</p>\n                                <p>- Casual unisex fit</p>\n\n                                <p>- 64% polyester, 36% polyurethane</p>\n\n                                <p>- Water column pressure: 4000 mm</p>\n\n                                <p>- Model is 187cm tall and wearing a size S / M</p>\n\n                                <p>- Unisex fit</p>\n\n                                <p>- Drawstring hood with built-in cap</p>\n\n                                <p>- Front placket with snap buttons</p>\n\n                                <p>- Ventilation under armpit</p>\n\n                                <p>- Adjustable cuffs</p>\n\n                                <p>- Double welted front pockets</p>\n\n                                <p>- Adjustable elastic string at hempen</p>\n\n                                <p>- Ultrasonically welded seams</p>\n\n                                <p>This is a unisex item, please check our clothing &amp; footwear sizing guide for specific Rains jacket sizing information. RAINS comes from the rainy nation of Denmark at the edge of the European continent, close to the ocean and with prevailing westerly winds; all factors that contribute to an average of 121 rain days each year. Arising from these rainy weather conditions comes the attitude that a quick rain shower may be beautiful, as well as moody- but first and foremost requires the right outfit. Rains focus on the whole experience of going outside on rainy days, issuing an invitation to explore even in the most mercurial weather.</p>','published','[\"products\\/product-24.jpg\",\"products\\/product-26.jpg\",\"products\\/product-59.jpg\",\"products\\/product-72.jpg\",\"products\\/product-36.jpg\",\"products\\/product-88.jpg\"]',NULL,'NC-140-A0',0,20,0,1,'in_stock',1,1,0,0,464,NULL,NULL,NULL,17,18,13,846,NULL,24679,'2025-01-21 09:39:22','2025-01-21 09:39:26',0,'Botble\\ACL\\Models\\User',NULL,'physical',NULL,NULL,0,0,0,0,2),(64,'Hobnobs The Nobbly Biscuit','<p>Short Hooded Coat features a straight body, large pockets with button flaps, ventilation air holes, and a string detail along the hemline.</p>','<p>Short Hooded Coat features a straight body, large pockets with button flaps, ventilation air holes, and a string detail along the hemline. The style is completed with a drawstring hood, featuring Rains’ signature built-in cap. Made from waterproof, matte PU, this lightweight unisex rain jacket is an ode to nostalgia through its classic silhouette and utilitarian design details.</p>\n                                <p>- Casual unisex fit</p>\n\n                                <p>- 64% polyester, 36% polyurethane</p>\n\n                                <p>- Water column pressure: 4000 mm</p>\n\n                                <p>- Model is 187cm tall and wearing a size S / M</p>\n\n                                <p>- Unisex fit</p>\n\n                                <p>- Drawstring hood with built-in cap</p>\n\n                                <p>- Front placket with snap buttons</p>\n\n                                <p>- Ventilation under armpit</p>\n\n                                <p>- Adjustable cuffs</p>\n\n                                <p>- Double welted front pockets</p>\n\n                                <p>- Adjustable elastic string at hempen</p>\n\n                                <p>- Ultrasonically welded seams</p>\n\n                                <p>This is a unisex item, please check our clothing &amp; footwear sizing guide for specific Rains jacket sizing information. RAINS comes from the rainy nation of Denmark at the edge of the European continent, close to the ocean and with prevailing westerly winds; all factors that contribute to an average of 121 rain days each year. Arising from these rainy weather conditions comes the attitude that a quick rain shower may be beautiful, as well as moody- but first and foremost requires the right outfit. Rains focus on the whole experience of going outside on rainy days, issuing an invitation to explore even in the most mercurial weather.</p>','published','[\"products\\/product-37.jpg\",\"products\\/product-40.jpg\",\"products\\/product-38.jpg\",\"products\\/product-10.jpg\",\"products\\/product-4.jpg\",\"products\\/product-30.jpg\",\"products\\/product-26.jpg\",\"products\\/product-75.jpg\",\"products\\/product-64.jpg\",\"products\\/product-49.jpg\",\"products\\/product-14.jpg\",\"products\\/product-35.jpg\"]',NULL,'NC-110-A0',0,18,0,1,'in_stock',0,5,0,0,461,345.75,NULL,NULL,13,19,20,501,NULL,195678,'2025-01-21 09:39:22','2025-01-21 09:39:26',0,'Botble\\ACL\\Models\\User',NULL,'physical',NULL,NULL,0,0,0,0,2),(65,'Honest Organic Still Lemonade','<p>Short Hooded Coat features a straight body, large pockets with button flaps, ventilation air holes, and a string detail along the hemline.</p>','<p>Short Hooded Coat features a straight body, large pockets with button flaps, ventilation air holes, and a string detail along the hemline. The style is completed with a drawstring hood, featuring Rains’ signature built-in cap. Made from waterproof, matte PU, this lightweight unisex rain jacket is an ode to nostalgia through its classic silhouette and utilitarian design details.</p>\n                                <p>- Casual unisex fit</p>\n\n                                <p>- 64% polyester, 36% polyurethane</p>\n\n                                <p>- Water column pressure: 4000 mm</p>\n\n                                <p>- Model is 187cm tall and wearing a size S / M</p>\n\n                                <p>- Unisex fit</p>\n\n                                <p>- Drawstring hood with built-in cap</p>\n\n                                <p>- Front placket with snap buttons</p>\n\n                                <p>- Ventilation under armpit</p>\n\n                                <p>- Adjustable cuffs</p>\n\n                                <p>- Double welted front pockets</p>\n\n                                <p>- Adjustable elastic string at hempen</p>\n\n                                <p>- Ultrasonically welded seams</p>\n\n                                <p>This is a unisex item, please check our clothing &amp; footwear sizing guide for specific Rains jacket sizing information. RAINS comes from the rainy nation of Denmark at the edge of the European continent, close to the ocean and with prevailing westerly winds; all factors that contribute to an average of 121 rain days each year. Arising from these rainy weather conditions comes the attitude that a quick rain shower may be beautiful, as well as moody- but first and foremost requires the right outfit. Rains focus on the whole experience of going outside on rainy days, issuing an invitation to explore even in the most mercurial weather.</p>','published','[\"products\\/product-57.jpg\",\"products\\/product-73.jpg\",\"products\\/product-67.jpg\",\"products\\/product-17.jpg\",\"products\\/product-85.jpg\",\"products\\/product-32.jpg\"]',NULL,'NC-147-A0',0,14,0,1,'in_stock',1,7,0,0,246,NULL,NULL,NULL,12,15,10,778,NULL,34964,'2025-01-21 09:39:22','2025-01-21 09:39:26',0,'Botble\\ACL\\Models\\User',NULL,'digital',NULL,NULL,0,0,0,0,1),(66,'Ice Beck’s Beer 350ml x 24 Pieces','<p>Short Hooded Coat features a straight body, large pockets with button flaps, ventilation air holes, and a string detail along the hemline.</p>','<p>Short Hooded Coat features a straight body, large pockets with button flaps, ventilation air holes, and a string detail along the hemline. The style is completed with a drawstring hood, featuring Rains’ signature built-in cap. Made from waterproof, matte PU, this lightweight unisex rain jacket is an ode to nostalgia through its classic silhouette and utilitarian design details.</p>\n                                <p>- Casual unisex fit</p>\n\n                                <p>- 64% polyester, 36% polyurethane</p>\n\n                                <p>- Water column pressure: 4000 mm</p>\n\n                                <p>- Model is 187cm tall and wearing a size S / M</p>\n\n                                <p>- Unisex fit</p>\n\n                                <p>- Drawstring hood with built-in cap</p>\n\n                                <p>- Front placket with snap buttons</p>\n\n                                <p>- Ventilation under armpit</p>\n\n                                <p>- Adjustable cuffs</p>\n\n                                <p>- Double welted front pockets</p>\n\n                                <p>- Adjustable elastic string at hempen</p>\n\n                                <p>- Ultrasonically welded seams</p>\n\n                                <p>This is a unisex item, please check our clothing &amp; footwear sizing guide for specific Rains jacket sizing information. RAINS comes from the rainy nation of Denmark at the edge of the European continent, close to the ocean and with prevailing westerly winds; all factors that contribute to an average of 121 rain days each year. Arising from these rainy weather conditions comes the attitude that a quick rain shower may be beautiful, as well as moody- but first and foremost requires the right outfit. Rains focus on the whole experience of going outside on rainy days, issuing an invitation to explore even in the most mercurial weather.</p>','published','[\"products\\/product-43.jpg\",\"products\\/product-29.jpg\",\"products\\/product-31.jpg\",\"products\\/product-35.jpg\",\"products\\/product-20.jpg\",\"products\\/product-3.jpg\",\"products\\/product-48.jpg\",\"products\\/product-81.jpg\",\"products\\/product-37.jpg\",\"products\\/product-9.jpg\",\"products\\/product-10.jpg\"]',NULL,'NC-171-A0',0,12,0,1,'in_stock',0,1,0,0,270,NULL,NULL,NULL,16,12,14,688,NULL,78335,'2025-01-21 09:39:22','2025-01-21 09:39:26',0,'Botble\\ACL\\Models\\User',NULL,'physical',NULL,NULL,0,0,0,0,1),(67,'Iceland 6 Hot Cross Buns','<p>Short Hooded Coat features a straight body, large pockets with button flaps, ventilation air holes, and a string detail along the hemline.</p>','<p>Short Hooded Coat features a straight body, large pockets with button flaps, ventilation air holes, and a string detail along the hemline. The style is completed with a drawstring hood, featuring Rains’ signature built-in cap. Made from waterproof, matte PU, this lightweight unisex rain jacket is an ode to nostalgia through its classic silhouette and utilitarian design details.</p>\n                                <p>- Casual unisex fit</p>\n\n                                <p>- 64% polyester, 36% polyurethane</p>\n\n                                <p>- Water column pressure: 4000 mm</p>\n\n                                <p>- Model is 187cm tall and wearing a size S / M</p>\n\n                                <p>- Unisex fit</p>\n\n                                <p>- Drawstring hood with built-in cap</p>\n\n                                <p>- Front placket with snap buttons</p>\n\n                                <p>- Ventilation under armpit</p>\n\n                                <p>- Adjustable cuffs</p>\n\n                                <p>- Double welted front pockets</p>\n\n                                <p>- Adjustable elastic string at hempen</p>\n\n                                <p>- Ultrasonically welded seams</p>\n\n                                <p>This is a unisex item, please check our clothing &amp; footwear sizing guide for specific Rains jacket sizing information. RAINS comes from the rainy nation of Denmark at the edge of the European continent, close to the ocean and with prevailing westerly winds; all factors that contribute to an average of 121 rain days each year. Arising from these rainy weather conditions comes the attitude that a quick rain shower may be beautiful, as well as moody- but first and foremost requires the right outfit. Rains focus on the whole experience of going outside on rainy days, issuing an invitation to explore even in the most mercurial weather.</p>','published','[\"products\\/product-52.jpg\",\"products\\/product-5.jpg\",\"products\\/product-47.jpg\",\"products\\/product-34.jpg\",\"products\\/product-49.jpg\",\"products\\/product-19.jpg\",\"products\\/product-32.jpg\",\"products\\/product-61.jpg\"]',NULL,'NC-148-A0',0,13,0,1,'in_stock',0,2,0,0,251,NULL,NULL,NULL,20,17,15,817,NULL,98613,'2025-01-21 09:39:22','2025-01-21 09:39:26',0,'Botble\\ACL\\Models\\User',NULL,'physical',NULL,NULL,0,0,0,0,1),(68,'Iceland Luxury 4 Panini Rolls','<p>Short Hooded Coat features a straight body, large pockets with button flaps, ventilation air holes, and a string detail along the hemline.</p>','<p>Short Hooded Coat features a straight body, large pockets with button flaps, ventilation air holes, and a string detail along the hemline. The style is completed with a drawstring hood, featuring Rains’ signature built-in cap. Made from waterproof, matte PU, this lightweight unisex rain jacket is an ode to nostalgia through its classic silhouette and utilitarian design details.</p>\n                                <p>- Casual unisex fit</p>\n\n                                <p>- 64% polyester, 36% polyurethane</p>\n\n                                <p>- Water column pressure: 4000 mm</p>\n\n                                <p>- Model is 187cm tall and wearing a size S / M</p>\n\n                                <p>- Unisex fit</p>\n\n                                <p>- Drawstring hood with built-in cap</p>\n\n                                <p>- Front placket with snap buttons</p>\n\n                                <p>- Ventilation under armpit</p>\n\n                                <p>- Adjustable cuffs</p>\n\n                                <p>- Double welted front pockets</p>\n\n                                <p>- Adjustable elastic string at hempen</p>\n\n                                <p>- Ultrasonically welded seams</p>\n\n                                <p>This is a unisex item, please check our clothing &amp; footwear sizing guide for specific Rains jacket sizing information. RAINS comes from the rainy nation of Denmark at the edge of the European continent, close to the ocean and with prevailing westerly winds; all factors that contribute to an average of 121 rain days each year. Arising from these rainy weather conditions comes the attitude that a quick rain shower may be beautiful, as well as moody- but first and foremost requires the right outfit. Rains focus on the whole experience of going outside on rainy days, issuing an invitation to explore even in the most mercurial weather.</p>','published','[\"products\\/product-45.jpg\",\"products\\/product-88.jpg\",\"products\\/product-34.jpg\",\"products\\/product-12.jpg\",\"products\\/product-81.jpg\",\"products\\/product-75.jpg\"]',NULL,'NC-187-A0',0,17,0,1,'in_stock',0,1,0,0,206,152.44,NULL,NULL,15,15,11,890,NULL,106915,'2025-01-21 09:39:22','2025-01-21 09:39:26',0,'Botble\\ACL\\Models\\User',NULL,'physical',NULL,NULL,0,0,0,0,1),(69,'Iceland Soft Scoop Vanilla','<p>Short Hooded Coat features a straight body, large pockets with button flaps, ventilation air holes, and a string detail along the hemline.</p>','<p>Short Hooded Coat features a straight body, large pockets with button flaps, ventilation air holes, and a string detail along the hemline. The style is completed with a drawstring hood, featuring Rains’ signature built-in cap. Made from waterproof, matte PU, this lightweight unisex rain jacket is an ode to nostalgia through its classic silhouette and utilitarian design details.</p>\n                                <p>- Casual unisex fit</p>\n\n                                <p>- 64% polyester, 36% polyurethane</p>\n\n                                <p>- Water column pressure: 4000 mm</p>\n\n                                <p>- Model is 187cm tall and wearing a size S / M</p>\n\n                                <p>- Unisex fit</p>\n\n                                <p>- Drawstring hood with built-in cap</p>\n\n                                <p>- Front placket with snap buttons</p>\n\n                                <p>- Ventilation under armpit</p>\n\n                                <p>- Adjustable cuffs</p>\n\n                                <p>- Double welted front pockets</p>\n\n                                <p>- Adjustable elastic string at hempen</p>\n\n                                <p>- Ultrasonically welded seams</p>\n\n                                <p>This is a unisex item, please check our clothing &amp; footwear sizing guide for specific Rains jacket sizing information. RAINS comes from the rainy nation of Denmark at the edge of the European continent, close to the ocean and with prevailing westerly winds; all factors that contribute to an average of 121 rain days each year. Arising from these rainy weather conditions comes the attitude that a quick rain shower may be beautiful, as well as moody- but first and foremost requires the right outfit. Rains focus on the whole experience of going outside on rainy days, issuing an invitation to explore even in the most mercurial weather.</p>','published','[\"products\\/product-75.jpg\",\"products\\/product-72.jpg\",\"products\\/product-94.jpg\",\"products\\/product-57.jpg\",\"products\\/product-79.jpg\",\"products\\/product-21.jpg\"]',NULL,'NC-187-A0',0,16,0,1,'in_stock',0,7,0,0,443,NULL,NULL,NULL,10,15,13,671,NULL,85033,'2025-01-21 09:39:22','2025-01-21 09:39:26',0,'Botble\\ACL\\Models\\User',NULL,'digital',NULL,NULL,0,0,0,0,2),(70,'Iceland Spaghetti Bolognese','<p>Short Hooded Coat features a straight body, large pockets with button flaps, ventilation air holes, and a string detail along the hemline.</p>','<p>Short Hooded Coat features a straight body, large pockets with button flaps, ventilation air holes, and a string detail along the hemline. The style is completed with a drawstring hood, featuring Rains’ signature built-in cap. Made from waterproof, matte PU, this lightweight unisex rain jacket is an ode to nostalgia through its classic silhouette and utilitarian design details.</p>\n                                <p>- Casual unisex fit</p>\n\n                                <p>- 64% polyester, 36% polyurethane</p>\n\n                                <p>- Water column pressure: 4000 mm</p>\n\n                                <p>- Model is 187cm tall and wearing a size S / M</p>\n\n                                <p>- Unisex fit</p>\n\n                                <p>- Drawstring hood with built-in cap</p>\n\n                                <p>- Front placket with snap buttons</p>\n\n                                <p>- Ventilation under armpit</p>\n\n                                <p>- Adjustable cuffs</p>\n\n                                <p>- Double welted front pockets</p>\n\n                                <p>- Adjustable elastic string at hempen</p>\n\n                                <p>- Ultrasonically welded seams</p>\n\n                                <p>This is a unisex item, please check our clothing &amp; footwear sizing guide for specific Rains jacket sizing information. RAINS comes from the rainy nation of Denmark at the edge of the European continent, close to the ocean and with prevailing westerly winds; all factors that contribute to an average of 121 rain days each year. Arising from these rainy weather conditions comes the attitude that a quick rain shower may be beautiful, as well as moody- but first and foremost requires the right outfit. Rains focus on the whole experience of going outside on rainy days, issuing an invitation to explore even in the most mercurial weather.</p>','published','[\"products\\/product-78.jpg\",\"products\\/product-30.jpg\",\"products\\/product-69.jpg\",\"products\\/product-94.jpg\",\"products\\/product-95.jpg\",\"products\\/product-35.jpg\",\"products\\/product-15.jpg\",\"products\\/product-24.jpg\",\"products\\/product-14.jpg\",\"products\\/product-70.jpg\",\"products\\/product-36.jpg\",\"products\\/product-22.jpg\"]',NULL,'NC-138-A0',0,11,0,1,'in_stock',0,7,0,0,495,NULL,NULL,NULL,19,12,18,888,NULL,3084,'2025-01-21 09:39:22','2025-01-21 09:39:26',0,'Botble\\ACL\\Models\\User',NULL,'physical',NULL,NULL,0,0,0,0,2),(71,'Kellogg’s Coco Pops Cereal','<p>Short Hooded Coat features a straight body, large pockets with button flaps, ventilation air holes, and a string detail along the hemline.</p>','<p>Short Hooded Coat features a straight body, large pockets with button flaps, ventilation air holes, and a string detail along the hemline. The style is completed with a drawstring hood, featuring Rains’ signature built-in cap. Made from waterproof, matte PU, this lightweight unisex rain jacket is an ode to nostalgia through its classic silhouette and utilitarian design details.</p>\n                                <p>- Casual unisex fit</p>\n\n                                <p>- 64% polyester, 36% polyurethane</p>\n\n                                <p>- Water column pressure: 4000 mm</p>\n\n                                <p>- Model is 187cm tall and wearing a size S / M</p>\n\n                                <p>- Unisex fit</p>\n\n                                <p>- Drawstring hood with built-in cap</p>\n\n                                <p>- Front placket with snap buttons</p>\n\n                                <p>- Ventilation under armpit</p>\n\n                                <p>- Adjustable cuffs</p>\n\n                                <p>- Double welted front pockets</p>\n\n                                <p>- Adjustable elastic string at hempen</p>\n\n                                <p>- Ultrasonically welded seams</p>\n\n                                <p>This is a unisex item, please check our clothing &amp; footwear sizing guide for specific Rains jacket sizing information. RAINS comes from the rainy nation of Denmark at the edge of the European continent, close to the ocean and with prevailing westerly winds; all factors that contribute to an average of 121 rain days each year. Arising from these rainy weather conditions comes the attitude that a quick rain shower may be beautiful, as well as moody- but first and foremost requires the right outfit. Rains focus on the whole experience of going outside on rainy days, issuing an invitation to explore even in the most mercurial weather.</p>','published','[\"products\\/product-57.jpg\",\"products\\/product-74.jpg\",\"products\\/product-33.jpg\",\"products\\/product-86.jpg\",\"products\\/product-67.jpg\",\"products\\/product-61.jpg\",\"products\\/product-12.jpg\"]',NULL,'NC-169-A0',0,15,0,1,'in_stock',0,7,0,0,346,NULL,NULL,NULL,18,11,15,654,NULL,96670,'2025-01-21 09:39:22','2025-01-21 09:39:26',0,'Botble\\ACL\\Models\\User',NULL,'physical',NULL,NULL,0,0,0,0,1),(72,'Kit Kat Chunky Milk Chocolate','<p>Short Hooded Coat features a straight body, large pockets with button flaps, ventilation air holes, and a string detail along the hemline.</p>','<p>Short Hooded Coat features a straight body, large pockets with button flaps, ventilation air holes, and a string detail along the hemline. The style is completed with a drawstring hood, featuring Rains’ signature built-in cap. Made from waterproof, matte PU, this lightweight unisex rain jacket is an ode to nostalgia through its classic silhouette and utilitarian design details.</p>\n                                <p>- Casual unisex fit</p>\n\n                                <p>- 64% polyester, 36% polyurethane</p>\n\n                                <p>- Water column pressure: 4000 mm</p>\n\n                                <p>- Model is 187cm tall and wearing a size S / M</p>\n\n                                <p>- Unisex fit</p>\n\n                                <p>- Drawstring hood with built-in cap</p>\n\n                                <p>- Front placket with snap buttons</p>\n\n                                <p>- Ventilation under armpit</p>\n\n                                <p>- Adjustable cuffs</p>\n\n                                <p>- Double welted front pockets</p>\n\n                                <p>- Adjustable elastic string at hempen</p>\n\n                                <p>- Ultrasonically welded seams</p>\n\n                                <p>This is a unisex item, please check our clothing &amp; footwear sizing guide for specific Rains jacket sizing information. RAINS comes from the rainy nation of Denmark at the edge of the European continent, close to the ocean and with prevailing westerly winds; all factors that contribute to an average of 121 rain days each year. Arising from these rainy weather conditions comes the attitude that a quick rain shower may be beautiful, as well as moody- but first and foremost requires the right outfit. Rains focus on the whole experience of going outside on rainy days, issuing an invitation to explore even in the most mercurial weather.</p>','published','[\"products\\/product-36.jpg\",\"products\\/product-75.jpg\",\"products\\/product-5.jpg\",\"products\\/product-23.jpg\",\"products\\/product-52.jpg\",\"products\\/product-76.jpg\",\"products\\/product-78.jpg\",\"products\\/product-82.jpg\",\"products\\/product-17.jpg\"]',NULL,'NC-121-A0',0,14,0,1,'in_stock',1,7,0,0,239,195.98,NULL,NULL,15,12,15,538,NULL,14977,'2025-01-21 09:39:22','2025-01-21 09:39:26',0,'Botble\\ACL\\Models\\User',NULL,'physical',NULL,NULL,0,0,0,0,2),(73,'Large Green Bell Pepper','<p>Short Hooded Coat features a straight body, large pockets with button flaps, ventilation air holes, and a string detail along the hemline.</p>','<p>Short Hooded Coat features a straight body, large pockets with button flaps, ventilation air holes, and a string detail along the hemline. The style is completed with a drawstring hood, featuring Rains’ signature built-in cap. Made from waterproof, matte PU, this lightweight unisex rain jacket is an ode to nostalgia through its classic silhouette and utilitarian design details.</p>\n                                <p>- Casual unisex fit</p>\n\n                                <p>- 64% polyester, 36% polyurethane</p>\n\n                                <p>- Water column pressure: 4000 mm</p>\n\n                                <p>- Model is 187cm tall and wearing a size S / M</p>\n\n                                <p>- Unisex fit</p>\n\n                                <p>- Drawstring hood with built-in cap</p>\n\n                                <p>- Front placket with snap buttons</p>\n\n                                <p>- Ventilation under armpit</p>\n\n                                <p>- Adjustable cuffs</p>\n\n                                <p>- Double welted front pockets</p>\n\n                                <p>- Adjustable elastic string at hempen</p>\n\n                                <p>- Ultrasonically welded seams</p>\n\n                                <p>This is a unisex item, please check our clothing &amp; footwear sizing guide for specific Rains jacket sizing information. RAINS comes from the rainy nation of Denmark at the edge of the European continent, close to the ocean and with prevailing westerly winds; all factors that contribute to an average of 121 rain days each year. Arising from these rainy weather conditions comes the attitude that a quick rain shower may be beautiful, as well as moody- but first and foremost requires the right outfit. Rains focus on the whole experience of going outside on rainy days, issuing an invitation to explore even in the most mercurial weather.</p>','published','[\"products\\/product-25.jpg\",\"products\\/product-22.jpg\",\"products\\/product-36.jpg\",\"products\\/product-47.jpg\",\"products\\/product-73.jpg\",\"products\\/product-14.jpg\",\"products\\/product-21.jpg\"]',NULL,'NC-123-A0',0,13,0,1,'in_stock',1,2,0,0,252,NULL,NULL,NULL,14,14,18,870,NULL,165658,'2025-01-21 09:39:22','2025-01-21 09:39:26',0,'Botble\\ACL\\Models\\User',NULL,'digital',NULL,NULL,0,0,0,0,2),(74,'Pice 94w Beasley Journal','<p>Short Hooded Coat features a straight body, large pockets with button flaps, ventilation air holes, and a string detail along the hemline.</p>','<p>Short Hooded Coat features a straight body, large pockets with button flaps, ventilation air holes, and a string detail along the hemline. The style is completed with a drawstring hood, featuring Rains’ signature built-in cap. Made from waterproof, matte PU, this lightweight unisex rain jacket is an ode to nostalgia through its classic silhouette and utilitarian design details.</p>\n                                <p>- Casual unisex fit</p>\n\n                                <p>- 64% polyester, 36% polyurethane</p>\n\n                                <p>- Water column pressure: 4000 mm</p>\n\n                                <p>- Model is 187cm tall and wearing a size S / M</p>\n\n                                <p>- Unisex fit</p>\n\n                                <p>- Drawstring hood with built-in cap</p>\n\n                                <p>- Front placket with snap buttons</p>\n\n                                <p>- Ventilation under armpit</p>\n\n                                <p>- Adjustable cuffs</p>\n\n                                <p>- Double welted front pockets</p>\n\n                                <p>- Adjustable elastic string at hempen</p>\n\n                                <p>- Ultrasonically welded seams</p>\n\n                                <p>This is a unisex item, please check our clothing &amp; footwear sizing guide for specific Rains jacket sizing information. RAINS comes from the rainy nation of Denmark at the edge of the European continent, close to the ocean and with prevailing westerly winds; all factors that contribute to an average of 121 rain days each year. Arising from these rainy weather conditions comes the attitude that a quick rain shower may be beautiful, as well as moody- but first and foremost requires the right outfit. Rains focus on the whole experience of going outside on rainy days, issuing an invitation to explore even in the most mercurial weather.</p>','published','[\"products\\/product-52.jpg\",\"products\\/product-65.jpg\",\"products\\/product-49.jpg\",\"products\\/product-31.jpg\",\"products\\/product-79.jpg\",\"products\\/product-78.jpg\",\"products\\/product-70.jpg\",\"products\\/product-53.jpg\",\"products\\/product-19.jpg\",\"products\\/product-51.jpg\",\"products\\/product-34.jpg\",\"products\\/product-84.jpg\"]',NULL,'NC-102-A0',0,10,0,1,'in_stock',0,3,0,0,480,NULL,NULL,NULL,13,13,12,516,NULL,100280,'2025-01-21 09:39:22','2025-01-21 09:39:26',0,'Botble\\ACL\\Models\\User',NULL,'physical',NULL,NULL,0,0,0,0,1),(75,'Province Piece Glass Drinking Glass','<p>Short Hooded Coat features a straight body, large pockets with button flaps, ventilation air holes, and a string detail along the hemline.</p>','<p>Short Hooded Coat features a straight body, large pockets with button flaps, ventilation air holes, and a string detail along the hemline. The style is completed with a drawstring hood, featuring Rains’ signature built-in cap. Made from waterproof, matte PU, this lightweight unisex rain jacket is an ode to nostalgia through its classic silhouette and utilitarian design details.</p>\n                                <p>- Casual unisex fit</p>\n\n                                <p>- 64% polyester, 36% polyurethane</p>\n\n                                <p>- Water column pressure: 4000 mm</p>\n\n                                <p>- Model is 187cm tall and wearing a size S / M</p>\n\n                                <p>- Unisex fit</p>\n\n                                <p>- Drawstring hood with built-in cap</p>\n\n                                <p>- Front placket with snap buttons</p>\n\n                                <p>- Ventilation under armpit</p>\n\n                                <p>- Adjustable cuffs</p>\n\n                                <p>- Double welted front pockets</p>\n\n                                <p>- Adjustable elastic string at hempen</p>\n\n                                <p>- Ultrasonically welded seams</p>\n\n                                <p>This is a unisex item, please check our clothing &amp; footwear sizing guide for specific Rains jacket sizing information. RAINS comes from the rainy nation of Denmark at the edge of the European continent, close to the ocean and with prevailing westerly winds; all factors that contribute to an average of 121 rain days each year. Arising from these rainy weather conditions comes the attitude that a quick rain shower may be beautiful, as well as moody- but first and foremost requires the right outfit. Rains focus on the whole experience of going outside on rainy days, issuing an invitation to explore even in the most mercurial weather.</p>','published','[\"products\\/product-30.jpg\",\"products\\/product-14.jpg\",\"products\\/product-61.jpg\",\"products\\/product-12.jpg\",\"products\\/product-64.jpg\",\"products\\/product-88.jpg\",\"products\\/product-76.jpg\",\"products\\/product-50.jpg\",\"products\\/product-73.jpg\",\"products\\/product-43.jpg\",\"products\\/product-1.jpg\",\"products\\/product-83.jpg\"]',NULL,'NC-106-A0',0,13,0,1,'in_stock',0,7,0,0,463,NULL,NULL,NULL,19,17,12,638,NULL,76054,'2025-01-21 09:39:22','2025-01-21 09:39:26',0,'Botble\\ACL\\Models\\User',NULL,'physical',NULL,NULL,0,0,0,0,1),(76,'Miko Wooden Bluetooth Speaker',NULL,NULL,'published','[\"products\\/product-38.jpg\"]',NULL,'NC-127-A0',0,14,0,1,'in_stock',0,7,1,0,272,NULL,NULL,NULL,12,19,11,837,NULL,0,'2025-01-21 09:39:22','2025-01-21 09:39:26',0,'Botble\\ACL\\Models\\User',NULL,'digital',NULL,NULL,0,0,0,0,NULL),(77,'Miko Wooden Bluetooth Speaker',NULL,NULL,'published','[\"products\\/product-25.jpg\"]',NULL,'NC-127-A0-A1',0,14,0,1,'in_stock',0,7,1,0,272,NULL,NULL,NULL,12,19,11,837,NULL,0,'2025-01-21 09:39:22','2025-01-21 09:39:26',0,'Botble\\ACL\\Models\\User',NULL,'digital',NULL,NULL,0,0,0,0,NULL),(78,'Gorgeous Wooden Gloves',NULL,NULL,'published','[\"products\\/product-86.jpg\"]',NULL,'NC-120-A0',0,19,0,1,'in_stock',0,6,1,0,325,NULL,NULL,NULL,16,14,20,542,NULL,0,'2025-01-21 09:39:22','2025-01-21 09:39:26',0,'Botble\\ACL\\Models\\User',NULL,'physical',NULL,NULL,0,0,0,0,NULL),(79,'Gorgeous Wooden Gloves',NULL,NULL,'published','[\"products\\/product-46.jpg\"]',NULL,'NC-120-A0-A1',0,19,0,1,'in_stock',0,6,1,0,325,NULL,NULL,NULL,16,14,20,542,NULL,0,'2025-01-21 09:39:22','2025-01-21 09:39:26',0,'Botble\\ACL\\Models\\User',NULL,'physical',NULL,NULL,0,0,0,0,NULL),(80,'Gorgeous Wooden Gloves',NULL,NULL,'published','[\"products\\/product-34.jpg\"]',NULL,'NC-120-A0-A2',0,19,0,1,'in_stock',0,6,1,0,325,NULL,NULL,NULL,16,14,20,542,NULL,0,'2025-01-21 09:39:22','2025-01-21 09:39:26',0,'Botble\\ACL\\Models\\User',NULL,'physical',NULL,NULL,0,0,0,0,NULL),(81,'Pinkol Enormous Granite Bottle',NULL,NULL,'published','[\"products\\/product-33.jpg\"]',NULL,'NC-199-A0',0,12,0,1,'in_stock',0,3,1,0,322,NULL,NULL,NULL,10,17,12,897,NULL,0,'2025-01-21 09:39:22','2025-01-21 09:39:26',0,'Botble\\ACL\\Models\\User',NULL,'physical',NULL,NULL,0,0,0,0,NULL),(82,'Gorgeous Aluminum Table',NULL,NULL,'published','[\"products\\/product-71.jpg\"]',NULL,'NC-131-A0',0,20,0,1,'in_stock',0,7,1,0,445,347.1,NULL,NULL,11,18,14,762,NULL,0,'2025-01-21 09:39:22','2025-01-21 09:39:26',0,'Botble\\ACL\\Models\\User',NULL,'physical',NULL,NULL,0,0,0,0,NULL),(83,'Gorgeous Aluminum Table',NULL,NULL,'published','[\"products\\/product-82.jpg\"]',NULL,'NC-131-A0-A1',0,20,0,1,'in_stock',0,7,1,0,445,378.25,NULL,NULL,11,18,14,762,NULL,0,'2025-01-21 09:39:22','2025-01-21 09:39:26',0,'Botble\\ACL\\Models\\User',NULL,'physical',NULL,NULL,0,0,0,0,NULL),(84,'Evo Lightweight Granite Shirt',NULL,NULL,'published','[\"products\\/product-82.jpg\"]',NULL,'NC-144-A0',0,12,0,1,'in_stock',0,3,1,0,371,NULL,NULL,NULL,10,12,18,549,NULL,0,'2025-01-21 09:39:22','2025-01-21 09:39:26',0,'Botble\\ACL\\Models\\User',NULL,'digital',NULL,NULL,0,0,0,0,NULL),(85,'Evo Lightweight Granite Shirt',NULL,NULL,'published','[\"products\\/product-22.jpg\"]',NULL,'NC-144-A0-A1',0,12,0,1,'in_stock',0,3,1,0,371,NULL,NULL,NULL,10,12,18,549,NULL,0,'2025-01-21 09:39:22','2025-01-21 09:39:26',0,'Botble\\ACL\\Models\\User',NULL,'digital',NULL,NULL,0,0,0,0,NULL),(86,'CLCo. Incredible Paper Car',NULL,NULL,'published','[\"products\\/product-83.jpg\"]',NULL,'NC-117-A0',0,15,0,1,'in_stock',0,4,1,0,393,NULL,NULL,NULL,16,12,18,723,NULL,0,'2025-01-21 09:39:22','2025-01-21 09:39:26',0,'Botble\\ACL\\Models\\User',NULL,'physical',NULL,NULL,0,0,0,0,NULL),(87,'CLCo. Incredible Paper Car',NULL,NULL,'published','[\"products\\/product-49.jpg\"]',NULL,'NC-117-A0-A1',0,15,0,1,'in_stock',0,4,1,0,393,NULL,NULL,NULL,16,12,18,723,NULL,0,'2025-01-21 09:39:22','2025-01-21 09:39:26',0,'Botble\\ACL\\Models\\User',NULL,'physical',NULL,NULL,0,0,0,0,NULL),(88,'CLCo. Incredible Paper Car',NULL,NULL,'published','[\"products\\/product-67.jpg\"]',NULL,'NC-117-A0-A2',0,15,0,1,'in_stock',0,4,1,0,393,NULL,NULL,NULL,16,12,18,723,NULL,0,'2025-01-21 09:39:22','2025-01-21 09:39:26',0,'Botble\\ACL\\Models\\User',NULL,'physical',NULL,NULL,0,0,0,0,NULL),(89,'Progash Durable Granite Hat',NULL,NULL,'published','[\"products\\/product-74.jpg\"]',NULL,'NC-189-A0',0,15,0,1,'in_stock',0,2,1,0,237,NULL,NULL,NULL,18,19,14,701,NULL,0,'2025-01-21 09:39:22','2025-01-21 09:39:26',0,'Botble\\ACL\\Models\\User',NULL,'physical',NULL,NULL,0,0,0,0,NULL),(90,'Progash Durable Granite Hat',NULL,NULL,'published','[\"products\\/product-3.jpg\"]',NULL,'NC-189-A0-A1',0,15,0,1,'in_stock',0,2,1,0,237,NULL,NULL,NULL,18,19,14,701,NULL,0,'2025-01-21 09:39:22','2025-01-21 09:39:26',0,'Botble\\ACL\\Models\\User',NULL,'physical',NULL,NULL,0,0,0,0,NULL),(91,'Purab Enormous Miranda Bottle',NULL,NULL,'published','[\"products\\/product-52.jpg\"]',NULL,'NC-177-A0',0,15,0,1,'in_stock',0,7,1,0,356,263.44,NULL,NULL,16,13,12,688,NULL,0,'2025-01-21 09:39:22','2025-01-21 09:39:26',0,'Botble\\ACL\\Models\\User',NULL,'physical',NULL,NULL,0,0,0,0,NULL),(92,'Purab Enormous Miranda Bottle',NULL,NULL,'published','[\"products\\/product-93.jpg\"]',NULL,'NC-177-A0-A1',0,15,0,1,'in_stock',0,7,1,0,356,270.56,NULL,NULL,16,13,12,688,NULL,0,'2025-01-21 09:39:22','2025-01-21 09:39:26',0,'Botble\\ACL\\Models\\User',NULL,'physical',NULL,NULL,0,0,0,0,NULL),(93,'Purab Enormous Miranda Bottle',NULL,NULL,'published','[\"products\\/product-17.jpg\"]',NULL,'NC-177-A0-A2',0,15,0,1,'in_stock',0,7,1,0,356,299.04,NULL,NULL,16,13,12,688,NULL,0,'2025-01-21 09:39:22','2025-01-21 09:39:26',0,'Botble\\ACL\\Models\\User',NULL,'physical',NULL,NULL,0,0,0,0,NULL),(94,'Miklonda Co. Crafted Candles',NULL,NULL,'published','[\"products\\/product-29.jpg\"]',NULL,'NC-104-A0',0,11,0,1,'in_stock',0,7,1,0,283,NULL,NULL,NULL,19,11,18,820,NULL,0,'2025-01-21 09:39:22','2025-01-21 09:39:26',0,'Botble\\ACL\\Models\\User',NULL,'digital',NULL,NULL,0,0,0,0,NULL),(95,'Miklonda Co. Crafted Candles',NULL,NULL,'published','[\"products\\/product-15.jpg\"]',NULL,'NC-104-A0-A1',0,11,0,1,'in_stock',0,7,1,0,283,NULL,NULL,NULL,19,11,18,820,NULL,0,'2025-01-21 09:39:23','2025-01-21 09:39:26',0,'Botble\\ACL\\Models\\User',NULL,'digital',NULL,NULL,0,0,0,0,NULL),(96,'Miklonda Co. Crafted Candles',NULL,NULL,'published','[\"products\\/product-84.jpg\"]',NULL,'NC-104-A0-A2',0,11,0,1,'in_stock',0,7,1,0,283,NULL,NULL,NULL,19,11,18,820,NULL,0,'2025-01-21 09:39:23','2025-01-21 09:39:26',0,'Botble\\ACL\\Models\\User',NULL,'digital',NULL,NULL,0,0,0,0,NULL),(97,'Pinkol Enormous Granite Bottle',NULL,NULL,'published','[\"products\\/product-63.jpg\"]',NULL,'NC-129-A0',0,11,0,1,'in_stock',0,2,1,0,427,NULL,NULL,NULL,19,16,10,610,NULL,0,'2025-01-21 09:39:23','2025-01-21 09:39:26',0,'Botble\\ACL\\Models\\User',NULL,'physical',NULL,NULL,0,0,0,0,NULL),(98,'Pinkol Enormous Granite Bottle',NULL,NULL,'published','[\"products\\/product-24.jpg\"]',NULL,'NC-129-A0-A1',0,11,0,1,'in_stock',0,2,1,0,427,NULL,NULL,NULL,19,16,10,610,NULL,0,'2025-01-21 09:39:23','2025-01-21 09:39:26',0,'Botble\\ACL\\Models\\User',NULL,'physical',NULL,NULL,0,0,0,0,NULL),(99,'Dual Camera 20MP',NULL,NULL,'published','[\"products\\/product-25.jpg\"]',NULL,'NC-108-A0',0,13,0,1,'in_stock',0,5,1,0,327,NULL,NULL,NULL,10,10,15,696,NULL,0,'2025-01-21 09:39:23','2025-01-21 09:39:26',0,'Botble\\ACL\\Models\\User',NULL,'physical',NULL,NULL,0,0,0,0,NULL),(100,'Dual Camera 20MP',NULL,NULL,'published','[\"products\\/product-43.jpg\"]',NULL,'NC-108-A0-A1',0,13,0,1,'in_stock',0,5,1,0,327,NULL,NULL,NULL,10,10,15,696,NULL,0,'2025-01-21 09:39:23','2025-01-21 09:39:26',0,'Botble\\ACL\\Models\\User',NULL,'physical',NULL,NULL,0,0,0,0,NULL),(101,'Dual Camera 20MP',NULL,NULL,'published','[\"products\\/product-49.jpg\"]',NULL,'NC-108-A0-A2',0,13,0,1,'in_stock',0,5,1,0,327,NULL,NULL,NULL,10,10,15,696,NULL,0,'2025-01-21 09:39:23','2025-01-21 09:39:26',0,'Botble\\ACL\\Models\\User',NULL,'physical',NULL,NULL,0,0,0,0,NULL),(102,'Dual Camera 20MP',NULL,NULL,'published','[\"products\\/product-68.jpg\"]',NULL,'NC-108-A0-A3',0,13,0,1,'in_stock',0,5,1,0,327,NULL,NULL,NULL,10,10,15,696,NULL,0,'2025-01-21 09:39:23','2025-01-21 09:39:26',0,'Botble\\ACL\\Models\\User',NULL,'physical',NULL,NULL,0,0,0,0,NULL),(103,'Smart Watches',NULL,NULL,'published','[\"products\\/product-78.jpg\"]',NULL,'NC-140-A0',0,10,0,1,'in_stock',0,7,1,0,327,235.44,NULL,NULL,19,17,13,619,NULL,0,'2025-01-21 09:39:23','2025-01-21 09:39:26',0,'Botble\\ACL\\Models\\User',NULL,'physical',NULL,NULL,0,0,0,0,NULL),(104,'Smart Watches',NULL,NULL,'published','[\"products\\/product-93.jpg\"]',NULL,'NC-140-A0-A1',0,10,0,1,'in_stock',0,7,1,0,327,294.3,NULL,NULL,19,17,13,619,NULL,0,'2025-01-21 09:39:23','2025-01-21 09:39:26',0,'Botble\\ACL\\Models\\User',NULL,'physical',NULL,NULL,0,0,0,0,NULL),(105,'Smart Watches',NULL,NULL,'published','[\"products\\/product-58.jpg\"]',NULL,'NC-140-A0-A2',0,10,0,1,'in_stock',0,7,1,0,327,245.25,NULL,NULL,19,17,13,619,NULL,0,'2025-01-21 09:39:23','2025-01-21 09:39:26',0,'Botble\\ACL\\Models\\User',NULL,'physical',NULL,NULL,0,0,0,0,NULL),(106,'Smart Watches',NULL,NULL,'published','[\"products\\/product-25.jpg\"]',NULL,'NC-140-A0-A3',0,10,0,1,'in_stock',0,7,1,0,327,241.98,NULL,NULL,19,17,13,619,NULL,0,'2025-01-21 09:39:23','2025-01-21 09:39:26',0,'Botble\\ACL\\Models\\User',NULL,'physical',NULL,NULL,0,0,0,0,NULL),(107,'Beat Headphone',NULL,NULL,'published','[\"products\\/product-87.jpg\"]',NULL,'NC-187-A0',0,16,0,1,'in_stock',0,2,1,0,283,NULL,NULL,NULL,18,17,18,541,NULL,0,'2025-01-21 09:39:23','2025-01-21 09:39:26',0,'Botble\\ACL\\Models\\User',NULL,'digital',NULL,NULL,0,0,0,0,NULL),(108,'Red & Black Headphone',NULL,NULL,'published','[\"products\\/product-29.jpg\"]',NULL,'NC-176-A0',0,20,0,1,'in_stock',0,6,1,0,474,NULL,NULL,NULL,19,10,14,815,NULL,0,'2025-01-21 09:39:23','2025-01-21 09:39:26',0,'Botble\\ACL\\Models\\User',NULL,'physical',NULL,NULL,0,0,0,0,NULL),(109,'Red & Black Headphone',NULL,NULL,'published','[\"products\\/product-11.jpg\"]',NULL,'NC-176-A0-A1',0,20,0,1,'in_stock',0,6,1,0,474,NULL,NULL,NULL,19,10,14,815,NULL,0,'2025-01-21 09:39:23','2025-01-21 09:39:26',0,'Botble\\ACL\\Models\\User',NULL,'physical',NULL,NULL,0,0,0,0,NULL),(110,'Smart Watch External',NULL,NULL,'published','[\"products\\/product-37.jpg\"]',NULL,'NC-167-A0',0,13,0,1,'in_stock',0,5,1,0,292,NULL,NULL,NULL,12,11,16,785,NULL,0,'2025-01-21 09:39:23','2025-01-21 09:39:26',0,'Botble\\ACL\\Models\\User',NULL,'physical',NULL,NULL,0,0,0,0,NULL),(111,'Smart Watch External',NULL,NULL,'published','[\"products\\/product-30.jpg\"]',NULL,'NC-167-A0-A1',0,13,0,1,'in_stock',0,5,1,0,292,NULL,NULL,NULL,12,11,16,785,NULL,0,'2025-01-21 09:39:23','2025-01-21 09:39:26',0,'Botble\\ACL\\Models\\User',NULL,'physical',NULL,NULL,0,0,0,0,NULL),(112,'Smart Watch External',NULL,NULL,'published','[\"products\\/product-52.jpg\"]',NULL,'NC-167-A0-A2',0,13,0,1,'in_stock',0,5,1,0,292,NULL,NULL,NULL,12,11,16,785,NULL,0,'2025-01-21 09:39:23','2025-01-21 09:39:26',0,'Botble\\ACL\\Models\\User',NULL,'physical',NULL,NULL,0,0,0,0,NULL),(113,'Nikon HD camera',NULL,NULL,'published','[\"products\\/product-63.jpg\"]',NULL,'NC-173-A0',0,17,0,1,'in_stock',0,1,1,0,487,379.86,NULL,NULL,10,13,12,827,NULL,0,'2025-01-21 09:39:23','2025-01-21 09:39:26',0,'Botble\\ACL\\Models\\User',NULL,'physical',NULL,NULL,0,0,0,0,NULL),(114,'Nikon HD camera',NULL,NULL,'published','[\"products\\/product-28.jpg\"]',NULL,'NC-173-A0-A1',0,17,0,1,'in_stock',0,1,1,0,487,370.12,NULL,NULL,10,13,12,827,NULL,0,'2025-01-21 09:39:23','2025-01-21 09:39:26',0,'Botble\\ACL\\Models\\User',NULL,'physical',NULL,NULL,0,0,0,0,NULL),(115,'Nikon HD camera',NULL,NULL,'published','[\"products\\/product-7.jpg\"]',NULL,'NC-173-A0-A2',0,17,0,1,'in_stock',0,1,1,0,487,355.51,NULL,NULL,10,13,12,827,NULL,0,'2025-01-21 09:39:23','2025-01-21 09:39:26',0,'Botble\\ACL\\Models\\User',NULL,'physical',NULL,NULL,0,0,0,0,NULL),(116,'Nikon HD camera',NULL,NULL,'published','[\"products\\/product-91.jpg\"]',NULL,'NC-173-A0-A3',0,17,0,1,'in_stock',0,1,1,0,487,404.21,NULL,NULL,10,13,12,827,NULL,0,'2025-01-21 09:39:23','2025-01-21 09:39:26',0,'Botble\\ACL\\Models\\User',NULL,'physical',NULL,NULL,0,0,0,0,NULL),(117,'Audio Equipment',NULL,NULL,'published','[\"products\\/product-56.jpg\"]',NULL,'NC-189-A0',0,14,0,1,'in_stock',0,6,1,0,364,NULL,NULL,NULL,17,17,20,691,NULL,0,'2025-01-21 09:39:23','2025-01-21 09:39:26',0,'Botble\\ACL\\Models\\User',NULL,'digital',NULL,NULL,0,0,0,0,NULL),(118,'Audio Equipment',NULL,NULL,'published','[\"products\\/product-80.jpg\"]',NULL,'NC-189-A0-A1',0,14,0,1,'in_stock',0,6,1,0,364,NULL,NULL,NULL,17,17,20,691,NULL,0,'2025-01-21 09:39:23','2025-01-21 09:39:26',0,'Botble\\ACL\\Models\\User',NULL,'digital',NULL,NULL,0,0,0,0,NULL),(119,'Smart Televisions',NULL,NULL,'published','[\"products\\/product-30.jpg\"]',NULL,'NC-157-A0',0,16,0,1,'in_stock',0,6,1,0,341,NULL,NULL,NULL,16,12,11,763,NULL,0,'2025-01-21 09:39:23','2025-01-21 09:39:26',0,'Botble\\ACL\\Models\\User',NULL,'physical',NULL,NULL,0,0,0,0,NULL),(120,'Samsung Smart Phone',NULL,NULL,'published','[\"products\\/product-81.jpg\"]',NULL,'NC-174-A0',0,17,0,1,'in_stock',0,3,1,0,201,NULL,NULL,NULL,19,16,14,687,NULL,0,'2025-01-21 09:39:23','2025-01-21 09:39:26',0,'Botble\\ACL\\Models\\User',NULL,'physical',NULL,NULL,0,0,0,0,NULL),(121,'Samsung Smart Phone',NULL,NULL,'published','[\"products\\/product-47.jpg\"]',NULL,'NC-174-A0-A1',0,17,0,1,'in_stock',0,3,1,0,201,NULL,NULL,NULL,19,16,14,687,NULL,0,'2025-01-21 09:39:23','2025-01-21 09:39:26',0,'Botble\\ACL\\Models\\User',NULL,'physical',NULL,NULL,0,0,0,0,NULL),(122,'Herschel Leather Duffle Bag In Brown Color',NULL,NULL,'published','[\"products\\/product-72.jpg\"]',NULL,'NC-135-A0',0,13,0,1,'in_stock',0,7,1,0,235,192.7,NULL,NULL,18,13,10,784,NULL,0,'2025-01-21 09:39:23','2025-01-21 09:39:26',0,'Botble\\ACL\\Models\\User',NULL,'physical',NULL,NULL,0,0,0,0,NULL),(123,'Herschel Leather Duffle Bag In Brown Color',NULL,NULL,'published','[\"products\\/product-73.jpg\"]',NULL,'NC-135-A0-A1',0,13,0,1,'in_stock',0,7,1,0,235,209.15,NULL,NULL,18,13,10,784,NULL,0,'2025-01-21 09:39:23','2025-01-21 09:39:26',0,'Botble\\ACL\\Models\\User',NULL,'physical',NULL,NULL,0,0,0,0,NULL),(124,'Xbox One Wireless Controller Black Color',NULL,NULL,'published','[\"products\\/product-89.jpg\"]',NULL,'NC-102-A0',0,10,0,1,'in_stock',0,1,1,0,426,NULL,NULL,NULL,16,14,13,667,NULL,0,'2025-01-21 09:39:23','2025-01-21 09:39:26',0,'Botble\\ACL\\Models\\User',NULL,'digital',NULL,NULL,0,0,0,0,NULL),(125,'Xbox One Wireless Controller Black Color',NULL,NULL,'published','[\"products\\/product-94.jpg\"]',NULL,'NC-102-A0-A1',0,10,0,1,'in_stock',0,1,1,0,426,NULL,NULL,NULL,16,14,13,667,NULL,0,'2025-01-21 09:39:23','2025-01-21 09:39:26',0,'Botble\\ACL\\Models\\User',NULL,'digital',NULL,NULL,0,0,0,0,NULL),(126,'EPSION Plaster Printer',NULL,NULL,'published','[\"products\\/product-45.jpg\"]',NULL,'NC-128-A0',0,18,0,1,'in_stock',0,4,1,0,482,NULL,NULL,NULL,11,12,19,755,NULL,0,'2025-01-21 09:39:23','2025-01-21 09:39:26',0,'Botble\\ACL\\Models\\User',NULL,'physical',NULL,NULL,0,0,0,0,NULL),(127,'EPSION Plaster Printer',NULL,NULL,'published','[\"products\\/product-38.jpg\"]',NULL,'NC-128-A0-A1',0,18,0,1,'in_stock',0,4,1,0,482,NULL,NULL,NULL,11,12,19,755,NULL,0,'2025-01-21 09:39:23','2025-01-21 09:39:26',0,'Botble\\ACL\\Models\\User',NULL,'physical',NULL,NULL,0,0,0,0,NULL),(128,'Sound Intone I65 Earphone White Version',NULL,NULL,'published','[\"products\\/product-38.jpg\"]',NULL,'NC-177-A0',0,11,0,1,'in_stock',0,4,1,0,285,NULL,NULL,NULL,10,20,16,674,NULL,0,'2025-01-21 09:39:23','2025-01-21 09:39:26',0,'Botble\\ACL\\Models\\User',NULL,'physical',NULL,NULL,0,0,0,0,NULL),(129,'Sound Intone I65 Earphone White Version',NULL,NULL,'published','[\"products\\/product-9.jpg\"]',NULL,'NC-177-A0-A1',0,11,0,1,'in_stock',0,4,1,0,285,NULL,NULL,NULL,10,20,16,674,NULL,0,'2025-01-21 09:39:23','2025-01-21 09:39:26',0,'Botble\\ACL\\Models\\User',NULL,'physical',NULL,NULL,0,0,0,0,NULL),(130,'B&O Play Mini Bluetooth Speaker',NULL,NULL,'published','[\"products\\/product-7.jpg\"]',NULL,'NC-164-A0',0,17,0,1,'in_stock',0,3,1,0,258,183.18,NULL,NULL,18,18,11,827,NULL,0,'2025-01-21 09:39:23','2025-01-21 09:39:26',0,'Botble\\ACL\\Models\\User',NULL,'physical',NULL,NULL,0,0,0,0,NULL),(131,'B&O Play Mini Bluetooth Speaker',NULL,NULL,'published','[\"products\\/product-2.jpg\"]',NULL,'NC-164-A0-A1',0,17,0,1,'in_stock',0,3,1,0,258,196.08,NULL,NULL,18,18,11,827,NULL,0,'2025-01-21 09:39:23','2025-01-21 09:39:26',0,'Botble\\ACL\\Models\\User',NULL,'physical',NULL,NULL,0,0,0,0,NULL),(132,'B&O Play Mini Bluetooth Speaker',NULL,NULL,'published','[\"products\\/product-87.jpg\"]',NULL,'NC-164-A0-A2',0,17,0,1,'in_stock',0,3,1,0,258,219.3,NULL,NULL,18,18,11,827,NULL,0,'2025-01-21 09:39:23','2025-01-21 09:39:26',0,'Botble\\ACL\\Models\\User',NULL,'physical',NULL,NULL,0,0,0,0,NULL),(133,'Apple MacBook Air Retina 13.3-Inch Laptop',NULL,NULL,'published','[\"products\\/product-77.jpg\"]',NULL,'NC-161-A0',0,10,0,1,'in_stock',0,5,1,0,394,NULL,NULL,NULL,16,11,12,718,NULL,0,'2025-01-21 09:39:23','2025-01-21 09:39:26',0,'Botble\\ACL\\Models\\User',NULL,'digital',NULL,NULL,0,0,0,0,NULL),(134,'Apple MacBook Air Retina 13.3-Inch Laptop',NULL,NULL,'published','[\"products\\/product-10.jpg\"]',NULL,'NC-161-A0-A1',0,10,0,1,'in_stock',0,5,1,0,394,NULL,NULL,NULL,16,11,12,718,NULL,0,'2025-01-21 09:39:23','2025-01-21 09:39:26',0,'Botble\\ACL\\Models\\User',NULL,'digital',NULL,NULL,0,0,0,0,NULL),(135,'Apple MacBook Air Retina 12-Inch Laptop',NULL,NULL,'published','[\"products\\/product-1.jpg\"]',NULL,'NC-196-A0',0,15,0,1,'in_stock',0,3,1,0,221,NULL,NULL,NULL,20,18,15,596,NULL,0,'2025-01-21 09:39:23','2025-01-21 09:39:26',0,'Botble\\ACL\\Models\\User',NULL,'physical',NULL,NULL,0,0,0,0,NULL),(136,'Apple MacBook Air Retina 12-Inch Laptop',NULL,NULL,'published','[\"products\\/product-42.jpg\"]',NULL,'NC-196-A0-A1',0,15,0,1,'in_stock',0,3,1,0,221,NULL,NULL,NULL,20,18,15,596,NULL,0,'2025-01-21 09:39:23','2025-01-21 09:39:26',0,'Botble\\ACL\\Models\\User',NULL,'physical',NULL,NULL,0,0,0,0,NULL),(137,'Samsung Gear VR Virtual Reality Headset',NULL,NULL,'published','[\"products\\/product-40.jpg\"]',NULL,'NC-190-A0',0,13,0,1,'in_stock',0,4,1,0,473,NULL,NULL,NULL,20,14,10,713,NULL,0,'2025-01-21 09:39:23','2025-01-21 09:39:26',0,'Botble\\ACL\\Models\\User',NULL,'physical',NULL,NULL,0,0,0,0,NULL),(138,'Samsung Gear VR Virtual Reality Headset',NULL,NULL,'published','[\"products\\/product-36.jpg\"]',NULL,'NC-190-A0-A1',0,13,0,1,'in_stock',0,4,1,0,473,NULL,NULL,NULL,20,14,10,713,NULL,0,'2025-01-21 09:39:23','2025-01-21 09:39:26',0,'Botble\\ACL\\Models\\User',NULL,'physical',NULL,NULL,0,0,0,0,NULL),(139,'Samsung Gear VR Virtual Reality Headset',NULL,NULL,'published','[\"products\\/product-28.jpg\"]',NULL,'NC-190-A0-A2',0,13,0,1,'in_stock',0,4,1,0,473,NULL,NULL,NULL,20,14,10,713,NULL,0,'2025-01-21 09:39:23','2025-01-21 09:39:26',0,'Botble\\ACL\\Models\\User',NULL,'physical',NULL,NULL,0,0,0,0,NULL),(140,'Aveeno Moisturizing Body Shower 450ml',NULL,NULL,'published','[\"products\\/product-44.jpg\"]',NULL,'NC-181-A0',0,11,0,1,'in_stock',0,5,1,0,333,253.08,NULL,NULL,10,15,12,520,NULL,0,'2025-01-21 09:39:23','2025-01-21 09:39:26',0,'Botble\\ACL\\Models\\User',NULL,'physical',NULL,NULL,0,0,0,0,NULL),(141,'Aveeno Moisturizing Body Shower 450ml',NULL,NULL,'published','[\"products\\/product-64.jpg\"]',NULL,'NC-181-A0-A1',0,11,0,1,'in_stock',0,5,1,0,333,276.39,NULL,NULL,10,15,12,520,NULL,0,'2025-01-21 09:39:23','2025-01-21 09:39:26',0,'Botble\\ACL\\Models\\User',NULL,'physical',NULL,NULL,0,0,0,0,NULL),(142,'Aveeno Moisturizing Body Shower 450ml',NULL,NULL,'published','[\"products\\/product-92.jpg\"]',NULL,'NC-181-A0-A2',0,11,0,1,'in_stock',0,5,1,0,333,276.39,NULL,NULL,10,15,12,520,NULL,0,'2025-01-21 09:39:23','2025-01-21 09:39:26',0,'Botble\\ACL\\Models\\User',NULL,'physical',NULL,NULL,0,0,0,0,NULL),(143,'NYX Beauty Couton Pallete Makeup 12',NULL,NULL,'published','[\"products\\/product-85.jpg\"]',NULL,'NC-149-A0',0,11,0,1,'in_stock',0,6,1,0,256,NULL,NULL,NULL,13,19,15,798,NULL,0,'2025-01-21 09:39:23','2025-01-21 09:39:26',0,'Botble\\ACL\\Models\\User',NULL,'digital',NULL,NULL,0,0,0,0,NULL),(144,'NYX Beauty Couton Pallete Makeup 12',NULL,NULL,'published','[\"products\\/product-18.jpg\"]',NULL,'NC-149-A0-A1',0,11,0,1,'in_stock',0,6,1,0,256,NULL,NULL,NULL,13,19,15,798,NULL,0,'2025-01-21 09:39:23','2025-01-21 09:39:26',0,'Botble\\ACL\\Models\\User',NULL,'digital',NULL,NULL,0,0,0,0,NULL),(145,'NYX Beauty Couton Pallete Makeup 12',NULL,NULL,'published','[\"products\\/product-32.jpg\"]',NULL,'NC-176-A0',0,18,0,1,'in_stock',0,2,1,0,330,NULL,NULL,NULL,12,11,10,511,NULL,0,'2025-01-21 09:39:23','2025-01-21 09:39:26',0,'Botble\\ACL\\Models\\User',NULL,'physical',NULL,NULL,0,0,0,0,NULL),(146,'NYX Beauty Couton Pallete Makeup 12',NULL,NULL,'published','[\"products\\/product-11.jpg\"]',NULL,'NC-176-A0-A1',0,18,0,1,'in_stock',0,2,1,0,330,NULL,NULL,NULL,12,11,10,511,NULL,0,'2025-01-21 09:39:24','2025-01-21 09:39:26',0,'Botble\\ACL\\Models\\User',NULL,'physical',NULL,NULL,0,0,0,0,NULL),(147,'MVMTH Classical Leather Watch In Black',NULL,NULL,'published','[\"products\\/product-32.jpg\"]',NULL,'NC-164-A0',0,13,0,1,'in_stock',0,6,1,0,435,NULL,NULL,NULL,17,12,20,683,NULL,0,'2025-01-21 09:39:24','2025-01-21 09:39:26',0,'Botble\\ACL\\Models\\User',NULL,'physical',NULL,NULL,0,0,0,0,NULL),(148,'MVMTH Classical Leather Watch In Black',NULL,NULL,'published','[\"products\\/product-83.jpg\"]',NULL,'NC-164-A0-A1',0,13,0,1,'in_stock',0,6,1,0,435,NULL,NULL,NULL,17,12,20,683,NULL,0,'2025-01-21 09:39:24','2025-01-21 09:39:26',0,'Botble\\ACL\\Models\\User',NULL,'physical',NULL,NULL,0,0,0,0,NULL),(149,'Baxter Care Hair Kit For Bearded Mens',NULL,NULL,'published','[\"products\\/product-75.jpg\"]',NULL,'NC-107-A0',0,17,0,1,'in_stock',0,1,1,0,424,339.2,NULL,NULL,20,16,14,663,NULL,0,'2025-01-21 09:39:24','2025-01-21 09:39:26',0,'Botble\\ACL\\Models\\User',NULL,'physical',NULL,NULL,0,0,0,0,NULL),(150,'Baxter Care Hair Kit For Bearded Mens',NULL,NULL,'published','[\"products\\/product-14.jpg\"]',NULL,'NC-107-A0-A1',0,17,0,1,'in_stock',0,1,1,0,424,313.76,NULL,NULL,20,16,14,663,NULL,0,'2025-01-21 09:39:24','2025-01-21 09:39:26',0,'Botble\\ACL\\Models\\User',NULL,'physical',NULL,NULL,0,0,0,0,NULL),(151,'Baxter Care Hair Kit For Bearded Mens',NULL,NULL,'published','[\"products\\/product-85.jpg\"]',NULL,'NC-107-A0-A2',0,17,0,1,'in_stock',0,1,1,0,424,309.52,NULL,NULL,20,16,14,663,NULL,0,'2025-01-21 09:39:24','2025-01-21 09:39:26',0,'Botble\\ACL\\Models\\User',NULL,'physical',NULL,NULL,0,0,0,0,NULL),(152,'Ciate Palemore Lipstick Bold Red Color',NULL,NULL,'published','[\"products\\/product-27.jpg\"]',NULL,'NC-181-A0',0,11,0,1,'in_stock',0,5,1,0,468,NULL,NULL,NULL,14,14,17,700,NULL,0,'2025-01-21 09:39:24','2025-01-21 09:39:26',0,'Botble\\ACL\\Models\\User',NULL,'digital',NULL,NULL,0,0,0,0,NULL),(153,'Ciate Palemore Lipstick Bold Red Color',NULL,NULL,'published','[\"products\\/product-48.jpg\"]',NULL,'NC-181-A0-A1',0,11,0,1,'in_stock',0,5,1,0,468,NULL,NULL,NULL,14,14,17,700,NULL,0,'2025-01-21 09:39:24','2025-01-21 09:39:26',0,'Botble\\ACL\\Models\\User',NULL,'digital',NULL,NULL,0,0,0,0,NULL),(154,'Vimto Squash Remix Apple 1.5 Litres',NULL,NULL,'published','[\"products\\/product-23.jpg\"]',NULL,'NC-186-A0',0,14,0,1,'in_stock',0,5,1,0,300,NULL,NULL,NULL,12,10,14,784,NULL,0,'2025-01-21 09:39:24','2025-01-21 09:39:26',0,'Botble\\ACL\\Models\\User',NULL,'physical',NULL,NULL,0,0,0,0,NULL),(155,'Vimto Squash Remix Apple 1.5 Litres',NULL,NULL,'published','[\"products\\/product-42.jpg\"]',NULL,'NC-186-A0-A1',0,14,0,1,'in_stock',0,5,1,0,300,NULL,NULL,NULL,12,10,14,784,NULL,0,'2025-01-21 09:39:24','2025-01-21 09:39:26',0,'Botble\\ACL\\Models\\User',NULL,'physical',NULL,NULL,0,0,0,0,NULL),(156,'Vimto Squash Remix Apple 1.5 Litres',NULL,NULL,'published','[\"products\\/product-49.jpg\"]',NULL,'NC-186-A0-A2',0,14,0,1,'in_stock',0,5,1,0,300,NULL,NULL,NULL,12,10,14,784,NULL,0,'2025-01-21 09:39:24','2025-01-21 09:39:26',0,'Botble\\ACL\\Models\\User',NULL,'physical',NULL,NULL,0,0,0,0,NULL),(157,'Crock Pot Slow Cooker',NULL,NULL,'published','[\"products\\/product-81.jpg\"]',NULL,'NC-197-A0',0,12,0,1,'in_stock',0,7,1,0,259,NULL,NULL,NULL,15,14,12,818,NULL,0,'2025-01-21 09:39:24','2025-01-21 09:39:26',0,'Botble\\ACL\\Models\\User',NULL,'physical',NULL,NULL,0,0,0,0,NULL),(158,'Crock Pot Slow Cooker',NULL,NULL,'published','[\"products\\/product-47.jpg\"]',NULL,'NC-197-A0-A1',0,12,0,1,'in_stock',0,7,1,0,259,NULL,NULL,NULL,15,14,12,818,NULL,0,'2025-01-21 09:39:24','2025-01-21 09:39:26',0,'Botble\\ACL\\Models\\User',NULL,'physical',NULL,NULL,0,0,0,0,NULL),(159,'Taylors of Harrogate Yorkshire Coffee',NULL,NULL,'published','[\"products\\/product-10.jpg\"]',NULL,'NC-152-A0',0,17,0,1,'in_stock',0,7,1,0,387,301.86,NULL,NULL,13,20,16,526,NULL,0,'2025-01-21 09:39:24','2025-01-21 09:39:26',0,'Botble\\ACL\\Models\\User',NULL,'physical',NULL,NULL,0,0,0,0,NULL),(160,'Soft Mochi & Galeto Ice Cream',NULL,NULL,'published','[\"products\\/product-13.jpg\"]',NULL,'NC-113-A0',0,14,0,1,'in_stock',0,2,1,0,279,NULL,NULL,NULL,16,17,11,691,NULL,0,'2025-01-21 09:39:24','2025-01-21 09:39:26',0,'Botble\\ACL\\Models\\User',NULL,'digital',NULL,NULL,0,0,0,0,NULL),(161,'Soft Mochi & Galeto Ice Cream',NULL,NULL,'published','[\"products\\/product-54.jpg\"]',NULL,'NC-113-A0-A1',0,14,0,1,'in_stock',0,2,1,0,279,NULL,NULL,NULL,16,17,11,691,NULL,0,'2025-01-21 09:39:24','2025-01-21 09:39:26',0,'Botble\\ACL\\Models\\User',NULL,'digital',NULL,NULL,0,0,0,0,NULL),(162,'Naked Noodle Egg Noodles Singapore',NULL,NULL,'published','[\"products\\/product-92.jpg\"]',NULL,'NC-185-A0',0,19,0,1,'in_stock',0,3,1,0,208,NULL,NULL,NULL,13,13,15,591,NULL,0,'2025-01-21 09:39:24','2025-01-21 09:39:26',0,'Botble\\ACL\\Models\\User',NULL,'physical',NULL,NULL,0,0,0,0,NULL),(163,'Naked Noodle Egg Noodles Singapore',NULL,NULL,'published','[\"products\\/product-24.jpg\"]',NULL,'NC-185-A0-A1',0,19,0,1,'in_stock',0,3,1,0,208,NULL,NULL,NULL,13,13,15,591,NULL,0,'2025-01-21 09:39:24','2025-01-21 09:39:26',0,'Botble\\ACL\\Models\\User',NULL,'physical',NULL,NULL,0,0,0,0,NULL),(164,'Naked Noodle Egg Noodles Singapore',NULL,NULL,'published','[\"products\\/product-18.jpg\"]',NULL,'NC-185-A0-A2',0,19,0,1,'in_stock',0,3,1,0,208,NULL,NULL,NULL,13,13,15,591,NULL,0,'2025-01-21 09:39:24','2025-01-21 09:39:26',0,'Botble\\ACL\\Models\\User',NULL,'physical',NULL,NULL,0,0,0,0,NULL),(165,'Saute Pan Silver',NULL,NULL,'published','[\"products\\/product-9.jpg\"]',NULL,'NC-155-A0',0,15,0,1,'in_stock',0,4,1,0,331,NULL,NULL,NULL,11,13,14,677,NULL,0,'2025-01-21 09:39:24','2025-01-21 09:39:26',0,'Botble\\ACL\\Models\\User',NULL,'physical',NULL,NULL,0,0,0,0,NULL),(166,'Saute Pan Silver',NULL,NULL,'published','[\"products\\/product-54.jpg\"]',NULL,'NC-155-A0-A1',0,15,0,1,'in_stock',0,4,1,0,331,NULL,NULL,NULL,11,13,14,677,NULL,0,'2025-01-21 09:39:24','2025-01-21 09:39:26',0,'Botble\\ACL\\Models\\User',NULL,'physical',NULL,NULL,0,0,0,0,NULL),(167,'Saute Pan Silver',NULL,NULL,'published','[\"products\\/product-2.jpg\"]',NULL,'NC-155-A0-A2',0,15,0,1,'in_stock',0,4,1,0,331,NULL,NULL,NULL,11,13,14,677,NULL,0,'2025-01-21 09:39:24','2025-01-21 09:39:26',0,'Botble\\ACL\\Models\\User',NULL,'physical',NULL,NULL,0,0,0,0,NULL),(168,'Bar S – Classic Bun Length Franks',NULL,NULL,'published','[\"products\\/product-16.jpg\"]',NULL,'NC-156-A0',0,12,0,1,'in_stock',0,6,1,0,346,304.48,NULL,NULL,15,12,19,804,NULL,0,'2025-01-21 09:39:24','2025-01-21 09:39:26',0,'Botble\\ACL\\Models\\User',NULL,'physical',NULL,NULL,0,0,0,0,NULL),(169,'Bar S – Classic Bun Length Franks',NULL,NULL,'published','[\"products\\/product-68.jpg\"]',NULL,'NC-156-A0-A1',0,12,0,1,'in_stock',0,6,1,0,346,256.04,NULL,NULL,15,12,19,804,NULL,0,'2025-01-21 09:39:24','2025-01-21 09:39:26',0,'Botble\\ACL\\Models\\User',NULL,'physical',NULL,NULL,0,0,0,0,NULL),(170,'Bar S – Classic Bun Length Franks',NULL,NULL,'published','[\"products\\/product-82.jpg\"]',NULL,'NC-156-A0-A2',0,12,0,1,'in_stock',0,6,1,0,346,280.26,NULL,NULL,15,12,19,804,NULL,0,'2025-01-21 09:39:24','2025-01-21 09:39:26',0,'Botble\\ACL\\Models\\User',NULL,'physical',NULL,NULL,0,0,0,0,NULL),(171,'Broccoli Crowns',NULL,NULL,'published','[\"products\\/product-55.jpg\"]',NULL,'NC-161-A0',0,15,0,1,'in_stock',0,7,1,0,232,NULL,NULL,NULL,15,15,13,781,NULL,0,'2025-01-21 09:39:24','2025-01-21 09:39:26',0,'Botble\\ACL\\Models\\User',NULL,'digital',NULL,NULL,0,0,0,0,NULL),(172,'Slimming World Vegan Mac Greens',NULL,NULL,'published','[\"products\\/product-25.jpg\"]',NULL,'NC-195-A0',0,19,0,1,'in_stock',0,6,1,0,414,NULL,NULL,NULL,18,13,13,598,NULL,0,'2025-01-21 09:39:24','2025-01-21 09:39:26',0,'Botble\\ACL\\Models\\User',NULL,'physical',NULL,NULL,0,0,0,0,NULL),(173,'Slimming World Vegan Mac Greens',NULL,NULL,'published','[\"products\\/product-12.jpg\"]',NULL,'NC-195-A0-A1',0,19,0,1,'in_stock',0,6,1,0,414,NULL,NULL,NULL,18,13,13,598,NULL,0,'2025-01-21 09:39:24','2025-01-21 09:39:26',0,'Botble\\ACL\\Models\\User',NULL,'physical',NULL,NULL,0,0,0,0,NULL),(174,'Häagen-Dazs Salted Caramel',NULL,NULL,'published','[\"products\\/product-2.jpg\"]',NULL,'NC-116-A0',0,19,0,1,'in_stock',0,5,1,0,391,NULL,NULL,NULL,14,10,10,761,NULL,0,'2025-01-21 09:39:24','2025-01-21 09:39:26',0,'Botble\\ACL\\Models\\User',NULL,'physical',NULL,NULL,0,0,0,0,NULL),(175,'Iceland 3 Solo Exotic Burst',NULL,NULL,'published','[\"products\\/product-85.jpg\"]',NULL,'NC-112-A0',0,20,0,1,'in_stock',0,6,1,0,300,243,NULL,NULL,10,17,16,797,NULL,0,'2025-01-21 09:39:24','2025-01-21 09:39:26',0,'Botble\\ACL\\Models\\User',NULL,'physical',NULL,NULL,0,0,0,0,NULL),(176,'Iceland 3 Solo Exotic Burst',NULL,NULL,'published','[\"products\\/product-66.jpg\"]',NULL,'NC-112-A0-A1',0,20,0,1,'in_stock',0,6,1,0,300,213,NULL,NULL,10,17,16,797,NULL,0,'2025-01-21 09:39:24','2025-01-21 09:39:26',0,'Botble\\ACL\\Models\\User',NULL,'physical',NULL,NULL,0,0,0,0,NULL),(177,'Iceland 3 Solo Exotic Burst',NULL,NULL,'published','[\"products\\/product-22.jpg\"]',NULL,'NC-112-A0-A2',0,20,0,1,'in_stock',0,6,1,0,300,210,NULL,NULL,10,17,16,797,NULL,0,'2025-01-21 09:39:24','2025-01-21 09:39:26',0,'Botble\\ACL\\Models\\User',NULL,'physical',NULL,NULL,0,0,0,0,NULL),(178,'Extreme Budweiser Light Can',NULL,NULL,'published','[\"products\\/product-63.jpg\"]',NULL,'NC-129-A0',0,10,0,1,'in_stock',0,1,1,0,416,NULL,NULL,NULL,11,10,11,888,NULL,0,'2025-01-21 09:39:25','2025-01-21 09:39:26',0,'Botble\\ACL\\Models\\User',NULL,'digital',NULL,NULL,0,0,0,0,NULL),(179,'Iceland Macaroni Cheese Traybake',NULL,NULL,'published','[\"products\\/product-36.jpg\"]',NULL,'NC-109-A0',0,11,0,1,'in_stock',0,2,1,0,235,NULL,NULL,NULL,15,20,14,665,NULL,0,'2025-01-21 09:39:25','2025-01-21 09:39:26',0,'Botble\\ACL\\Models\\User',NULL,'physical',NULL,NULL,0,0,0,0,NULL),(180,'Iceland Macaroni Cheese Traybake',NULL,NULL,'published','[\"products\\/product-37.jpg\"]',NULL,'NC-109-A0-A1',0,11,0,1,'in_stock',0,2,1,0,235,NULL,NULL,NULL,15,20,14,665,NULL,0,'2025-01-21 09:39:25','2025-01-21 09:39:26',0,'Botble\\ACL\\Models\\User',NULL,'physical',NULL,NULL,0,0,0,0,NULL),(181,'Dolmio Bolognese Pasta Sauce',NULL,NULL,'published','[\"products\\/product-33.jpg\"]',NULL,'NC-159-A0',0,16,0,1,'in_stock',0,7,1,0,488,NULL,NULL,NULL,15,13,12,899,NULL,0,'2025-01-21 09:39:25','2025-01-21 09:39:26',0,'Botble\\ACL\\Models\\User',NULL,'physical',NULL,NULL,0,0,0,0,NULL),(182,'Sitema BakeIT Plastic Box',NULL,NULL,'published','[\"products\\/product-37.jpg\"]',NULL,'NC-105-A0',0,15,0,1,'in_stock',0,1,1,0,325,282.75,NULL,NULL,13,19,16,616,NULL,0,'2025-01-21 09:39:25','2025-01-21 09:39:26',0,'Botble\\ACL\\Models\\User',NULL,'physical',NULL,NULL,0,0,0,0,NULL),(183,'Wayfair Basics Dinner Plate Storage',NULL,NULL,'published','[\"products\\/product-19.jpg\"]',NULL,'NC-135-A0',0,19,0,1,'in_stock',0,1,1,0,306,NULL,NULL,NULL,18,16,14,852,NULL,0,'2025-01-21 09:39:25','2025-01-21 09:39:26',0,'Botble\\ACL\\Models\\User',NULL,'digital',NULL,NULL,0,0,0,0,NULL),(184,'Wayfair Basics Dinner Plate Storage',NULL,NULL,'published','[\"products\\/product-76.jpg\"]',NULL,'NC-135-A0-A1',0,19,0,1,'in_stock',0,1,1,0,306,NULL,NULL,NULL,18,16,14,852,NULL,0,'2025-01-21 09:39:25','2025-01-21 09:39:26',0,'Botble\\ACL\\Models\\User',NULL,'digital',NULL,NULL,0,0,0,0,NULL),(185,'Wayfair Basics Dinner Plate Storage',NULL,NULL,'published','[\"products\\/product-70.jpg\"]',NULL,'NC-135-A0-A2',0,19,0,1,'in_stock',0,1,1,0,306,NULL,NULL,NULL,18,16,14,852,NULL,0,'2025-01-21 09:39:25','2025-01-21 09:39:26',0,'Botble\\ACL\\Models\\User',NULL,'digital',NULL,NULL,0,0,0,0,NULL),(186,'Miko The Panda Water Bottle',NULL,NULL,'published','[\"products\\/product-31.jpg\"]',NULL,'NC-153-A0',0,14,0,1,'in_stock',0,1,1,0,433,NULL,NULL,NULL,20,16,11,777,NULL,0,'2025-01-21 09:39:25','2025-01-21 09:39:26',0,'Botble\\ACL\\Models\\User',NULL,'physical',NULL,NULL,0,0,0,0,NULL),(187,'Miko The Panda Water Bottle',NULL,NULL,'published','[\"products\\/product-73.jpg\"]',NULL,'NC-153-A0-A1',0,14,0,1,'in_stock',0,1,1,0,433,NULL,NULL,NULL,20,16,11,777,NULL,0,'2025-01-21 09:39:25','2025-01-21 09:39:26',0,'Botble\\ACL\\Models\\User',NULL,'physical',NULL,NULL,0,0,0,0,NULL),(188,'Miko The Panda Water Bottle',NULL,NULL,'published','[\"products\\/product-24.jpg\"]',NULL,'NC-153-A0-A2',0,14,0,1,'in_stock',0,1,1,0,433,NULL,NULL,NULL,20,16,11,777,NULL,0,'2025-01-21 09:39:25','2025-01-21 09:39:26',0,'Botble\\ACL\\Models\\User',NULL,'physical',NULL,NULL,0,0,0,0,NULL),(189,'Sesame Seed Bread',NULL,NULL,'published','[\"products\\/product-54.jpg\"]',NULL,'NC-172-A0',0,17,0,1,'in_stock',0,3,1,0,417,NULL,NULL,NULL,16,16,15,577,NULL,0,'2025-01-21 09:39:25','2025-01-21 09:39:26',0,'Botble\\ACL\\Models\\User',NULL,'physical',NULL,NULL,0,0,0,0,NULL),(190,'Sesame Seed Bread',NULL,NULL,'published','[\"products\\/product-5.jpg\"]',NULL,'NC-172-A0-A1',0,17,0,1,'in_stock',0,3,1,0,417,NULL,NULL,NULL,16,16,15,577,NULL,0,'2025-01-21 09:39:25','2025-01-21 09:39:26',0,'Botble\\ACL\\Models\\User',NULL,'physical',NULL,NULL,0,0,0,0,NULL),(191,'Morrisons The Best Beef',NULL,NULL,'published','[\"products\\/product-57.jpg\"]',NULL,'NC-126-A0',0,17,0,1,'in_stock',0,6,1,0,262,191.26,NULL,NULL,18,12,12,676,NULL,0,'2025-01-21 09:39:25','2025-01-21 09:39:26',0,'Botble\\ACL\\Models\\User',NULL,'physical',NULL,NULL,0,0,0,0,NULL),(192,'Avocado, Hass Large',NULL,NULL,'published','[\"products\\/product-32.jpg\"]',NULL,'NC-108-A0',0,18,0,1,'in_stock',0,3,1,0,232,NULL,NULL,NULL,13,10,18,619,NULL,0,'2025-01-21 09:39:25','2025-01-21 09:39:26',0,'Botble\\ACL\\Models\\User',NULL,'digital',NULL,NULL,0,0,0,0,NULL),(193,'Avocado, Hass Large',NULL,NULL,'published','[\"products\\/product-2.jpg\"]',NULL,'NC-108-A0-A1',0,18,0,1,'in_stock',0,3,1,0,232,NULL,NULL,NULL,13,10,18,619,NULL,0,'2025-01-21 09:39:25','2025-01-21 09:39:26',0,'Botble\\ACL\\Models\\User',NULL,'digital',NULL,NULL,0,0,0,0,NULL),(194,'Avocado, Hass Large',NULL,NULL,'published','[\"products\\/product-31.jpg\"]',NULL,'NC-108-A0-A2',0,18,0,1,'in_stock',0,3,1,0,232,NULL,NULL,NULL,13,10,18,619,NULL,0,'2025-01-21 09:39:25','2025-01-21 09:39:26',0,'Botble\\ACL\\Models\\User',NULL,'digital',NULL,NULL,0,0,0,0,NULL),(195,'Italia Beef Lasagne',NULL,NULL,'published','[\"products\\/product-25.jpg\"]',NULL,'NC-103-A0',0,15,0,1,'in_stock',0,7,1,0,333,NULL,NULL,NULL,19,15,13,784,NULL,0,'2025-01-21 09:39:25','2025-01-21 09:39:26',0,'Botble\\ACL\\Models\\User',NULL,'physical',NULL,NULL,0,0,0,0,NULL),(196,'Maxwell House Classic Roast Mocha',NULL,NULL,'published','[\"products\\/product-95.jpg\"]',NULL,'NC-130-A0',0,13,0,1,'in_stock',0,4,1,0,478,NULL,NULL,NULL,19,17,18,533,NULL,0,'2025-01-21 09:39:25','2025-01-21 09:39:26',0,'Botble\\ACL\\Models\\User',NULL,'physical',NULL,NULL,0,0,0,0,NULL),(197,'Maxwell House Classic Roast Mocha',NULL,NULL,'published','[\"products\\/product-5.jpg\"]',NULL,'NC-130-A0-A1',0,13,0,1,'in_stock',0,4,1,0,478,NULL,NULL,NULL,19,17,18,533,NULL,0,'2025-01-21 09:39:25','2025-01-21 09:39:26',0,'Botble\\ACL\\Models\\User',NULL,'physical',NULL,NULL,0,0,0,0,NULL),(198,'Maxwell House Classic Roast Mocha',NULL,NULL,'published','[\"products\\/product-93.jpg\"]',NULL,'NC-130-A0-A2',0,13,0,1,'in_stock',0,4,1,0,478,NULL,NULL,NULL,19,17,18,533,NULL,0,'2025-01-21 09:39:25','2025-01-21 09:39:26',0,'Botble\\ACL\\Models\\User',NULL,'physical',NULL,NULL,0,0,0,0,NULL),(199,'Maxwell House Classic Roast Mocha',NULL,NULL,'published','[\"products\\/product-42.jpg\"]',NULL,'NC-130-A0-A3',0,13,0,1,'in_stock',0,4,1,0,478,NULL,NULL,NULL,19,17,18,533,NULL,0,'2025-01-21 09:39:25','2025-01-21 09:39:26',0,'Botble\\ACL\\Models\\User',NULL,'physical',NULL,NULL,0,0,0,0,NULL),(200,'Bottled Pure Water 500ml',NULL,NULL,'published','[\"products\\/product-52.jpg\"]',NULL,'NC-186-A0',0,13,0,1,'in_stock',0,3,1,0,421,349.43,NULL,NULL,12,16,10,601,NULL,0,'2025-01-21 09:39:25','2025-01-21 09:39:26',0,'Botble\\ACL\\Models\\User',NULL,'physical',NULL,NULL,0,0,0,0,NULL),(201,'Bottled Pure Water 500ml',NULL,NULL,'published','[\"products\\/product-1.jpg\"]',NULL,'NC-186-A0-A1',0,13,0,1,'in_stock',0,3,1,0,421,353.64,NULL,NULL,12,16,10,601,NULL,0,'2025-01-21 09:39:25','2025-01-21 09:39:26',0,'Botble\\ACL\\Models\\User',NULL,'physical',NULL,NULL,0,0,0,0,NULL),(202,'Bottled Pure Water 500ml',NULL,NULL,'published','[\"products\\/product-16.jpg\"]',NULL,'NC-186-A0-A2',0,13,0,1,'in_stock',0,3,1,0,421,353.64,NULL,NULL,12,16,10,601,NULL,0,'2025-01-21 09:39:25','2025-01-21 09:39:26',0,'Botble\\ACL\\Models\\User',NULL,'physical',NULL,NULL,0,0,0,0,NULL),(203,'Bottled Pure Water 500ml',NULL,NULL,'published','[\"products\\/product-5.jpg\"]',NULL,'NC-186-A0-A3',0,13,0,1,'in_stock',0,3,1,0,421,315.75,NULL,NULL,12,16,10,601,NULL,0,'2025-01-21 09:39:25','2025-01-21 09:39:26',0,'Botble\\ACL\\Models\\User',NULL,'physical',NULL,NULL,0,0,0,0,NULL),(204,'Bottled Pure Water 500ml',NULL,NULL,'published','[\"products\\/product-68.jpg\"]',NULL,'NC-186-A0-A4',0,13,0,1,'in_stock',0,3,1,0,421,349.43,NULL,NULL,12,16,10,601,NULL,0,'2025-01-21 09:39:25','2025-01-21 09:39:26',0,'Botble\\ACL\\Models\\User',NULL,'physical',NULL,NULL,0,0,0,0,NULL),(205,'Famart Farmhouse Soft White',NULL,NULL,'published','[\"products\\/product-7.jpg\"]',NULL,'NC-140-A0',0,12,0,1,'in_stock',0,2,1,0,434,NULL,NULL,NULL,20,13,14,697,NULL,0,'2025-01-21 09:39:25','2025-01-21 09:39:26',0,'Botble\\ACL\\Models\\User',NULL,'digital',NULL,NULL,0,0,0,0,NULL),(206,'Famart Farmhouse Soft White',NULL,NULL,'published','[\"products\\/product-74.jpg\"]',NULL,'NC-140-A0-A1',0,12,0,1,'in_stock',0,2,1,0,434,NULL,NULL,NULL,20,13,14,697,NULL,0,'2025-01-21 09:39:25','2025-01-21 09:39:26',0,'Botble\\ACL\\Models\\User',NULL,'digital',NULL,NULL,0,0,0,0,NULL),(207,'Coca-Cola Original Taste',NULL,NULL,'published','[\"products\\/product-40.jpg\"]',NULL,'NC-142-A0',0,19,0,1,'in_stock',0,7,1,0,302,NULL,NULL,NULL,14,16,19,576,NULL,0,'2025-01-21 09:39:25','2025-01-21 09:39:26',0,'Botble\\ACL\\Models\\User',NULL,'physical',NULL,NULL,0,0,0,0,NULL),(208,'Coca-Cola Original Taste',NULL,NULL,'published','[\"products\\/product-50.jpg\"]',NULL,'NC-142-A0-A1',0,19,0,1,'in_stock',0,7,1,0,302,NULL,NULL,NULL,14,16,19,576,NULL,0,'2025-01-21 09:39:25','2025-01-21 09:39:26',0,'Botble\\ACL\\Models\\User',NULL,'physical',NULL,NULL,0,0,0,0,NULL),(209,'Casillero Diablo Cabernet Sauvignon',NULL,NULL,'published','[\"products\\/product-50.jpg\"]',NULL,'NC-130-A0',0,10,0,1,'in_stock',0,3,1,0,267,NULL,NULL,NULL,20,18,17,619,NULL,0,'2025-01-21 09:39:25','2025-01-21 09:39:26',0,'Botble\\ACL\\Models\\User',NULL,'physical',NULL,NULL,0,0,0,0,NULL),(210,'Casillero Diablo Cabernet Sauvignon',NULL,NULL,'published','[\"products\\/product-54.jpg\"]',NULL,'NC-130-A0-A1',0,10,0,1,'in_stock',0,3,1,0,267,NULL,NULL,NULL,20,18,17,619,NULL,0,'2025-01-21 09:39:25','2025-01-21 09:39:26',0,'Botble\\ACL\\Models\\User',NULL,'physical',NULL,NULL,0,0,0,0,NULL),(211,'Casillero Diablo Cabernet Sauvignon',NULL,NULL,'published','[\"products\\/product-64.jpg\"]',NULL,'NC-130-A0-A2',0,10,0,1,'in_stock',0,3,1,0,267,NULL,NULL,NULL,20,18,17,619,NULL,0,'2025-01-21 09:39:25','2025-01-21 09:39:26',0,'Botble\\ACL\\Models\\User',NULL,'physical',NULL,NULL,0,0,0,0,NULL),(212,'Arla Organic Free Range Milk',NULL,NULL,'published','[\"products\\/product-46.jpg\"]',NULL,'NC-156-A0',0,17,0,1,'in_stock',0,1,1,0,252,191.52,NULL,NULL,13,12,14,771,NULL,0,'2025-01-21 09:39:25','2025-01-21 09:39:26',0,'Botble\\ACL\\Models\\User',NULL,'physical',NULL,NULL,0,0,0,0,NULL),(213,'Arla Organic Free Range Milk',NULL,NULL,'published','[\"products\\/product-54.jpg\"]',NULL,'NC-156-A0-A1',0,17,0,1,'in_stock',0,1,1,0,252,194.04,NULL,NULL,13,12,14,771,NULL,0,'2025-01-21 09:39:25','2025-01-21 09:39:26',0,'Botble\\ACL\\Models\\User',NULL,'physical',NULL,NULL,0,0,0,0,NULL),(214,'Arla Organic Free Range Milk',NULL,NULL,'published','[\"products\\/product-93.jpg\"]',NULL,'NC-156-A0-A2',0,17,0,1,'in_stock',0,1,1,0,252,211.68,NULL,NULL,13,12,14,771,NULL,0,'2025-01-21 09:39:25','2025-01-21 09:39:26',0,'Botble\\ACL\\Models\\User',NULL,'physical',NULL,NULL,0,0,0,0,NULL),(215,'Arla Organic Free Range Milk',NULL,NULL,'published','[\"products\\/product-38.jpg\"]',NULL,'NC-156-A0-A3',0,17,0,1,'in_stock',0,1,1,0,252,194.04,NULL,NULL,13,12,14,771,NULL,0,'2025-01-21 09:39:25','2025-01-21 09:39:26',0,'Botble\\ACL\\Models\\User',NULL,'physical',NULL,NULL,0,0,0,0,NULL),(216,'Aptamil Follow On Baby Milk',NULL,NULL,'published','[\"products\\/product-75.jpg\"]',NULL,'NC-157-A0',0,15,0,1,'in_stock',0,2,1,0,248,NULL,NULL,NULL,19,13,20,505,NULL,0,'2025-01-21 09:39:25','2025-01-21 09:39:26',0,'Botble\\ACL\\Models\\User',NULL,'digital',NULL,NULL,0,0,0,0,NULL),(217,'Cuisinart Chef’S Classic Hard-Anodized',NULL,NULL,'published','[\"products\\/product-5.jpg\"]',NULL,'NC-184-A0',0,10,0,1,'in_stock',0,6,1,0,276,NULL,NULL,NULL,19,17,18,857,NULL,0,'2025-01-21 09:39:25','2025-01-21 09:39:26',0,'Botble\\ACL\\Models\\User',NULL,'physical',NULL,NULL,0,0,0,0,NULL),(218,'Cuisinart Chef’S Classic Hard-Anodized',NULL,NULL,'published','[\"products\\/product-27.jpg\"]',NULL,'NC-184-A0-A1',0,10,0,1,'in_stock',0,6,1,0,276,NULL,NULL,NULL,19,17,18,857,NULL,0,'2025-01-21 09:39:25','2025-01-21 09:39:26',0,'Botble\\ACL\\Models\\User',NULL,'physical',NULL,NULL,0,0,0,0,NULL),(219,'Corn, Yellow Sweet',NULL,NULL,'published','[\"products\\/product-24.jpg\"]',NULL,'NC-140-A0',0,20,0,1,'in_stock',0,1,1,0,464,NULL,NULL,NULL,17,18,13,846,NULL,0,'2025-01-21 09:39:25','2025-01-21 09:39:26',0,'Botble\\ACL\\Models\\User',NULL,'physical',NULL,NULL,0,0,0,0,NULL),(220,'Hobnobs The Nobbly Biscuit',NULL,NULL,'published','[\"products\\/product-37.jpg\"]',NULL,'NC-110-A0',0,18,0,1,'in_stock',0,5,1,0,461,345.75,NULL,NULL,13,19,20,501,NULL,0,'2025-01-21 09:39:25','2025-01-21 09:39:26',0,'Botble\\ACL\\Models\\User',NULL,'physical',NULL,NULL,0,0,0,0,NULL),(221,'Hobnobs The Nobbly Biscuit',NULL,NULL,'published','[\"products\\/product-40.jpg\"]',NULL,'NC-110-A0-A1',0,18,0,1,'in_stock',0,5,1,0,461,405.68,NULL,NULL,13,19,20,501,NULL,0,'2025-01-21 09:39:25','2025-01-21 09:39:26',0,'Botble\\ACL\\Models\\User',NULL,'physical',NULL,NULL,0,0,0,0,NULL),(222,'Hobnobs The Nobbly Biscuit',NULL,NULL,'published','[\"products\\/product-38.jpg\"]',NULL,'NC-110-A0-A2',0,18,0,1,'in_stock',0,5,1,0,461,368.8,NULL,NULL,13,19,20,501,NULL,0,'2025-01-21 09:39:25','2025-01-21 09:39:26',0,'Botble\\ACL\\Models\\User',NULL,'physical',NULL,NULL,0,0,0,0,NULL),(223,'Hobnobs The Nobbly Biscuit',NULL,NULL,'published','[\"products\\/product-10.jpg\"]',NULL,'NC-110-A0-A3',0,18,0,1,'in_stock',0,5,1,0,461,387.24,NULL,NULL,13,19,20,501,NULL,0,'2025-01-21 09:39:25','2025-01-21 09:39:26',0,'Botble\\ACL\\Models\\User',NULL,'physical',NULL,NULL,0,0,0,0,NULL),(224,'Honest Organic Still Lemonade',NULL,NULL,'published','[\"products\\/product-57.jpg\"]',NULL,'NC-147-A0',0,14,0,1,'in_stock',0,7,1,0,246,NULL,NULL,NULL,12,15,10,778,NULL,0,'2025-01-21 09:39:25','2025-01-21 09:39:26',0,'Botble\\ACL\\Models\\User',NULL,'digital',NULL,NULL,0,0,0,0,NULL),(225,'Honest Organic Still Lemonade',NULL,NULL,'published','[\"products\\/product-73.jpg\"]',NULL,'NC-147-A0-A1',0,14,0,1,'in_stock',0,7,1,0,246,NULL,NULL,NULL,12,15,10,778,NULL,0,'2025-01-21 09:39:25','2025-01-21 09:39:26',0,'Botble\\ACL\\Models\\User',NULL,'digital',NULL,NULL,0,0,0,0,NULL),(226,'Honest Organic Still Lemonade',NULL,NULL,'published','[\"products\\/product-67.jpg\"]',NULL,'NC-147-A0-A2',0,14,0,1,'in_stock',0,7,1,0,246,NULL,NULL,NULL,12,15,10,778,NULL,0,'2025-01-21 09:39:25','2025-01-21 09:39:26',0,'Botble\\ACL\\Models\\User',NULL,'digital',NULL,NULL,0,0,0,0,NULL),(227,'Honest Organic Still Lemonade',NULL,NULL,'published','[\"products\\/product-17.jpg\"]',NULL,'NC-147-A0-A3',0,14,0,1,'in_stock',0,7,1,0,246,NULL,NULL,NULL,12,15,10,778,NULL,0,'2025-01-21 09:39:26','2025-01-21 09:39:26',0,'Botble\\ACL\\Models\\User',NULL,'digital',NULL,NULL,0,0,0,0,NULL),(228,'Ice Beck’s Beer 350ml x 24 Pieces',NULL,NULL,'published','[\"products\\/product-43.jpg\"]',NULL,'NC-171-A0',0,12,0,1,'in_stock',0,1,1,0,270,NULL,NULL,NULL,16,12,14,688,NULL,0,'2025-01-21 09:39:26','2025-01-21 09:39:26',0,'Botble\\ACL\\Models\\User',NULL,'physical',NULL,NULL,0,0,0,0,NULL),(229,'Ice Beck’s Beer 350ml x 24 Pieces',NULL,NULL,'published','[\"products\\/product-29.jpg\"]',NULL,'NC-171-A0-A1',0,12,0,1,'in_stock',0,1,1,0,270,NULL,NULL,NULL,16,12,14,688,NULL,0,'2025-01-21 09:39:26','2025-01-21 09:39:26',0,'Botble\\ACL\\Models\\User',NULL,'physical',NULL,NULL,0,0,0,0,NULL),(230,'Ice Beck’s Beer 350ml x 24 Pieces',NULL,NULL,'published','[\"products\\/product-31.jpg\"]',NULL,'NC-171-A0-A2',0,12,0,1,'in_stock',0,1,1,0,270,NULL,NULL,NULL,16,12,14,688,NULL,0,'2025-01-21 09:39:26','2025-01-21 09:39:26',0,'Botble\\ACL\\Models\\User',NULL,'physical',NULL,NULL,0,0,0,0,NULL),(231,'Ice Beck’s Beer 350ml x 24 Pieces',NULL,NULL,'published','[\"products\\/product-35.jpg\"]',NULL,'NC-171-A0-A3',0,12,0,1,'in_stock',0,1,1,0,270,NULL,NULL,NULL,16,12,14,688,NULL,0,'2025-01-21 09:39:26','2025-01-21 09:39:26',0,'Botble\\ACL\\Models\\User',NULL,'physical',NULL,NULL,0,0,0,0,NULL),(232,'Iceland 6 Hot Cross Buns',NULL,NULL,'published','[\"products\\/product-52.jpg\"]',NULL,'NC-148-A0',0,13,0,1,'in_stock',0,2,1,0,251,NULL,NULL,NULL,20,17,15,817,NULL,0,'2025-01-21 09:39:26','2025-01-21 09:39:26',0,'Botble\\ACL\\Models\\User',NULL,'physical',NULL,NULL,0,0,0,0,NULL),(233,'Iceland Luxury 4 Panini Rolls',NULL,NULL,'published','[\"products\\/product-45.jpg\"]',NULL,'NC-187-A0',0,17,0,1,'in_stock',0,1,1,0,206,152.44,NULL,NULL,15,15,11,890,NULL,0,'2025-01-21 09:39:26','2025-01-21 09:39:26',0,'Botble\\ACL\\Models\\User',NULL,'physical',NULL,NULL,0,0,0,0,NULL),(234,'Iceland Soft Scoop Vanilla',NULL,NULL,'published','[\"products\\/product-75.jpg\"]',NULL,'NC-187-A0',0,16,0,1,'in_stock',0,7,1,0,443,NULL,NULL,NULL,10,15,13,671,NULL,0,'2025-01-21 09:39:26','2025-01-21 09:39:26',0,'Botble\\ACL\\Models\\User',NULL,'digital',NULL,NULL,0,0,0,0,NULL),(235,'Iceland Soft Scoop Vanilla',NULL,NULL,'published','[\"products\\/product-72.jpg\"]',NULL,'NC-187-A0-A1',0,16,0,1,'in_stock',0,7,1,0,443,NULL,NULL,NULL,10,15,13,671,NULL,0,'2025-01-21 09:39:26','2025-01-21 09:39:26',0,'Botble\\ACL\\Models\\User',NULL,'digital',NULL,NULL,0,0,0,0,NULL),(236,'Iceland Soft Scoop Vanilla',NULL,NULL,'published','[\"products\\/product-94.jpg\"]',NULL,'NC-187-A0-A2',0,16,0,1,'in_stock',0,7,1,0,443,NULL,NULL,NULL,10,15,13,671,NULL,0,'2025-01-21 09:39:26','2025-01-21 09:39:26',0,'Botble\\ACL\\Models\\User',NULL,'digital',NULL,NULL,0,0,0,0,NULL),(237,'Iceland Soft Scoop Vanilla',NULL,NULL,'published','[\"products\\/product-57.jpg\"]',NULL,'NC-187-A0-A3',0,16,0,1,'in_stock',0,7,1,0,443,NULL,NULL,NULL,10,15,13,671,NULL,0,'2025-01-21 09:39:26','2025-01-21 09:39:26',0,'Botble\\ACL\\Models\\User',NULL,'digital',NULL,NULL,0,0,0,0,NULL),(238,'Iceland Spaghetti Bolognese',NULL,NULL,'published','[\"products\\/product-78.jpg\"]',NULL,'NC-138-A0',0,11,0,1,'in_stock',0,7,1,0,495,NULL,NULL,NULL,19,12,18,888,NULL,0,'2025-01-21 09:39:26','2025-01-21 09:39:26',0,'Botble\\ACL\\Models\\User',NULL,'physical',NULL,NULL,0,0,0,0,NULL),(239,'Iceland Spaghetti Bolognese',NULL,NULL,'published','[\"products\\/product-30.jpg\"]',NULL,'NC-138-A0-A1',0,11,0,1,'in_stock',0,7,1,0,495,NULL,NULL,NULL,19,12,18,888,NULL,0,'2025-01-21 09:39:26','2025-01-21 09:39:26',0,'Botble\\ACL\\Models\\User',NULL,'physical',NULL,NULL,0,0,0,0,NULL),(240,'Kellogg’s Coco Pops Cereal',NULL,NULL,'published','[\"products\\/product-57.jpg\"]',NULL,'NC-169-A0',0,15,0,1,'in_stock',0,7,1,0,346,NULL,NULL,NULL,18,11,15,654,NULL,0,'2025-01-21 09:39:26','2025-01-21 09:39:26',0,'Botble\\ACL\\Models\\User',NULL,'physical',NULL,NULL,0,0,0,0,NULL),(241,'Kellogg’s Coco Pops Cereal',NULL,NULL,'published','[\"products\\/product-74.jpg\"]',NULL,'NC-169-A0-A1',0,15,0,1,'in_stock',0,7,1,0,346,NULL,NULL,NULL,18,11,15,654,NULL,0,'2025-01-21 09:39:26','2025-01-21 09:39:26',0,'Botble\\ACL\\Models\\User',NULL,'physical',NULL,NULL,0,0,0,0,NULL),(242,'Kit Kat Chunky Milk Chocolate',NULL,NULL,'published','[\"products\\/product-36.jpg\"]',NULL,'NC-121-A0',0,14,0,1,'in_stock',0,7,1,0,239,195.98,NULL,NULL,15,12,15,538,NULL,0,'2025-01-21 09:39:26','2025-01-21 09:39:26',0,'Botble\\ACL\\Models\\User',NULL,'physical',NULL,NULL,0,0,0,0,NULL),(243,'Kit Kat Chunky Milk Chocolate',NULL,NULL,'published','[\"products\\/product-75.jpg\"]',NULL,'NC-121-A0-A1',0,14,0,1,'in_stock',0,7,1,0,239,198.37,NULL,NULL,15,12,15,538,NULL,0,'2025-01-21 09:39:26','2025-01-21 09:39:26',0,'Botble\\ACL\\Models\\User',NULL,'physical',NULL,NULL,0,0,0,0,NULL),(244,'Large Green Bell Pepper',NULL,NULL,'published','[\"products\\/product-25.jpg\"]',NULL,'NC-123-A0',0,13,0,1,'in_stock',0,2,1,0,252,NULL,NULL,NULL,14,14,18,870,NULL,0,'2025-01-21 09:39:26','2025-01-21 09:39:26',0,'Botble\\ACL\\Models\\User',NULL,'digital',NULL,NULL,0,0,0,0,NULL),(245,'Large Green Bell Pepper',NULL,NULL,'published','[\"products\\/product-22.jpg\"]',NULL,'NC-123-A0-A1',0,13,0,1,'in_stock',0,2,1,0,252,NULL,NULL,NULL,14,14,18,870,NULL,0,'2025-01-21 09:39:26','2025-01-21 09:39:26',0,'Botble\\ACL\\Models\\User',NULL,'digital',NULL,NULL,0,0,0,0,NULL),(246,'Large Green Bell Pepper',NULL,NULL,'published','[\"products\\/product-36.jpg\"]',NULL,'NC-123-A0-A2',0,13,0,1,'in_stock',0,2,1,0,252,NULL,NULL,NULL,14,14,18,870,NULL,0,'2025-01-21 09:39:26','2025-01-21 09:39:26',0,'Botble\\ACL\\Models\\User',NULL,'digital',NULL,NULL,0,0,0,0,NULL),(247,'Large Green Bell Pepper',NULL,NULL,'published','[\"products\\/product-47.jpg\"]',NULL,'NC-123-A0-A3',0,13,0,1,'in_stock',0,2,1,0,252,NULL,NULL,NULL,14,14,18,870,NULL,0,'2025-01-21 09:39:26','2025-01-21 09:39:26',0,'Botble\\ACL\\Models\\User',NULL,'digital',NULL,NULL,0,0,0,0,NULL),(248,'Large Green Bell Pepper',NULL,NULL,'published','[\"products\\/product-73.jpg\"]',NULL,'NC-123-A0-A4',0,13,0,1,'in_stock',0,2,1,0,252,NULL,NULL,NULL,14,14,18,870,NULL,0,'2025-01-21 09:39:26','2025-01-21 09:39:26',0,'Botble\\ACL\\Models\\User',NULL,'digital',NULL,NULL,0,0,0,0,NULL),(249,'Pice 94w Beasley Journal',NULL,NULL,'published','[\"products\\/product-52.jpg\"]',NULL,'NC-102-A0',0,10,0,1,'in_stock',0,3,1,0,480,NULL,NULL,NULL,13,13,12,516,NULL,0,'2025-01-21 09:39:26','2025-01-21 09:39:26',0,'Botble\\ACL\\Models\\User',NULL,'physical',NULL,NULL,0,0,0,0,NULL),(250,'Province Piece Glass Drinking Glass',NULL,NULL,'published','[\"products\\/product-30.jpg\"]',NULL,'NC-106-A0',0,13,0,1,'in_stock',0,7,1,0,463,NULL,NULL,NULL,19,17,12,638,NULL,0,'2025-01-21 09:39:26','2025-01-21 09:39:26',0,'Botble\\ACL\\Models\\User',NULL,'physical',NULL,NULL,0,0,0,0,NULL),(251,'Province Piece Glass Drinking Glass',NULL,NULL,'published','[\"products\\/product-14.jpg\"]',NULL,'NC-106-A0-A1',0,13,0,1,'in_stock',0,7,1,0,463,NULL,NULL,NULL,19,17,12,638,NULL,0,'2025-01-21 09:39:26','2025-01-21 09:39:26',0,'Botble\\ACL\\Models\\User',NULL,'physical',NULL,NULL,0,0,0,0,NULL),(252,'Province Piece Glass Drinking Glass',NULL,NULL,'published','[\"products\\/product-61.jpg\"]',NULL,'NC-106-A0-A2',0,13,0,1,'in_stock',0,7,1,0,463,NULL,NULL,NULL,19,17,12,638,NULL,0,'2025-01-21 09:39:26','2025-01-21 09:39:26',0,'Botble\\ACL\\Models\\User',NULL,'physical',NULL,NULL,0,0,0,0,NULL);
/*!40000 ALTER TABLE `ec_products` ENABLE KEYS */;
UNLOCK TABLES;

--
-- Table structure for table `ec_products_translations`
--

DROP TABLE IF EXISTS `ec_products_translations`;
/*!40101 SET @saved_cs_client     = @@character_set_client */;
/*!40101 SET character_set_client = utf8 */;
CREATE TABLE `ec_products_translations` (
  `lang_code` varchar(191) COLLATE utf8mb4_unicode_ci NOT NULL,
  `ec_products_id` bigint unsigned NOT NULL,
  `name` varchar(191) COLLATE utf8mb4_unicode_ci DEFAULT NULL,
  `description` text COLLATE utf8mb4_unicode_ci,
  `content` text COLLATE utf8mb4_unicode_ci,
  PRIMARY KEY (`lang_code`,`ec_products_id`)
) ENGINE=InnoDB DEFAULT CHARSET=utf8mb4 COLLATE=utf8mb4_unicode_ci;
/*!40101 SET character_set_client = @saved_cs_client */;

--
-- Dumping data for table `ec_products_translations`
--

LOCK TABLES `ec_products_translations` WRITE;
/*!40000 ALTER TABLE `ec_products_translations` DISABLE KEYS */;
/*!40000 ALTER TABLE `ec_products_translations` ENABLE KEYS */;
UNLOCK TABLES;

--
-- Table structure for table `ec_review_replies`
--

DROP TABLE IF EXISTS `ec_review_replies`;
/*!40101 SET @saved_cs_client     = @@character_set_client */;
/*!40101 SET character_set_client = utf8 */;
CREATE TABLE `ec_review_replies` (
  `id` bigint unsigned NOT NULL AUTO_INCREMENT,
  `user_id` bigint unsigned NOT NULL,
  `review_id` bigint unsigned NOT NULL,
  `message` text COLLATE utf8mb4_unicode_ci NOT NULL,
  `created_at` timestamp NULL DEFAULT NULL,
  `updated_at` timestamp NULL DEFAULT NULL,
  PRIMARY KEY (`id`),
  UNIQUE KEY `ec_review_replies_review_id_user_id_unique` (`review_id`,`user_id`)
) ENGINE=InnoDB DEFAULT CHARSET=utf8mb4 COLLATE=utf8mb4_unicode_ci;
/*!40101 SET character_set_client = @saved_cs_client */;

--
-- Dumping data for table `ec_review_replies`
--

LOCK TABLES `ec_review_replies` WRITE;
/*!40000 ALTER TABLE `ec_review_replies` DISABLE KEYS */;
/*!40000 ALTER TABLE `ec_review_replies` ENABLE KEYS */;
UNLOCK TABLES;

--
-- Table structure for table `ec_reviews`
--

DROP TABLE IF EXISTS `ec_reviews`;
/*!40101 SET @saved_cs_client     = @@character_set_client */;
/*!40101 SET character_set_client = utf8 */;
CREATE TABLE `ec_reviews` (
  `id` bigint unsigned NOT NULL AUTO_INCREMENT,
  `customer_id` bigint unsigned DEFAULT NULL,
  `customer_name` varchar(191) COLLATE utf8mb4_unicode_ci DEFAULT NULL,
  `customer_email` varchar(191) COLLATE utf8mb4_unicode_ci DEFAULT NULL,
  `product_id` bigint unsigned NOT NULL,
  `star` double NOT NULL,
  `comment` text COLLATE utf8mb4_unicode_ci NOT NULL,
  `status` varchar(60) COLLATE utf8mb4_unicode_ci NOT NULL DEFAULT 'published',
  `created_at` timestamp NULL DEFAULT NULL,
  `updated_at` timestamp NULL DEFAULT NULL,
  `images` text COLLATE utf8mb4_unicode_ci,
  PRIMARY KEY (`id`),
  UNIQUE KEY `ec_reviews_product_id_customer_id_unique` (`product_id`,`customer_id`),
  KEY `ec_reviews_product_id_customer_id_status_created_at_index` (`product_id`,`customer_id`,`status`,`created_at`),
  KEY `review_relation_index` (`product_id`,`customer_id`,`status`)
) ENGINE=InnoDB AUTO_INCREMENT=1001 DEFAULT CHARSET=utf8mb4 COLLATE=utf8mb4_unicode_ci;
/*!40101 SET character_set_client = @saved_cs_client */;

--
-- Dumping data for table `ec_reviews`
--

LOCK TABLES `ec_reviews` WRITE;
/*!40000 ALTER TABLE `ec_reviews` DISABLE KEYS */;
INSERT INTO `ec_reviews` VALUES (1,4,NULL,NULL,31,1,'This script is well coded and is super fast. The support is pretty quick. Very patient and helpful team. I strongly recommend it and they deserve more than 5 stars.','published','2025-01-21 09:39:33','2025-01-21 09:39:33','[\"products\\/product-14.jpg\",\"products\\/product-15.jpg\",\"products\\/product-38.jpg\",\"products\\/product-93.jpg\"]'),(2,6,NULL,NULL,41,1,'Best ecommerce CMS online store!','published','2025-01-21 09:39:33','2025-01-21 09:39:33','[\"products\\/product-59.jpg\"]'),(3,8,NULL,NULL,42,2,'Good app, good backup service and support. Good documentation.','published','2025-01-21 09:39:33','2025-01-21 09:39:33','[\"products\\/pla-product-03.jpg\"]'),(4,4,NULL,NULL,26,3,'Second or third time that I buy a Botble product, happy with the products and support. You guys do a good job :)','published','2025-01-21 09:39:33','2025-01-21 09:39:33','[\"products\\/product-22.jpg\",\"products\\/product-74.jpg\"]'),(5,7,NULL,NULL,10,3,'Clean & perfect source code','published','2025-01-21 09:39:33','2025-01-21 09:39:33','[\"products\\/product-19.jpg\",\"products\\/product-81.jpg\"]'),(6,1,NULL,NULL,45,4,'These guys are amazing! Responses immediately, amazing support and help... I immediately feel at ease after Purchasing..','published','2025-01-21 09:39:33','2025-01-21 09:39:33','[\"products\\/product-8.jpg\",\"products\\/product-44.jpg\",\"products\\/product-77.jpg\"]'),(7,1,NULL,NULL,34,1,'Those guys now what they are doing, the release such a good product that it\'s a pleasure to work with ! Even when I was stuck on the project, I created a ticket and the next day it was replied by the team. GOOD JOB guys. I love working with them :)','published','2025-01-21 09:39:33','2025-01-21 09:39:33','[\"products\\/product-81.jpg\"]'),(8,9,NULL,NULL,2,1,'For me the best eCommerce script on Envato at this moment: modern, clean code, a lot of great features. The customer support is great too: I always get an answer within hours!','published','2025-01-21 09:39:33','2025-01-21 09:39:33','[\"products\\/product-5.jpg\",\"products\\/product-15.jpg\",\"products\\/product-80.jpg\"]'),(9,6,NULL,NULL,71,5,'Ok good product. I have some issues in customizations. But its not correct to blame the developer. The product is good. Good luck for your business.','published','2025-01-21 09:39:33','2025-01-21 09:39:33','[\"products\\/product-2.jpg\",\"products\\/product-49.jpg\",\"products\\/product-88.jpg\",\"products\\/product-90.jpg\"]'),(10,8,NULL,NULL,43,4,'It\'s not my first experience here on Codecanyon and I can honestly tell you all that Botble puts a LOT of effort into the support. They answer so fast, they helped me tons of times. REALLY by far THE BEST EXPERIENCE on Codecanyon. Those guys at Botble are so good that they deserve 5 stars. I recommend them, I trust them and I can\'t wait to see what they will sell in a near future. Thank you Botble :)','published','2025-01-21 09:39:33','2025-01-21 09:39:33','[\"products\\/product-54.jpg\",\"products\\/product-82.jpg\",\"products\\/product-83.jpg\"]'),(11,2,NULL,NULL,25,3,'The script is the best of its class, fast, easy to implement and work with , and the most important thing is the great support team , Recommend with no doubt.','published','2025-01-21 09:39:33','2025-01-21 09:39:33','[\"products\\/product-60.jpg\"]'),(12,4,NULL,NULL,10,3,'Ok good product. I have some issues in customizations. But its not correct to blame the developer. The product is good. Good luck for your business.','published','2025-01-21 09:39:33','2025-01-21 09:39:33','[\"products\\/product-62.jpg\"]'),(13,1,NULL,NULL,21,5,'Great system, great support, good job Botble. I\'m looking forward to more great functional plugins.','published','2025-01-21 09:39:33','2025-01-21 09:39:33','[\"products\\/product-15.jpg\",\"products\\/product-69.jpg\"]'),(14,5,NULL,NULL,50,5,'Those guys now what they are doing, the release such a good product that it\'s a pleasure to work with ! Even when I was stuck on the project, I created a ticket and the next day it was replied by the team. GOOD JOB guys. I love working with them :)','published','2025-01-21 09:39:33','2025-01-21 09:39:33','[\"products\\/product-88.jpg\",\"products\\/product-92.jpg\"]'),(15,5,NULL,NULL,36,5,'Very enthusiastic support! Excellent code is written. It\'s a true pleasure working with.','published','2025-01-21 09:39:33','2025-01-21 09:39:33','[\"products\\/product-6.jpg\"]'),(16,10,NULL,NULL,19,4,'Customer Support are grade (A*), however the code is a way too over engineered for it\'s purpose.','published','2025-01-21 09:39:33','2025-01-21 09:39:33','[\"products\\/product-11.jpg\",\"products\\/product-13.jpg\",\"products\\/product-88.jpg\",\"products\\/product-91.jpg\"]'),(17,10,NULL,NULL,40,4,'The best ecommerce CMS! Excellent coding! best support service! Thank you so much..... I really like your hard work.','published','2025-01-21 09:39:33','2025-01-21 09:39:33','[\"products\\/product-12.jpg\",\"products\\/product-15.jpg\",\"products\\/product-61.jpg\"]'),(18,4,NULL,NULL,47,5,'Amazing code, amazing support. Overall, im really confident in Botble and im happy I made the right choice! Thank you so much guys for coding this masterpiece','published','2025-01-21 09:39:33','2025-01-21 09:39:33','[\"products\\/product-42.jpg\",\"products\\/product-50.jpg\",\"products\\/product-61.jpg\",\"products\\/product-72.jpg\"]'),(19,7,NULL,NULL,28,5,'Solution is too robust for our purpose so we didn\'t use it at the end. But I appreciate customer support during initial configuration.','published','2025-01-21 09:39:33','2025-01-21 09:39:33','[\"products\\/product-87.jpg\"]'),(20,7,NULL,NULL,34,2,'This script is well coded and is super fast. The support is pretty quick. Very patient and helpful team. I strongly recommend it and they deserve more than 5 stars.','published','2025-01-21 09:39:33','2025-01-21 09:39:33','[\"products\\/product-1.jpg\",\"products\\/product-33.jpg\",\"products\\/product-82.jpg\"]'),(21,10,NULL,NULL,21,2,'Good app, good backup service and support. Good documentation.','published','2025-01-21 09:39:33','2025-01-21 09:39:33','[\"products\\/product-8.jpg\",\"products\\/product-81.jpg\",\"products\\/product-95.jpg\"]'),(22,9,NULL,NULL,56,4,'Those guys now what they are doing, the release such a good product that it\'s a pleasure to work with ! Even when I was stuck on the project, I created a ticket and the next day it was replied by the team. GOOD JOB guys. I love working with them :)','published','2025-01-21 09:39:33','2025-01-21 09:39:33','[\"products\\/product-28.jpg\",\"products\\/product-82.jpg\",\"products\\/product-86.jpg\"]'),(23,9,NULL,NULL,68,1,'These guys are amazing! Responses immediately, amazing support and help... I immediately feel at ease after Purchasing..','published','2025-01-21 09:39:33','2025-01-21 09:39:33','[\"products\\/product-65.jpg\"]'),(24,8,NULL,NULL,68,3,'The best ecommerce CMS! Excellent coding! best support service! Thank you so much..... I really like your hard work.','published','2025-01-21 09:39:33','2025-01-21 09:39:33','[\"products\\/product-53.jpg\"]'),(25,10,NULL,NULL,64,1,'Those guys now what they are doing, the release such a good product that it\'s a pleasure to work with ! Even when I was stuck on the project, I created a ticket and the next day it was replied by the team. GOOD JOB guys. I love working with them :)','published','2025-01-21 09:39:33','2025-01-21 09:39:33','[\"products\\/pla-product-02.jpg\",\"products\\/product-7.jpg\",\"products\\/product-33.jpg\",\"products\\/product-86.jpg\"]'),(26,9,NULL,NULL,26,1,'Customer Support are grade (A*), however the code is a way too over engineered for it\'s purpose.','published','2025-01-21 09:39:33','2025-01-21 09:39:33','[\"products\\/product-28.jpg\",\"products\\/product-45.jpg\",\"products\\/product-46.jpg\",\"products\\/product-93.jpg\"]'),(27,2,NULL,NULL,44,2,'It\'s not my first experience here on Codecanyon and I can honestly tell you all that Botble puts a LOT of effort into the support. They answer so fast, they helped me tons of times. REALLY by far THE BEST EXPERIENCE on Codecanyon. Those guys at Botble are so good that they deserve 5 stars. I recommend them, I trust them and I can\'t wait to see what they will sell in a near future. Thank you Botble :)','published','2025-01-21 09:39:33','2025-01-21 09:39:33','[\"products\\/product-33.jpg\",\"products\\/product-57.jpg\"]'),(28,10,NULL,NULL,26,1,'We have received brilliant service support and will be expanding the features with the developer. Nice product!','published','2025-01-21 09:39:33','2025-01-21 09:39:33','[\"products\\/product-68.jpg\",\"products\\/product-77.jpg\",\"products\\/product-89.jpg\"]'),(29,5,NULL,NULL,41,5,'These guys are amazing! Responses immediately, amazing support and help... I immediately feel at ease after Purchasing..','published','2025-01-21 09:39:33','2025-01-21 09:39:33','[\"products\\/product-38.jpg\",\"products\\/product-79.jpg\",\"products\\/product-92.jpg\"]'),(30,2,NULL,NULL,52,3,'We have received brilliant service support and will be expanding the features with the developer. Nice product!','published','2025-01-21 09:39:33','2025-01-21 09:39:33','[\"products\\/product-34.jpg\",\"products\\/product-53.jpg\"]'),(31,7,NULL,NULL,33,4,'I Love this Script. I also found how to add other fees. Now I just wait the BIG update for the Marketplace with the Bulk Import. Just do not forget to make it to be Multi-language for us the Botble Fans.','published','2025-01-21 09:39:33','2025-01-21 09:39:33','[\"products\\/product-29.jpg\",\"products\\/product-35.jpg\",\"products\\/product-54.jpg\",\"products\\/product-93.jpg\"]'),(32,3,NULL,NULL,59,1,'The script is the best of its class, fast, easy to implement and work with , and the most important thing is the great support team , Recommend with no doubt.','published','2025-01-21 09:39:33','2025-01-21 09:39:33','[\"products\\/product-77.jpg\"]'),(33,1,NULL,NULL,29,5,'Perfect +++++++++ i love it really also i get to fast ticket answers... Thanks Lot BOTBLE Teams','published','2025-01-21 09:39:33','2025-01-21 09:39:33','[\"products\\/product-37.jpg\",\"products\\/product-42.jpg\",\"products\\/product-89.jpg\"]'),(34,5,NULL,NULL,74,3,'We have received brilliant service support and will be expanding the features with the developer. Nice product!','published','2025-01-21 09:39:33','2025-01-21 09:39:33','[\"products\\/product-52.jpg\",\"products\\/product-60.jpg\",\"products\\/product-84.jpg\",\"products\\/product-89.jpg\"]'),(35,2,NULL,NULL,70,5,'As a developer I reviewed this script. This is really awesome ecommerce script. I have convinced when I noticed that it\'s built on fully WordPress concept.','published','2025-01-21 09:39:33','2025-01-21 09:39:33','[\"products\\/product-15.jpg\",\"products\\/product-18.jpg\",\"products\\/product-26.jpg\",\"products\\/product-39.jpg\"]'),(36,2,NULL,NULL,11,4,'Great E-commerce system. And much more : Wonderful Customer Support.','published','2025-01-21 09:39:33','2025-01-21 09:39:33','[\"products\\/product-19.jpg\",\"products\\/product-80.jpg\",\"products\\/product-82.jpg\"]'),(37,2,NULL,NULL,9,4,'These guys are amazing! Responses immediately, amazing support and help... I immediately feel at ease after Purchasing..','published','2025-01-21 09:39:33','2025-01-21 09:39:33','[\"products\\/product-23.jpg\"]'),(38,3,NULL,NULL,20,4,'Second or third time that I buy a Botble product, happy with the products and support. You guys do a good job :)','published','2025-01-21 09:39:33','2025-01-21 09:39:33','[\"products\\/product-74.jpg\",\"products\\/product-79.jpg\"]'),(39,1,NULL,NULL,35,2,'Cool template. Excellent code quality. The support responds very quickly, which is very rare on themeforest and codecanyon.net, I buy a lot of templates, and everyone will have a response from technical support for two or three days. Thanks to tech support. I recommend to buy.','published','2025-01-21 09:39:33','2025-01-21 09:39:33','[\"products\\/product-49.jpg\",\"products\\/product-60.jpg\",\"products\\/product-62.jpg\",\"products\\/product-92.jpg\"]'),(41,8,NULL,NULL,16,4,'Good app, good backup service and support. Good documentation.','published','2025-01-21 09:39:33','2025-01-21 09:39:33','[\"products\\/pla-product-01.jpg\",\"products\\/product-86.jpg\"]'),(42,6,NULL,NULL,20,4,'This web app is really good in design, code quality & features. Besides, the customer support provided by the Botble team was really fast & helpful. You guys are awesome!','published','2025-01-21 09:39:33','2025-01-21 09:39:33','[\"products\\/product-37.jpg\"]'),(44,10,NULL,NULL,20,4,'Solution is too robust for our purpose so we didn\'t use it at the end. But I appreciate customer support during initial configuration.','published','2025-01-21 09:39:33','2025-01-21 09:39:33','[\"products\\/product-53.jpg\",\"products\\/product-58.jpg\"]'),(45,4,NULL,NULL,28,2,'The best ecommerce CMS! Excellent coding! best support service! Thank you so much..... I really like your hard work.','published','2025-01-21 09:39:33','2025-01-21 09:39:33','[\"products\\/product-13.jpg\",\"products\\/product-28.jpg\",\"products\\/product-50.jpg\"]'),(46,6,NULL,NULL,62,1,'I Love this Script. I also found how to add other fees. Now I just wait the BIG update for the Marketplace with the Bulk Import. Just do not forget to make it to be Multi-language for us the Botble Fans.','published','2025-01-21 09:39:33','2025-01-21 09:39:33','[\"products\\/product-64.jpg\"]'),(47,7,NULL,NULL,18,3,'Perfect +++++++++ i love it really also i get to fast ticket answers... Thanks Lot BOTBLE Teams','published','2025-01-21 09:39:33','2025-01-21 09:39:33','[\"products\\/product-49.jpg\",\"products\\/product-64.jpg\"]'),(49,9,NULL,NULL,70,5,'The code is good, in general, if you like it, can you give it 5 stars?','published','2025-01-21 09:39:33','2025-01-21 09:39:33','[\"products\\/product-28.jpg\",\"products\\/product-33.jpg\",\"products\\/product-73.jpg\"]'),(50,5,NULL,NULL,62,3,'Good app, good backup service and support. Good documentation.','published','2025-01-21 09:39:33','2025-01-21 09:39:33','[\"products\\/product-26.jpg\",\"products\\/product-47.jpg\",\"products\\/product-68.jpg\"]'),(51,2,NULL,NULL,22,1,'We have received brilliant service support and will be expanding the features with the developer. Nice product!','published','2025-01-21 09:39:33','2025-01-21 09:39:33','[\"products\\/product-87.jpg\"]'),(52,6,NULL,NULL,15,3,'Amazing code, amazing support. Overall, im really confident in Botble and im happy I made the right choice! Thank you so much guys for coding this masterpiece','published','2025-01-21 09:39:33','2025-01-21 09:39:33','[\"products\\/product-69.jpg\",\"products\\/product-74.jpg\"]'),(53,2,NULL,NULL,38,1,'Clean & perfect source code','published','2025-01-21 09:39:33','2025-01-21 09:39:33','[\"products\\/pla-product-02.jpg\",\"products\\/product-2.jpg\",\"products\\/product-5.jpg\",\"products\\/product-31.jpg\"]'),(54,9,NULL,NULL,67,5,'Great system, great support, good job Botble. I\'m looking forward to more great functional plugins.','published','2025-01-21 09:39:33','2025-01-21 09:39:33','[\"products\\/product-52.jpg\"]'),(56,5,NULL,NULL,70,2,'Great E-commerce system. And much more : Wonderful Customer Support.','published','2025-01-21 09:39:33','2025-01-21 09:39:33','[\"products\\/product-29.jpg\",\"products\\/product-61.jpg\"]'),(58,5,NULL,NULL,4,1,'The code is good, in general, if you like it, can you give it 5 stars?','published','2025-01-21 09:39:33','2025-01-21 09:39:33','[\"products\\/pla-product-02.jpg\",\"products\\/product-8.jpg\",\"products\\/product-14.jpg\",\"products\\/product-73.jpg\"]'),(59,6,NULL,NULL,64,3,'Best ecommerce CMS online store!','published','2025-01-21 09:39:33','2025-01-21 09:39:33','[\"products\\/pla-product-01.jpg\",\"products\\/product-57.jpg\",\"products\\/product-71.jpg\",\"products\\/product-76.jpg\"]'),(60,6,NULL,NULL,66,5,'The code is good, in general, if you like it, can you give it 5 stars?','published','2025-01-21 09:39:33','2025-01-21 09:39:33','[\"products\\/product-23.jpg\",\"products\\/product-50.jpg\",\"products\\/product-54.jpg\",\"products\\/product-62.jpg\"]'),(61,8,NULL,NULL,32,5,'This web app is really good in design, code quality & features. Besides, the customer support provided by the Botble team was really fast & helpful. You guys are awesome!','published','2025-01-21 09:39:33','2025-01-21 09:39:33','[\"products\\/product-41.jpg\",\"products\\/product-77.jpg\"]'),(62,3,NULL,NULL,7,1,'We have received brilliant service support and will be expanding the features with the developer. Nice product!','published','2025-01-21 09:39:33','2025-01-21 09:39:33','[\"products\\/product-43.jpg\",\"products\\/product-71.jpg\",\"products\\/product-72.jpg\",\"products\\/product-81.jpg\"]'),(63,4,NULL,NULL,66,5,'Second or third time that I buy a Botble product, happy with the products and support. You guys do a good job :)','published','2025-01-21 09:39:33','2025-01-21 09:39:33','[\"products\\/pla-product-04.jpg\",\"products\\/product-62.jpg\"]'),(64,10,NULL,NULL,13,3,'The script is the best of its class, fast, easy to implement and work with , and the most important thing is the great support team , Recommend with no doubt.','published','2025-01-21 09:39:33','2025-01-21 09:39:33','[\"products\\/product-5.jpg\",\"products\\/product-56.jpg\",\"products\\/product-93.jpg\"]'),(65,7,NULL,NULL,68,2,'We have received brilliant service support and will be expanding the features with the developer. Nice product!','published','2025-01-21 09:39:33','2025-01-21 09:39:33','[\"products\\/product-33.jpg\",\"products\\/product-51.jpg\",\"products\\/product-53.jpg\"]'),(66,8,NULL,NULL,55,4,'Solution is too robust for our purpose so we didn\'t use it at the end. But I appreciate customer support during initial configuration.','published','2025-01-21 09:39:33','2025-01-21 09:39:33','[\"products\\/product-86.jpg\"]'),(67,8,NULL,NULL,57,4,'Good app, good backup service and support. Good documentation.','published','2025-01-21 09:39:33','2025-01-21 09:39:33','[\"products\\/product-18.jpg\",\"products\\/product-41.jpg\",\"products\\/product-66.jpg\",\"products\\/product-79.jpg\"]'),(68,2,NULL,NULL,48,1,'Perfect +++++++++ i love it really also i get to fast ticket answers... Thanks Lot BOTBLE Teams','published','2025-01-21 09:39:33','2025-01-21 09:39:33','[\"products\\/product-40.jpg\",\"products\\/product-70.jpg\",\"products\\/product-79.jpg\",\"products\\/product-91.jpg\"]'),(69,6,NULL,NULL,50,3,'Cool template. Excellent code quality. The support responds very quickly, which is very rare on themeforest and codecanyon.net, I buy a lot of templates, and everyone will have a response from technical support for two or three days. Thanks to tech support. I recommend to buy.','published','2025-01-21 09:39:33','2025-01-21 09:39:33','[\"products\\/product-46.jpg\"]'),(70,8,NULL,NULL,10,4,'Perfect +++++++++ i love it really also i get to fast ticket answers... Thanks Lot BOTBLE Teams','published','2025-01-21 09:39:33','2025-01-21 09:39:33','[\"products\\/product-53.jpg\",\"products\\/product-67.jpg\",\"products\\/product-88.jpg\",\"products\\/product-94.jpg\"]'),(71,10,NULL,NULL,22,3,'Cool template. Excellent code quality. The support responds very quickly, which is very rare on themeforest and codecanyon.net, I buy a lot of templates, and everyone will have a response from technical support for two or three days. Thanks to tech support. I recommend to buy.','published','2025-01-21 09:39:33','2025-01-21 09:39:33','[\"products\\/product-11.jpg\",\"products\\/product-51.jpg\",\"products\\/product-64.jpg\"]'),(72,9,NULL,NULL,54,1,'Great E-commerce system. And much more : Wonderful Customer Support.','published','2025-01-21 09:39:33','2025-01-21 09:39:33','[\"products\\/product-40.jpg\",\"products\\/product-46.jpg\",\"products\\/product-63.jpg\"]'),(74,5,NULL,NULL,44,3,'I Love this Script. I also found how to add other fees. Now I just wait the BIG update for the Marketplace with the Bulk Import. Just do not forget to make it to be Multi-language for us the Botble Fans.','published','2025-01-21 09:39:33','2025-01-21 09:39:33','[\"products\\/product-56.jpg\",\"products\\/product-87.jpg\"]'),(75,2,NULL,NULL,3,5,'Those guys now what they are doing, the release such a good product that it\'s a pleasure to work with ! Even when I was stuck on the project, I created a ticket and the next day it was replied by the team. GOOD JOB guys. I love working with them :)','published','2025-01-21 09:39:33','2025-01-21 09:39:33','[\"products\\/product-2.jpg\",\"products\\/product-10.jpg\",\"products\\/product-80.jpg\",\"products\\/product-85.jpg\"]'),(76,5,NULL,NULL,3,5,'The best store template! Excellent coding! Very good support! Thank you so much for all the help, I really appreciated.','published','2025-01-21 09:39:33','2025-01-21 09:39:33','[\"products\\/product-27.jpg\",\"products\\/product-75.jpg\"]'),(77,1,NULL,NULL,46,2,'Those guys now what they are doing, the release such a good product that it\'s a pleasure to work with ! Even when I was stuck on the project, I created a ticket and the next day it was replied by the team. GOOD JOB guys. I love working with them :)','published','2025-01-21 09:39:33','2025-01-21 09:39:33','[\"products\\/product-54.jpg\"]'),(78,8,NULL,NULL,27,4,'For me the best eCommerce script on Envato at this moment: modern, clean code, a lot of great features. The customer support is great too: I always get an answer within hours!','published','2025-01-21 09:39:33','2025-01-21 09:39:33','[\"products\\/product-25.jpg\",\"products\\/product-48.jpg\",\"products\\/product-52.jpg\",\"products\\/product-74.jpg\"]'),(79,1,NULL,NULL,28,3,'Those guys now what they are doing, the release such a good product that it\'s a pleasure to work with ! Even when I was stuck on the project, I created a ticket and the next day it was replied by the team. GOOD JOB guys. I love working with them :)','published','2025-01-21 09:39:33','2025-01-21 09:39:33','[\"products\\/product-1.jpg\",\"products\\/product-2.jpg\",\"products\\/product-25.jpg\",\"products\\/product-40.jpg\"]'),(80,6,NULL,NULL,1,1,'We have received brilliant service support and will be expanding the features with the developer. Nice product!','published','2025-01-21 09:39:33','2025-01-21 09:39:33','[\"products\\/product-43.jpg\"]'),(81,1,NULL,NULL,44,4,'Great E-commerce system. And much more : Wonderful Customer Support.','published','2025-01-21 09:39:33','2025-01-21 09:39:33','[\"products\\/product-23.jpg\",\"products\\/product-35.jpg\",\"products\\/product-45.jpg\",\"products\\/product-77.jpg\"]'),(82,7,NULL,NULL,51,3,'The best ecommerce CMS! Excellent coding! best support service! Thank you so much..... I really like your hard work.','published','2025-01-21 09:39:33','2025-01-21 09:39:33','[\"products\\/product-32.jpg\",\"products\\/product-47.jpg\",\"products\\/product-62.jpg\",\"products\\/product-74.jpg\"]'),(83,7,NULL,NULL,70,2,'Amazing code, amazing support. Overall, im really confident in Botble and im happy I made the right choice! Thank you so much guys for coding this masterpiece','published','2025-01-21 09:39:33','2025-01-21 09:39:33','[\"products\\/product-5.jpg\",\"products\\/product-18.jpg\",\"products\\/product-77.jpg\"]'),(84,5,NULL,NULL,19,2,'For me the best eCommerce script on Envato at this moment: modern, clean code, a lot of great features. The customer support is great too: I always get an answer within hours!','published','2025-01-21 09:39:33','2025-01-21 09:39:33','[\"products\\/product-77.jpg\",\"products\\/product-95.jpg\"]'),(85,1,NULL,NULL,32,4,'The best ecommerce CMS! Excellent coding! best support service! Thank you so much..... I really like your hard work.','published','2025-01-21 09:39:33','2025-01-21 09:39:33','[\"products\\/product-37.jpg\",\"products\\/product-50.jpg\",\"products\\/product-62.jpg\"]'),(86,4,NULL,NULL,46,1,'The script is the best of its class, fast, easy to implement and work with , and the most important thing is the great support team , Recommend with no doubt.','published','2025-01-21 09:39:33','2025-01-21 09:39:33','[\"products\\/product-7.jpg\",\"products\\/product-68.jpg\"]'),(87,7,NULL,NULL,1,5,'I Love this Script. I also found how to add other fees. Now I just wait the BIG update for the Marketplace with the Bulk Import. Just do not forget to make it to be Multi-language for us the Botble Fans.','published','2025-01-21 09:39:33','2025-01-21 09:39:33','[\"products\\/product-70.jpg\"]'),(88,6,NULL,NULL,10,3,'Solution is too robust for our purpose so we didn\'t use it at the end. But I appreciate customer support during initial configuration.','published','2025-01-21 09:39:33','2025-01-21 09:39:33','[\"products\\/pla-product-04.jpg\",\"products\\/product-63.jpg\",\"products\\/product-95.jpg\"]'),(89,2,NULL,NULL,16,1,'Those guys now what they are doing, the release such a good product that it\'s a pleasure to work with ! Even when I was stuck on the project, I created a ticket and the next day it was replied by the team. GOOD JOB guys. I love working with them :)','published','2025-01-21 09:39:33','2025-01-21 09:39:33','[\"products\\/product-9.jpg\",\"products\\/product-82.jpg\"]'),(90,10,NULL,NULL,31,2,'For me the best eCommerce script on Envato at this moment: modern, clean code, a lot of great features. The customer support is great too: I always get an answer within hours!','published','2025-01-21 09:39:33','2025-01-21 09:39:33','[\"products\\/product-48.jpg\",\"products\\/product-50.jpg\",\"products\\/product-60.jpg\",\"products\\/product-79.jpg\"]'),(92,1,NULL,NULL,63,5,'Great E-commerce system. And much more : Wonderful Customer Support.','published','2025-01-21 09:39:33','2025-01-21 09:39:33','[\"products\\/product-46.jpg\"]'),(93,9,NULL,NULL,9,3,'The best store template! Excellent coding! Very good support! Thank you so much for all the help, I really appreciated.','published','2025-01-21 09:39:33','2025-01-21 09:39:33','[\"products\\/product-14.jpg\",\"products\\/product-57.jpg\",\"products\\/product-90.jpg\",\"products\\/product-92.jpg\"]'),(94,7,NULL,NULL,16,1,'Solution is too robust for our purpose so we didn\'t use it at the end. But I appreciate customer support during initial configuration.','published','2025-01-21 09:39:33','2025-01-21 09:39:33','[\"products\\/product-21.jpg\",\"products\\/product-27.jpg\",\"products\\/product-55.jpg\",\"products\\/product-61.jpg\"]'),(95,6,NULL,NULL,2,1,'Second or third time that I buy a Botble product, happy with the products and support. You guys do a good job :)','published','2025-01-21 09:39:33','2025-01-21 09:39:33','[\"products\\/product-21.jpg\",\"products\\/product-95.jpg\"]'),(96,7,NULL,NULL,39,5,'Best ecommerce CMS online store!','published','2025-01-21 09:39:33','2025-01-21 09:39:33','[\"products\\/product-23.jpg\"]'),(98,6,NULL,NULL,46,3,'Perfect +++++++++ i love it really also i get to fast ticket answers... Thanks Lot BOTBLE Teams','published','2025-01-21 09:39:33','2025-01-21 09:39:33','[\"products\\/product-48.jpg\"]'),(99,10,NULL,NULL,50,5,'The script is the best of its class, fast, easy to implement and work with , and the most important thing is the great support team , Recommend with no doubt.','published','2025-01-21 09:39:33','2025-01-21 09:39:33','[\"products\\/product-21.jpg\"]'),(100,3,NULL,NULL,36,2,'These guys are amazing! Responses immediately, amazing support and help... I immediately feel at ease after Purchasing..','published','2025-01-21 09:39:33','2025-01-21 09:39:33','[\"products\\/product-1.jpg\",\"products\\/product-71.jpg\",\"products\\/product-89.jpg\"]'),(101,3,NULL,NULL,71,5,'Cool template. Excellent code quality. The support responds very quickly, which is very rare on themeforest and codecanyon.net, I buy a lot of templates, and everyone will have a response from technical support for two or three days. Thanks to tech support. I recommend to buy.','published','2025-01-21 09:39:33','2025-01-21 09:39:33','[\"products\\/product-19.jpg\",\"products\\/product-59.jpg\"]'),(102,5,NULL,NULL,7,3,'The best ecommerce CMS! Excellent coding! best support service! Thank you so much..... I really like your hard work.','published','2025-01-21 09:39:33','2025-01-21 09:39:33','[\"products\\/product-79.jpg\",\"products\\/product-85.jpg\"]'),(103,4,NULL,NULL,62,4,'Customer Support are grade (A*), however the code is a way too over engineered for it\'s purpose.','published','2025-01-21 09:39:33','2025-01-21 09:39:33','[\"products\\/product-10.jpg\",\"products\\/product-12.jpg\",\"products\\/product-82.jpg\"]'),(104,4,NULL,NULL,17,2,'Great system, great support, good job Botble. I\'m looking forward to more great functional plugins.','published','2025-01-21 09:39:33','2025-01-21 09:39:33','[\"products\\/product-4.jpg\",\"products\\/product-32.jpg\",\"products\\/product-53.jpg\",\"products\\/product-66.jpg\"]'),(105,1,NULL,NULL,1,4,'Great E-commerce system. And much more : Wonderful Customer Support.','published','2025-01-21 09:39:33','2025-01-21 09:39:33','[\"products\\/product-3.jpg\",\"products\\/product-18.jpg\",\"products\\/product-19.jpg\",\"products\\/product-41.jpg\"]'),(107,8,NULL,NULL,9,3,'It\'s not my first experience here on Codecanyon and I can honestly tell you all that Botble puts a LOT of effort into the support. They answer so fast, they helped me tons of times. REALLY by far THE BEST EXPERIENCE on Codecanyon. Those guys at Botble are so good that they deserve 5 stars. I recommend them, I trust them and I can\'t wait to see what they will sell in a near future. Thank you Botble :)','published','2025-01-21 09:39:33','2025-01-21 09:39:33','[\"products\\/product-5.jpg\",\"products\\/product-14.jpg\",\"products\\/product-25.jpg\"]'),(109,10,NULL,NULL,55,1,'Perfect +++++++++ i love it really also i get to fast ticket answers... Thanks Lot BOTBLE Teams','published','2025-01-21 09:39:33','2025-01-21 09:39:33','[\"products\\/product-1.jpg\",\"products\\/product-52.jpg\",\"products\\/product-67.jpg\",\"products\\/product-70.jpg\"]'),(110,5,NULL,NULL,51,1,'Solution is too robust for our purpose so we didn\'t use it at the end. But I appreciate customer support during initial configuration.','published','2025-01-21 09:39:33','2025-01-21 09:39:33','[\"products\\/product-56.jpg\",\"products\\/product-57.jpg\",\"products\\/product-78.jpg\"]'),(112,9,NULL,NULL,18,3,'Best ecommerce CMS online store!','published','2025-01-21 09:39:33','2025-01-21 09:39:33','[\"products\\/product-34.jpg\",\"products\\/product-73.jpg\"]'),(113,3,NULL,NULL,56,1,'These guys are amazing! Responses immediately, amazing support and help... I immediately feel at ease after Purchasing..','published','2025-01-21 09:39:33','2025-01-21 09:39:33','[\"products\\/product-42.jpg\"]'),(114,2,NULL,NULL,36,4,'Ok good product. I have some issues in customizations. But its not correct to blame the developer. The product is good. Good luck for your business.','published','2025-01-21 09:39:33','2025-01-21 09:39:33','[\"products\\/product-13.jpg\",\"products\\/product-76.jpg\",\"products\\/product-77.jpg\",\"products\\/product-82.jpg\"]'),(115,2,NULL,NULL,6,5,'I Love this Script. I also found how to add other fees. Now I just wait the BIG update for the Marketplace with the Bulk Import. Just do not forget to make it to be Multi-language for us the Botble Fans.','published','2025-01-21 09:39:33','2025-01-21 09:39:33','[\"products\\/pla-product-02.jpg\",\"products\\/product-28.jpg\",\"products\\/product-70.jpg\"]'),(117,1,NULL,NULL,61,4,'It\'s not my first experience here on Codecanyon and I can honestly tell you all that Botble puts a LOT of effort into the support. They answer so fast, they helped me tons of times. REALLY by far THE BEST EXPERIENCE on Codecanyon. Those guys at Botble are so good that they deserve 5 stars. I recommend them, I trust them and I can\'t wait to see what they will sell in a near future. Thank you Botble :)','published','2025-01-21 09:39:33','2025-01-21 09:39:33','[\"products\\/product-4.jpg\",\"products\\/product-22.jpg\",\"products\\/product-54.jpg\",\"products\\/product-70.jpg\"]'),(118,7,NULL,NULL,62,4,'Those guys now what they are doing, the release such a good product that it\'s a pleasure to work with ! Even when I was stuck on the project, I created a ticket and the next day it was replied by the team. GOOD JOB guys. I love working with them :)','published','2025-01-21 09:39:33','2025-01-21 09:39:33','[\"products\\/product-8.jpg\",\"products\\/product-17.jpg\",\"products\\/product-85.jpg\"]'),(119,10,NULL,NULL,24,4,'Customer Support are grade (A*), however the code is a way too over engineered for it\'s purpose.','published','2025-01-21 09:39:33','2025-01-21 09:39:33','[\"products\\/product-2.jpg\",\"products\\/product-61.jpg\",\"products\\/product-65.jpg\",\"products\\/product-89.jpg\"]'),(120,10,NULL,NULL,70,4,'We have received brilliant service support and will be expanding the features with the developer. Nice product!','published','2025-01-21 09:39:33','2025-01-21 09:39:33','[\"products\\/pla-product-03.jpg\",\"products\\/product-4.jpg\",\"products\\/product-74.jpg\",\"products\\/product-82.jpg\"]'),(121,3,NULL,NULL,32,5,'This script is well coded and is super fast. The support is pretty quick. Very patient and helpful team. I strongly recommend it and they deserve more than 5 stars.','published','2025-01-21 09:39:33','2025-01-21 09:39:33','[\"products\\/product-41.jpg\"]'),(122,7,NULL,NULL,38,3,'Perfect +++++++++ i love it really also i get to fast ticket answers... Thanks Lot BOTBLE Teams','published','2025-01-21 09:39:33','2025-01-21 09:39:33','[\"products\\/product-19.jpg\",\"products\\/product-29.jpg\",\"products\\/product-30.jpg\",\"products\\/product-65.jpg\"]'),(123,8,NULL,NULL,19,1,'Good app, good backup service and support. Good documentation.','published','2025-01-21 09:39:33','2025-01-21 09:39:33','[\"products\\/pla-product-02.jpg\",\"products\\/product-26.jpg\",\"products\\/product-60.jpg\",\"products\\/product-74.jpg\"]'),(124,6,NULL,NULL,44,4,'For me the best eCommerce script on Envato at this moment: modern, clean code, a lot of great features. The customer support is great too: I always get an answer within hours!','published','2025-01-21 09:39:33','2025-01-21 09:39:33','[\"products\\/product-3.jpg\",\"products\\/product-22.jpg\",\"products\\/product-68.jpg\"]'),(125,6,NULL,NULL,47,5,'Those guys now what they are doing, the release such a good product that it\'s a pleasure to work with ! Even when I was stuck on the project, I created a ticket and the next day it was replied by the team. GOOD JOB guys. I love working with them :)','published','2025-01-21 09:39:33','2025-01-21 09:39:33','[\"products\\/product-34.jpg\",\"products\\/product-39.jpg\",\"products\\/product-55.jpg\",\"products\\/product-93.jpg\"]'),(126,4,NULL,NULL,18,4,'Great E-commerce system. And much more : Wonderful Customer Support.','published','2025-01-21 09:39:33','2025-01-21 09:39:33','[\"products\\/product-18.jpg\",\"products\\/product-25.jpg\",\"products\\/product-84.jpg\"]'),(127,4,NULL,NULL,23,2,'Best ecommerce CMS online store!','published','2025-01-21 09:39:33','2025-01-21 09:39:33','[\"products\\/product-6.jpg\",\"products\\/product-17.jpg\",\"products\\/product-19.jpg\"]'),(128,10,NULL,NULL,23,2,'We have received brilliant service support and will be expanding the features with the developer. Nice product!','published','2025-01-21 09:39:33','2025-01-21 09:39:33','[\"products\\/pla-product-04.jpg\",\"products\\/product-37.jpg\",\"products\\/product-86.jpg\"]'),(130,3,NULL,NULL,3,3,'Great E-commerce system. And much more : Wonderful Customer Support.','published','2025-01-21 09:39:33','2025-01-21 09:39:33','[\"products\\/product-55.jpg\"]'),(131,5,NULL,NULL,52,2,'This web app is really good in design, code quality & features. Besides, the customer support provided by the Botble team was really fast & helpful. You guys are awesome!','published','2025-01-21 09:39:33','2025-01-21 09:39:33','[\"products\\/product-78.jpg\"]'),(133,4,NULL,NULL,1,5,'Best ecommerce CMS online store!','published','2025-01-21 09:39:33','2025-01-21 09:39:33','[\"products\\/product-21.jpg\"]'),(134,6,NULL,NULL,19,2,'Amazing code, amazing support. Overall, im really confident in Botble and im happy I made the right choice! Thank you so much guys for coding this masterpiece','published','2025-01-21 09:39:33','2025-01-21 09:39:33','[\"products\\/product-4.jpg\",\"products\\/product-46.jpg\",\"products\\/product-60.jpg\",\"products\\/product-93.jpg\"]'),(135,5,NULL,NULL,37,5,'Amazing code, amazing support. Overall, im really confident in Botble and im happy I made the right choice! Thank you so much guys for coding this masterpiece','published','2025-01-21 09:39:33','2025-01-21 09:39:33','[\"products\\/product-30.jpg\",\"products\\/product-47.jpg\",\"products\\/product-89.jpg\",\"products\\/product-93.jpg\"]'),(136,2,NULL,NULL,42,2,'The best store template! Excellent coding! Very good support! Thank you so much for all the help, I really appreciated.','published','2025-01-21 09:39:33','2025-01-21 09:39:33','[\"products\\/product-29.jpg\"]'),(137,6,NULL,NULL,55,1,'Clean & perfect source code','published','2025-01-21 09:39:33','2025-01-21 09:39:33','[\"products\\/product-58.jpg\"]'),(138,10,NULL,NULL,69,3,'Amazing code, amazing support. Overall, im really confident in Botble and im happy I made the right choice! Thank you so much guys for coding this masterpiece','published','2025-01-21 09:39:33','2025-01-21 09:39:33','[\"products\\/product-72.jpg\"]'),(139,6,NULL,NULL,57,3,'Those guys now what they are doing, the release such a good product that it\'s a pleasure to work with ! Even when I was stuck on the project, I created a ticket and the next day it was replied by the team. GOOD JOB guys. I love working with them :)','published','2025-01-21 09:39:33','2025-01-21 09:39:33','[\"products\\/product-2.jpg\",\"products\\/product-41.jpg\",\"products\\/product-69.jpg\"]'),(140,2,NULL,NULL,27,1,'Cool template. Excellent code quality. The support responds very quickly, which is very rare on themeforest and codecanyon.net, I buy a lot of templates, and everyone will have a response from technical support for two or three days. Thanks to tech support. I recommend to buy.','published','2025-01-21 09:39:33','2025-01-21 09:39:33','[\"products\\/product-43.jpg\",\"products\\/product-91.jpg\"]'),(141,9,NULL,NULL,59,2,'Perfect +++++++++ i love it really also i get to fast ticket answers... Thanks Lot BOTBLE Teams','published','2025-01-21 09:39:33','2025-01-21 09:39:33','[\"products\\/product-32.jpg\",\"products\\/product-41.jpg\",\"products\\/product-48.jpg\"]'),(142,5,NULL,NULL,68,1,'Amazing code, amazing support. Overall, im really confident in Botble and im happy I made the right choice! Thank you so much guys for coding this masterpiece','published','2025-01-21 09:39:33','2025-01-21 09:39:33','[\"products\\/product-78.jpg\",\"products\\/product-79.jpg\"]'),(143,2,NULL,NULL,49,4,'Clean & perfect source code','published','2025-01-21 09:39:33','2025-01-21 09:39:33','[\"products\\/product-77.jpg\"]'),(144,9,NULL,NULL,55,1,'Perfect +++++++++ i love it really also i get to fast ticket answers... Thanks Lot BOTBLE Teams','published','2025-01-21 09:39:33','2025-01-21 09:39:33','[\"products\\/product-9.jpg\",\"products\\/product-69.jpg\",\"products\\/product-89.jpg\",\"products\\/product-95.jpg\"]'),(145,10,NULL,NULL,14,1,'For me the best eCommerce script on Envato at this moment: modern, clean code, a lot of great features. The customer support is great too: I always get an answer within hours!','published','2025-01-21 09:39:33','2025-01-21 09:39:33','[\"products\\/product-38.jpg\",\"products\\/product-81.jpg\"]'),(147,9,NULL,NULL,50,5,'Great system, great support, good job Botble. I\'m looking forward to more great functional plugins.','published','2025-01-21 09:39:33','2025-01-21 09:39:33','[\"products\\/product-73.jpg\"]'),(148,1,NULL,NULL,48,2,'Cool template. Excellent code quality. The support responds very quickly, which is very rare on themeforest and codecanyon.net, I buy a lot of templates, and everyone will have a response from technical support for two or three days. Thanks to tech support. I recommend to buy.','published','2025-01-21 09:39:33','2025-01-21 09:39:33','[\"products\\/product-26.jpg\",\"products\\/product-78.jpg\"]'),(149,3,NULL,NULL,4,1,'Best ecommerce CMS online store!','published','2025-01-21 09:39:33','2025-01-21 09:39:33','[\"products\\/product-7.jpg\",\"products\\/product-50.jpg\",\"products\\/product-69.jpg\"]'),(150,5,NULL,NULL,48,1,'Cool template. Excellent code quality. The support responds very quickly, which is very rare on themeforest and codecanyon.net, I buy a lot of templates, and everyone will have a response from technical support for two or three days. Thanks to tech support. I recommend to buy.','published','2025-01-21 09:39:33','2025-01-21 09:39:33','[\"products\\/product-19.jpg\",\"products\\/product-56.jpg\",\"products\\/product-81.jpg\"]'),(152,5,NULL,NULL,2,1,'Great system, great support, good job Botble. I\'m looking forward to more great functional plugins.','published','2025-01-21 09:39:33','2025-01-21 09:39:33','[\"products\\/product-49.jpg\",\"products\\/product-63.jpg\",\"products\\/product-69.jpg\",\"products\\/product-85.jpg\"]'),(153,4,NULL,NULL,24,5,'I Love this Script. I also found how to add other fees. Now I just wait the BIG update for the Marketplace with the Bulk Import. Just do not forget to make it to be Multi-language for us the Botble Fans.','published','2025-01-21 09:39:33','2025-01-21 09:39:33','[\"products\\/product-69.jpg\"]'),(154,10,NULL,NULL,7,2,'Good app, good backup service and support. Good documentation.','published','2025-01-21 09:39:33','2025-01-21 09:39:33','[\"products\\/product-5.jpg\",\"products\\/product-72.jpg\"]'),(155,7,NULL,NULL,35,5,'The code is good, in general, if you like it, can you give it 5 stars?','published','2025-01-21 09:39:33','2025-01-21 09:39:33','[\"products\\/product-42.jpg\",\"products\\/product-43.jpg\"]'),(156,9,NULL,NULL,39,2,'We have received brilliant service support and will be expanding the features with the developer. Nice product!','published','2025-01-21 09:39:33','2025-01-21 09:39:33','[\"products\\/pla-product-02.jpg\",\"products\\/product-56.jpg\",\"products\\/product-77.jpg\"]'),(157,9,NULL,NULL,3,3,'As a developer I reviewed this script. This is really awesome ecommerce script. I have convinced when I noticed that it\'s built on fully WordPress concept.','published','2025-01-21 09:39:33','2025-01-21 09:39:33','[\"products\\/product-25.jpg\",\"products\\/product-27.jpg\",\"products\\/product-75.jpg\",\"products\\/product-92.jpg\"]'),(158,8,NULL,NULL,59,4,'Solution is too robust for our purpose so we didn\'t use it at the end. But I appreciate customer support during initial configuration.','published','2025-01-21 09:39:33','2025-01-21 09:39:33','[\"products\\/product-49.jpg\",\"products\\/product-61.jpg\",\"products\\/product-68.jpg\"]'),(159,2,NULL,NULL,7,1,'Customer Support are grade (A*), however the code is a way too over engineered for it\'s purpose.','published','2025-01-21 09:39:33','2025-01-21 09:39:33','[\"products\\/product-9.jpg\"]'),(160,4,NULL,NULL,32,3,'Good app, good backup service and support. Good documentation.','published','2025-01-21 09:39:33','2025-01-21 09:39:33','[\"products\\/product-15.jpg\",\"products\\/product-34.jpg\",\"products\\/product-55.jpg\",\"products\\/product-89.jpg\"]'),(161,9,NULL,NULL,37,2,'Perfect +++++++++ i love it really also i get to fast ticket answers... Thanks Lot BOTBLE Teams','published','2025-01-21 09:39:33','2025-01-21 09:39:33','[\"products\\/product-46.jpg\",\"products\\/product-56.jpg\",\"products\\/product-65.jpg\",\"products\\/product-79.jpg\"]'),(162,7,NULL,NULL,64,1,'The code is good, in general, if you like it, can you give it 5 stars?','published','2025-01-21 09:39:33','2025-01-21 09:39:33','[\"products\\/product-48.jpg\"]'),(163,1,NULL,NULL,41,5,'Good app, good backup service and support. Good documentation.','published','2025-01-21 09:39:33','2025-01-21 09:39:33','[\"products\\/product-17.jpg\",\"products\\/product-22.jpg\",\"products\\/product-67.jpg\",\"products\\/product-91.jpg\"]'),(164,2,NULL,NULL,26,2,'Great E-commerce system. And much more : Wonderful Customer Support.','published','2025-01-21 09:39:33','2025-01-21 09:39:33','[\"products\\/product-2.jpg\",\"products\\/product-45.jpg\"]'),(165,7,NULL,NULL,61,3,'The script is the best of its class, fast, easy to implement and work with , and the most important thing is the great support team , Recommend with no doubt.','published','2025-01-21 09:39:33','2025-01-21 09:39:33','[\"products\\/product-18.jpg\",\"products\\/product-24.jpg\",\"products\\/product-26.jpg\",\"products\\/product-64.jpg\"]'),(166,4,NULL,NULL,6,1,'The best ecommerce CMS! Excellent coding! best support service! Thank you so much..... I really like your hard work.','published','2025-01-21 09:39:33','2025-01-21 09:39:33','[\"products\\/product-42.jpg\"]'),(167,5,NULL,NULL,59,2,'It\'s not my first experience here on Codecanyon and I can honestly tell you all that Botble puts a LOT of effort into the support. They answer so fast, they helped me tons of times. REALLY by far THE BEST EXPERIENCE on Codecanyon. Those guys at Botble are so good that they deserve 5 stars. I recommend them, I trust them and I can\'t wait to see what they will sell in a near future. Thank you Botble :)','published','2025-01-21 09:39:33','2025-01-21 09:39:33','[\"products\\/product-11.jpg\",\"products\\/product-37.jpg\",\"products\\/product-76.jpg\",\"products\\/product-94.jpg\"]'),(168,10,NULL,NULL,16,4,'Good app, good backup service and support. Good documentation.','published','2025-01-21 09:39:33','2025-01-21 09:39:33','[\"products\\/product-54.jpg\"]'),(169,1,NULL,NULL,7,2,'Those guys now what they are doing, the release such a good product that it\'s a pleasure to work with ! Even when I was stuck on the project, I created a ticket and the next day it was replied by the team. GOOD JOB guys. I love working with them :)','published','2025-01-21 09:39:33','2025-01-21 09:39:33','[\"products\\/product-1.jpg\",\"products\\/product-3.jpg\",\"products\\/product-8.jpg\",\"products\\/product-81.jpg\"]'),(170,4,NULL,NULL,70,2,'Great E-commerce system. And much more : Wonderful Customer Support.','published','2025-01-21 09:39:33','2025-01-21 09:39:33','[\"products\\/product-8.jpg\",\"products\\/product-21.jpg\",\"products\\/product-30.jpg\",\"products\\/product-46.jpg\"]'),(171,4,NULL,NULL,73,3,'For me the best eCommerce script on Envato at this moment: modern, clean code, a lot of great features. The customer support is great too: I always get an answer within hours!','published','2025-01-21 09:39:33','2025-01-21 09:39:33','[\"products\\/product-5.jpg\",\"products\\/product-11.jpg\"]'),(172,9,NULL,NULL,8,5,'We have received brilliant service support and will be expanding the features with the developer. Nice product!','published','2025-01-21 09:39:33','2025-01-21 09:39:33','[\"products\\/product-91.jpg\"]'),(173,7,NULL,NULL,15,1,'Those guys now what they are doing, the release such a good product that it\'s a pleasure to work with ! Even when I was stuck on the project, I created a ticket and the next day it was replied by the team. GOOD JOB guys. I love working with them :)','published','2025-01-21 09:39:33','2025-01-21 09:39:33','[\"products\\/product-13.jpg\",\"products\\/product-28.jpg\",\"products\\/product-40.jpg\",\"products\\/product-59.jpg\"]'),(174,4,NULL,NULL,9,1,'Clean & perfect source code','published','2025-01-21 09:39:33','2025-01-21 09:39:33','[\"products\\/product-59.jpg\",\"products\\/product-91.jpg\"]'),(175,10,NULL,NULL,8,3,'Very enthusiastic support! Excellent code is written. It\'s a true pleasure working with.','published','2025-01-21 09:39:33','2025-01-21 09:39:33','[\"products\\/product-50.jpg\",\"products\\/product-56.jpg\",\"products\\/product-76.jpg\"]'),(176,6,NULL,NULL,69,5,'It\'s not my first experience here on Codecanyon and I can honestly tell you all that Botble puts a LOT of effort into the support. They answer so fast, they helped me tons of times. REALLY by far THE BEST EXPERIENCE on Codecanyon. Those guys at Botble are so good that they deserve 5 stars. I recommend them, I trust them and I can\'t wait to see what they will sell in a near future. Thank you Botble :)','published','2025-01-21 09:39:33','2025-01-21 09:39:33','[\"products\\/product-15.jpg\",\"products\\/product-47.jpg\",\"products\\/product-51.jpg\"]'),(177,5,NULL,NULL,8,5,'Perfect +++++++++ i love it really also i get to fast ticket answers... Thanks Lot BOTBLE Teams','published','2025-01-21 09:39:33','2025-01-21 09:39:33','[\"products\\/pla-product-04.jpg\",\"products\\/product-38.jpg\",\"products\\/product-60.jpg\"]'),(179,4,NULL,NULL,4,2,'We have received brilliant service support and will be expanding the features with the developer. Nice product!','published','2025-01-21 09:39:33','2025-01-21 09:39:33','[\"products\\/product-27.jpg\"]'),(180,9,NULL,NULL,10,3,'This script is well coded and is super fast. The support is pretty quick. Very patient and helpful team. I strongly recommend it and they deserve more than 5 stars.','published','2025-01-21 09:39:33','2025-01-21 09:39:33','[\"products\\/product-22.jpg\",\"products\\/product-51.jpg\"]'),(181,10,NULL,NULL,53,5,'Best ecommerce CMS online store!','published','2025-01-21 09:39:33','2025-01-21 09:39:33','[\"products\\/product-25.jpg\",\"products\\/product-62.jpg\",\"products\\/product-83.jpg\",\"products\\/product-93.jpg\"]'),(182,9,NULL,NULL,7,5,'The best store template! Excellent coding! Very good support! Thank you so much for all the help, I really appreciated.','published','2025-01-21 09:39:33','2025-01-21 09:39:33','[\"products\\/product-23.jpg\",\"products\\/product-35.jpg\",\"products\\/product-50.jpg\"]'),(184,2,NULL,NULL,31,5,'Good app, good backup service and support. Good documentation.','published','2025-01-21 09:39:33','2025-01-21 09:39:33','[\"products\\/product-3.jpg\",\"products\\/product-35.jpg\",\"products\\/product-46.jpg\"]'),(185,4,NULL,NULL,74,5,'For me the best eCommerce script on Envato at this moment: modern, clean code, a lot of great features. The customer support is great too: I always get an answer within hours!','published','2025-01-21 09:39:33','2025-01-21 09:39:33','[\"products\\/product-9.jpg\",\"products\\/product-81.jpg\",\"products\\/product-86.jpg\",\"products\\/product-91.jpg\"]'),(186,2,NULL,NULL,45,2,'Good app, good backup service and support. Good documentation.','published','2025-01-21 09:39:33','2025-01-21 09:39:33','[\"products\\/product-80.jpg\"]'),(187,5,NULL,NULL,57,3,'Cool template. Excellent code quality. The support responds very quickly, which is very rare on themeforest and codecanyon.net, I buy a lot of templates, and everyone will have a response from technical support for two or three days. Thanks to tech support. I recommend to buy.','published','2025-01-21 09:39:33','2025-01-21 09:39:33','[\"products\\/product-4.jpg\",\"products\\/product-10.jpg\",\"products\\/product-20.jpg\",\"products\\/product-41.jpg\"]'),(189,7,NULL,NULL,42,4,'This web app is really good in design, code quality & features. Besides, the customer support provided by the Botble team was really fast & helpful. You guys are awesome!','published','2025-01-21 09:39:33','2025-01-21 09:39:33','[\"products\\/product-72.jpg\"]'),(190,7,NULL,NULL,27,2,'Cool template. Excellent code quality. The support responds very quickly, which is very rare on themeforest and codecanyon.net, I buy a lot of templates, and everyone will have a response from technical support for two or three days. Thanks to tech support. I recommend to buy.','published','2025-01-21 09:39:33','2025-01-21 09:39:33','[\"products\\/pla-product-01.jpg\",\"products\\/product-7.jpg\",\"products\\/product-33.jpg\",\"products\\/product-92.jpg\"]'),(192,8,NULL,NULL,48,1,'Good app, good backup service and support. Good documentation.','published','2025-01-21 09:39:33','2025-01-21 09:39:33','[\"products\\/product-13.jpg\",\"products\\/product-30.jpg\",\"products\\/product-45.jpg\"]'),(194,6,NULL,NULL,51,5,'Very enthusiastic support! Excellent code is written. It\'s a true pleasure working with.','published','2025-01-21 09:39:33','2025-01-21 09:39:33','[\"products\\/product-4.jpg\",\"products\\/product-7.jpg\",\"products\\/product-43.jpg\",\"products\\/product-65.jpg\"]'),(195,4,NULL,NULL,3,2,'This script is well coded and is super fast. The support is pretty quick. Very patient and helpful team. I strongly recommend it and they deserve more than 5 stars.','published','2025-01-21 09:39:33','2025-01-21 09:39:33','[\"products\\/product-13.jpg\",\"products\\/product-70.jpg\",\"products\\/product-83.jpg\",\"products\\/product-93.jpg\"]'),(196,4,NULL,NULL,34,5,'Solution is too robust for our purpose so we didn\'t use it at the end. But I appreciate customer support during initial configuration.','published','2025-01-21 09:39:33','2025-01-21 09:39:33','[\"products\\/pla-product-04.jpg\",\"products\\/product-12.jpg\",\"products\\/product-54.jpg\",\"products\\/product-61.jpg\"]'),(197,7,NULL,NULL,53,3,'This script is well coded and is super fast. The support is pretty quick. Very patient and helpful team. I strongly recommend it and they deserve more than 5 stars.','published','2025-01-21 09:39:33','2025-01-21 09:39:33','[\"products\\/pla-product-04.jpg\",\"products\\/product-31.jpg\",\"products\\/product-74.jpg\",\"products\\/product-77.jpg\"]'),(199,8,NULL,NULL,46,5,'I Love this Script. I also found how to add other fees. Now I just wait the BIG update for the Marketplace with the Bulk Import. Just do not forget to make it to be Multi-language for us the Botble Fans.','published','2025-01-21 09:39:33','2025-01-21 09:39:33','[\"products\\/product-10.jpg\",\"products\\/product-64.jpg\",\"products\\/product-88.jpg\"]'),(200,5,NULL,NULL,34,3,'Customer Support are grade (A*), however the code is a way too over engineered for it\'s purpose.','published','2025-01-21 09:39:33','2025-01-21 09:39:33','[\"products\\/product-13.jpg\",\"products\\/product-37.jpg\",\"products\\/product-70.jpg\",\"products\\/product-86.jpg\"]'),(202,8,NULL,NULL,37,4,'Great system, great support, good job Botble. I\'m looking forward to more great functional plugins.','published','2025-01-21 09:39:33','2025-01-21 09:39:33','[\"products\\/product-72.jpg\"]'),(203,2,NULL,NULL,10,3,'The best store template! Excellent coding! Very good support! Thank you so much for all the help, I really appreciated.','published','2025-01-21 09:39:33','2025-01-21 09:39:33','[\"products\\/product-74.jpg\"]'),(204,10,NULL,NULL,51,5,'This web app is really good in design, code quality & features. Besides, the customer support provided by the Botble team was really fast & helpful. You guys are awesome!','published','2025-01-21 09:39:33','2025-01-21 09:39:33','[\"products\\/product-20.jpg\",\"products\\/product-26.jpg\",\"products\\/product-64.jpg\",\"products\\/product-72.jpg\"]'),(205,8,NULL,NULL,30,4,'Good app, good backup service and support. Good documentation.','published','2025-01-21 09:39:33','2025-01-21 09:39:33','[\"products\\/product-61.jpg\"]'),(206,9,NULL,NULL,27,1,'Great E-commerce system. And much more : Wonderful Customer Support.','published','2025-01-21 09:39:33','2025-01-21 09:39:33','[\"products\\/product-16.jpg\",\"products\\/product-73.jpg\",\"products\\/product-87.jpg\"]'),(207,6,NULL,NULL,75,1,'Those guys now what they are doing, the release such a good product that it\'s a pleasure to work with ! Even when I was stuck on the project, I created a ticket and the next day it was replied by the team. GOOD JOB guys. I love working with them :)','published','2025-01-21 09:39:33','2025-01-21 09:39:33','[\"products\\/product-40.jpg\",\"products\\/product-45.jpg\",\"products\\/product-61.jpg\"]'),(210,6,NULL,NULL,38,3,'Very enthusiastic support! Excellent code is written. It\'s a true pleasure working with.','published','2025-01-21 09:39:33','2025-01-21 09:39:33','[\"products\\/product-16.jpg\",\"products\\/product-44.jpg\",\"products\\/product-72.jpg\",\"products\\/product-91.jpg\"]'),(211,9,NULL,NULL,74,3,'Amazing code, amazing support. Overall, im really confident in Botble and im happy I made the right choice! Thank you so much guys for coding this masterpiece','published','2025-01-21 09:39:33','2025-01-21 09:39:33','[\"products\\/product-5.jpg\",\"products\\/product-95.jpg\"]'),(212,10,NULL,NULL,71,4,'Second or third time that I buy a Botble product, happy with the products and support. You guys do a good job :)','published','2025-01-21 09:39:33','2025-01-21 09:39:33','[\"products\\/product-55.jpg\",\"products\\/product-57.jpg\",\"products\\/product-80.jpg\"]'),(213,1,NULL,NULL,11,3,'This script is well coded and is super fast. The support is pretty quick. Very patient and helpful team. I strongly recommend it and they deserve more than 5 stars.','published','2025-01-21 09:39:33','2025-01-21 09:39:33','[\"products\\/pla-product-01.jpg\",\"products\\/pla-product-04.jpg\",\"products\\/product-6.jpg\",\"products\\/product-55.jpg\"]'),(214,6,NULL,NULL,11,3,'This web app is really good in design, code quality & features. Besides, the customer support provided by the Botble team was really fast & helpful. You guys are awesome!','published','2025-01-21 09:39:33','2025-01-21 09:39:33','[\"products\\/product-12.jpg\",\"products\\/product-45.jpg\",\"products\\/product-59.jpg\"]'),(215,6,NULL,NULL,63,3,'Customer Support are grade (A*), however the code is a way too over engineered for it\'s purpose.','published','2025-01-21 09:39:33','2025-01-21 09:39:33','[\"products\\/product-32.jpg\",\"products\\/product-42.jpg\",\"products\\/product-95.jpg\"]'),(217,4,NULL,NULL,59,5,'Solution is too robust for our purpose so we didn\'t use it at the end. But I appreciate customer support during initial configuration.','published','2025-01-21 09:39:33','2025-01-21 09:39:33','[\"products\\/pla-product-03.jpg\",\"products\\/product-55.jpg\",\"products\\/product-72.jpg\",\"products\\/product-82.jpg\"]'),(219,1,NULL,NULL,65,3,'The best ecommerce CMS! Excellent coding! best support service! Thank you so much..... I really like your hard work.','published','2025-01-21 09:39:33','2025-01-21 09:39:33','[\"products\\/product-28.jpg\",\"products\\/product-47.jpg\",\"products\\/product-71.jpg\",\"products\\/product-74.jpg\"]'),(220,1,NULL,NULL,8,3,'Cool template. Excellent code quality. The support responds very quickly, which is very rare on themeforest and codecanyon.net, I buy a lot of templates, and everyone will have a response from technical support for two or three days. Thanks to tech support. I recommend to buy.','published','2025-01-21 09:39:33','2025-01-21 09:39:33','[\"products\\/product-90.jpg\"]'),(222,5,NULL,NULL,55,4,'Best ecommerce CMS online store!','published','2025-01-21 09:39:33','2025-01-21 09:39:33','[\"products\\/product-55.jpg\",\"products\\/product-69.jpg\",\"products\\/product-78.jpg\"]'),(223,3,NULL,NULL,21,2,'Cool template. Excellent code quality. The support responds very quickly, which is very rare on themeforest and codecanyon.net, I buy a lot of templates, and everyone will have a response from technical support for two or three days. Thanks to tech support. I recommend to buy.','published','2025-01-21 09:39:33','2025-01-21 09:39:33','[\"products\\/product-56.jpg\"]'),(224,6,NULL,NULL,48,2,'The best ecommerce CMS! Excellent coding! best support service! Thank you so much..... I really like your hard work.','published','2025-01-21 09:39:33','2025-01-21 09:39:33','[\"products\\/pla-product-01.jpg\",\"products\\/product-74.jpg\"]'),(225,6,NULL,NULL,70,4,'Good app, good backup service and support. Good documentation.','published','2025-01-21 09:39:33','2025-01-21 09:39:33','[\"products\\/product-25.jpg\",\"products\\/product-42.jpg\",\"products\\/product-94.jpg\"]'),(226,9,NULL,NULL,29,2,'The best store template! Excellent coding! Very good support! Thank you so much for all the help, I really appreciated.','published','2025-01-21 09:39:33','2025-01-21 09:39:33','[\"products\\/product-50.jpg\",\"products\\/product-80.jpg\"]'),(228,7,NULL,NULL,14,2,'The code is good, in general, if you like it, can you give it 5 stars?','published','2025-01-21 09:39:33','2025-01-21 09:39:33','[\"products\\/product-6.jpg\",\"products\\/product-88.jpg\"]'),(232,1,NULL,NULL,36,2,'Very enthusiastic support! Excellent code is written. It\'s a true pleasure working with.','published','2025-01-21 09:39:33','2025-01-21 09:39:33','[\"products\\/product-49.jpg\",\"products\\/product-64.jpg\",\"products\\/product-90.jpg\"]'),(233,10,NULL,NULL,25,2,'The script is the best of its class, fast, easy to implement and work with , and the most important thing is the great support team , Recommend with no doubt.','published','2025-01-21 09:39:33','2025-01-21 09:39:33','[\"products\\/product-13.jpg\"]'),(234,3,NULL,NULL,65,4,'We have received brilliant service support and will be expanding the features with the developer. Nice product!','published','2025-01-21 09:39:33','2025-01-21 09:39:33','[\"products\\/product-10.jpg\",\"products\\/product-32.jpg\",\"products\\/product-53.jpg\",\"products\\/product-89.jpg\"]'),(235,9,NULL,NULL,1,4,'As a developer I reviewed this script. This is really awesome ecommerce script. I have convinced when I noticed that it\'s built on fully WordPress concept.','published','2025-01-21 09:39:33','2025-01-21 09:39:33','[\"products\\/product-34.jpg\"]'),(236,10,NULL,NULL,35,2,'Second or third time that I buy a Botble product, happy with the products and support. You guys do a good job :)','published','2025-01-21 09:39:33','2025-01-21 09:39:33','[\"products\\/product-24.jpg\",\"products\\/product-87.jpg\"]'),(237,2,NULL,NULL,1,4,'For me the best eCommerce script on Envato at this moment: modern, clean code, a lot of great features. The customer support is great too: I always get an answer within hours!','published','2025-01-21 09:39:33','2025-01-21 09:39:33','[\"products\\/product-43.jpg\",\"products\\/product-94.jpg\"]'),(239,7,NULL,NULL,72,5,'We have received brilliant service support and will be expanding the features with the developer. Nice product!','published','2025-01-21 09:39:33','2025-01-21 09:39:33','[\"products\\/product-13.jpg\",\"products\\/product-14.jpg\",\"products\\/product-46.jpg\",\"products\\/product-72.jpg\"]'),(241,2,NULL,NULL,12,3,'For me the best eCommerce script on Envato at this moment: modern, clean code, a lot of great features. The customer support is great too: I always get an answer within hours!','published','2025-01-21 09:39:33','2025-01-21 09:39:33','[\"products\\/product-17.jpg\",\"products\\/product-30.jpg\"]'),(242,3,NULL,NULL,52,2,'The best store template! Excellent coding! Very good support! Thank you so much for all the help, I really appreciated.','published','2025-01-21 09:39:33','2025-01-21 09:39:33','[\"products\\/product-40.jpg\"]'),(243,5,NULL,NULL,71,3,'I Love this Script. I also found how to add other fees. Now I just wait the BIG update for the Marketplace with the Bulk Import. Just do not forget to make it to be Multi-language for us the Botble Fans.','published','2025-01-21 09:39:33','2025-01-21 09:39:33','[\"products\\/product-30.jpg\",\"products\\/product-72.jpg\",\"products\\/product-91.jpg\"]'),(245,7,NULL,NULL,22,1,'The best store template! Excellent coding! Very good support! Thank you so much for all the help, I really appreciated.','published','2025-01-21 09:39:33','2025-01-21 09:39:33','[\"products\\/product-16.jpg\",\"products\\/product-53.jpg\",\"products\\/product-71.jpg\"]'),(246,5,NULL,NULL,45,2,'Good app, good backup service and support. Good documentation.','published','2025-01-21 09:39:33','2025-01-21 09:39:33','[\"products\\/product-7.jpg\",\"products\\/product-20.jpg\",\"products\\/product-62.jpg\"]'),(248,9,NULL,NULL,63,1,'It\'s not my first experience here on Codecanyon and I can honestly tell you all that Botble puts a LOT of effort into the support. They answer so fast, they helped me tons of times. REALLY by far THE BEST EXPERIENCE on Codecanyon. Those guys at Botble are so good that they deserve 5 stars. I recommend them, I trust them and I can\'t wait to see what they will sell in a near future. Thank you Botble :)','published','2025-01-21 09:39:33','2025-01-21 09:39:33','[\"products\\/product-1.jpg\",\"products\\/product-22.jpg\",\"products\\/product-58.jpg\",\"products\\/product-66.jpg\"]'),(249,9,NULL,NULL,42,3,'The best store template! Excellent coding! Very good support! Thank you so much for all the help, I really appreciated.','published','2025-01-21 09:39:33','2025-01-21 09:39:33','[\"products\\/product-65.jpg\",\"products\\/product-69.jpg\",\"products\\/product-89.jpg\",\"products\\/product-95.jpg\"]'),(250,7,NULL,NULL,45,1,'Clean & perfect source code','published','2025-01-21 09:39:33','2025-01-21 09:39:33','[\"products\\/product-20.jpg\",\"products\\/product-30.jpg\",\"products\\/product-31.jpg\",\"products\\/product-67.jpg\"]'),(251,2,NULL,NULL,66,5,'For me the best eCommerce script on Envato at this moment: modern, clean code, a lot of great features. The customer support is great too: I always get an answer within hours!','published','2025-01-21 09:39:33','2025-01-21 09:39:33','[\"products\\/product-28.jpg\"]'),(252,6,NULL,NULL,25,3,'Solution is too robust for our purpose so we didn\'t use it at the end. But I appreciate customer support during initial configuration.','published','2025-01-21 09:39:33','2025-01-21 09:39:33','[\"products\\/product-11.jpg\",\"products\\/product-51.jpg\",\"products\\/product-85.jpg\",\"products\\/product-91.jpg\"]'),(253,3,NULL,NULL,54,5,'Perfect +++++++++ i love it really also i get to fast ticket answers... Thanks Lot BOTBLE Teams','published','2025-01-21 09:39:33','2025-01-21 09:39:33','[\"products\\/product-62.jpg\",\"products\\/product-83.jpg\"]'),(254,8,NULL,NULL,67,1,'The best ecommerce CMS! Excellent coding! best support service! Thank you so much..... I really like your hard work.','published','2025-01-21 09:39:33','2025-01-21 09:39:33','[\"products\\/product-15.jpg\",\"products\\/product-29.jpg\",\"products\\/product-67.jpg\",\"products\\/product-86.jpg\"]'),(255,5,NULL,NULL,75,3,'Perfect +++++++++ i love it really also i get to fast ticket answers... Thanks Lot BOTBLE Teams','published','2025-01-21 09:39:33','2025-01-21 09:39:33','[\"products\\/product-1.jpg\",\"products\\/product-79.jpg\",\"products\\/product-95.jpg\"]'),(258,6,NULL,NULL,34,4,'Perfect +++++++++ i love it really also i get to fast ticket answers... Thanks Lot BOTBLE Teams','published','2025-01-21 09:39:33','2025-01-21 09:39:33','[\"products\\/product-95.jpg\"]'),(259,3,NULL,NULL,63,3,'I Love this Script. I also found how to add other fees. Now I just wait the BIG update for the Marketplace with the Bulk Import. Just do not forget to make it to be Multi-language for us the Botble Fans.','published','2025-01-21 09:39:33','2025-01-21 09:39:33','[\"products\\/product-9.jpg\",\"products\\/product-34.jpg\",\"products\\/product-36.jpg\",\"products\\/product-53.jpg\"]'),(260,10,NULL,NULL,30,4,'Great E-commerce system. And much more : Wonderful Customer Support.','published','2025-01-21 09:39:33','2025-01-21 09:39:33','[\"products\\/product-26.jpg\",\"products\\/product-75.jpg\",\"products\\/product-84.jpg\"]'),(261,8,NULL,NULL,52,4,'Customer Support are grade (A*), however the code is a way too over engineered for it\'s purpose.','published','2025-01-21 09:39:33','2025-01-21 09:39:33','[\"products\\/product-5.jpg\",\"products\\/product-64.jpg\",\"products\\/product-94.jpg\"]'),(262,2,NULL,NULL,24,1,'Very enthusiastic support! Excellent code is written. It\'s a true pleasure working with.','published','2025-01-21 09:39:33','2025-01-21 09:39:33','[\"products\\/product-26.jpg\"]'),(263,5,NULL,NULL,46,1,'This web app is really good in design, code quality & features. Besides, the customer support provided by the Botble team was really fast & helpful. You guys are awesome!','published','2025-01-21 09:39:33','2025-01-21 09:39:33','[\"products\\/product-71.jpg\"]'),(264,8,NULL,NULL,69,2,'For me the best eCommerce script on Envato at this moment: modern, clean code, a lot of great features. The customer support is great too: I always get an answer within hours!','published','2025-01-21 09:39:33','2025-01-21 09:39:33','[\"products\\/pla-product-03.jpg\"]'),(267,7,NULL,NULL,19,3,'The best ecommerce CMS! Excellent coding! best support service! Thank you so much..... I really like your hard work.','published','2025-01-21 09:39:33','2025-01-21 09:39:33','[\"products\\/product-9.jpg\",\"products\\/product-10.jpg\",\"products\\/product-15.jpg\",\"products\\/product-57.jpg\"]'),(268,7,NULL,NULL,3,3,'We have received brilliant service support and will be expanding the features with the developer. Nice product!','published','2025-01-21 09:39:33','2025-01-21 09:39:33','[\"products\\/pla-product-03.jpg\",\"products\\/product-65.jpg\",\"products\\/product-72.jpg\"]'),(269,7,NULL,NULL,50,4,'Those guys now what they are doing, the release such a good product that it\'s a pleasure to work with ! Even when I was stuck on the project, I created a ticket and the next day it was replied by the team. GOOD JOB guys. I love working with them :)','published','2025-01-21 09:39:33','2025-01-21 09:39:33','[\"products\\/product-9.jpg\",\"products\\/product-13.jpg\",\"products\\/product-57.jpg\"]'),(270,2,NULL,NULL,14,3,'Ok good product. I have some issues in customizations. But its not correct to blame the developer. The product is good. Good luck for your business.','published','2025-01-21 09:39:33','2025-01-21 09:39:33','[\"products\\/pla-product-03.jpg\",\"products\\/product-8.jpg\",\"products\\/product-27.jpg\",\"products\\/product-34.jpg\"]'),(271,9,NULL,NULL,69,2,'Very enthusiastic support! Excellent code is written. It\'s a true pleasure working with.','published','2025-01-21 09:39:33','2025-01-21 09:39:33','[\"products\\/product-17.jpg\",\"products\\/product-37.jpg\",\"products\\/product-40.jpg\",\"products\\/product-50.jpg\"]'),(272,4,NULL,NULL,54,5,'The best ecommerce CMS! Excellent coding! best support service! Thank you so much..... I really like your hard work.','published','2025-01-21 09:39:33','2025-01-21 09:39:33','[\"products\\/pla-product-02.jpg\",\"products\\/product-38.jpg\",\"products\\/product-42.jpg\"]'),(274,6,NULL,NULL,61,1,'As a developer I reviewed this script. This is really awesome ecommerce script. I have convinced when I noticed that it\'s built on fully WordPress concept.','published','2025-01-21 09:39:33','2025-01-21 09:39:33','[\"products\\/product-42.jpg\",\"products\\/product-53.jpg\"]'),(275,9,NULL,NULL,16,1,'This web app is really good in design, code quality & features. Besides, the customer support provided by the Botble team was really fast & helpful. You guys are awesome!','published','2025-01-21 09:39:33','2025-01-21 09:39:33','[\"products\\/pla-product-01.jpg\",\"products\\/product-3.jpg\",\"products\\/product-57.jpg\",\"products\\/product-58.jpg\"]'),(276,5,NULL,NULL,13,1,'Very enthusiastic support! Excellent code is written. It\'s a true pleasure working with.','published','2025-01-21 09:39:33','2025-01-21 09:39:33','[\"products\\/product-10.jpg\",\"products\\/product-16.jpg\",\"products\\/product-71.jpg\"]'),(277,7,NULL,NULL,30,5,'Very enthusiastic support! Excellent code is written. It\'s a true pleasure working with.','published','2025-01-21 09:39:33','2025-01-21 09:39:33','[\"products\\/pla-product-03.jpg\",\"products\\/product-33.jpg\",\"products\\/product-37.jpg\",\"products\\/product-57.jpg\"]'),(278,10,NULL,NULL,60,1,'As a developer I reviewed this script. This is really awesome ecommerce script. I have convinced when I noticed that it\'s built on fully WordPress concept.','published','2025-01-21 09:39:33','2025-01-21 09:39:33','[\"products\\/product-62.jpg\"]'),(280,3,NULL,NULL,38,3,'Clean & perfect source code','published','2025-01-21 09:39:33','2025-01-21 09:39:33','[\"products\\/product-40.jpg\"]'),(281,2,NULL,NULL,59,4,'Those guys now what they are doing, the release such a good product that it\'s a pleasure to work with ! Even when I was stuck on the project, I created a ticket and the next day it was replied by the team. GOOD JOB guys. I love working with them :)','published','2025-01-21 09:39:33','2025-01-21 09:39:33','[\"products\\/product-26.jpg\",\"products\\/product-37.jpg\",\"products\\/product-58.jpg\",\"products\\/product-72.jpg\"]'),(282,8,NULL,NULL,63,3,'The best ecommerce CMS! Excellent coding! best support service! Thank you so much..... I really like your hard work.','published','2025-01-21 09:39:33','2025-01-21 09:39:33','[\"products\\/product-10.jpg\"]'),(285,3,NULL,NULL,22,5,'Great system, great support, good job Botble. I\'m looking forward to more great functional plugins.','published','2025-01-21 09:39:33','2025-01-21 09:39:33','[\"products\\/product-63.jpg\"]'),(287,3,NULL,NULL,44,5,'Good app, good backup service and support. Good documentation.','published','2025-01-21 09:39:33','2025-01-21 09:39:33','[\"products\\/product-7.jpg\",\"products\\/product-28.jpg\",\"products\\/product-60.jpg\",\"products\\/product-85.jpg\"]'),(288,9,NULL,NULL,58,4,'Great E-commerce system. And much more : Wonderful Customer Support.','published','2025-01-21 09:39:33','2025-01-21 09:39:33','[\"products\\/pla-product-03.jpg\",\"products\\/product-12.jpg\",\"products\\/product-39.jpg\"]'),(289,10,NULL,NULL,9,5,'Solution is too robust for our purpose so we didn\'t use it at the end. But I appreciate customer support during initial configuration.','published','2025-01-21 09:39:33','2025-01-21 09:39:33','[\"products\\/product-38.jpg\",\"products\\/product-56.jpg\",\"products\\/product-78.jpg\",\"products\\/product-80.jpg\"]'),(296,9,NULL,NULL,21,5,'Great system, great support, good job Botble. I\'m looking forward to more great functional plugins.','published','2025-01-21 09:39:33','2025-01-21 09:39:33','[\"products\\/product-23.jpg\"]'),(298,5,NULL,NULL,67,4,'Good app, good backup service and support. Good documentation.','published','2025-01-21 09:39:33','2025-01-21 09:39:33','[\"products\\/product-66.jpg\",\"products\\/product-73.jpg\"]'),(299,9,NULL,NULL,24,2,'Great E-commerce system. And much more : Wonderful Customer Support.','published','2025-01-21 09:39:33','2025-01-21 09:39:33','[\"products\\/product-46.jpg\",\"products\\/product-54.jpg\",\"products\\/product-72.jpg\"]'),(300,5,NULL,NULL,47,3,'Great system, great support, good job Botble. I\'m looking forward to more great functional plugins.','published','2025-01-21 09:39:33','2025-01-21 09:39:33','[\"products\\/product-9.jpg\",\"products\\/product-11.jpg\",\"products\\/product-16.jpg\",\"products\\/product-25.jpg\"]'),(301,1,NULL,NULL,60,3,'Clean & perfect source code','published','2025-01-21 09:39:33','2025-01-21 09:39:33','[\"products\\/product-12.jpg\",\"products\\/product-54.jpg\",\"products\\/product-61.jpg\",\"products\\/product-92.jpg\"]'),(302,9,NULL,NULL,49,3,'Good app, good backup service and support. Good documentation.','published','2025-01-21 09:39:33','2025-01-21 09:39:33','[\"products\\/product-68.jpg\"]'),(303,4,NULL,NULL,35,3,'As a developer I reviewed this script. This is really awesome ecommerce script. I have convinced when I noticed that it\'s built on fully WordPress concept.','published','2025-01-21 09:39:33','2025-01-21 09:39:33','[\"products\\/product-10.jpg\",\"products\\/product-73.jpg\"]'),(304,10,NULL,NULL,75,3,'As a developer I reviewed this script. This is really awesome ecommerce script. I have convinced when I noticed that it\'s built on fully WordPress concept.','published','2025-01-21 09:39:33','2025-01-21 09:39:33','[\"products\\/product-16.jpg\"]'),(305,5,NULL,NULL,56,5,'The code is good, in general, if you like it, can you give it 5 stars?','published','2025-01-21 09:39:33','2025-01-21 09:39:33','[\"products\\/product-14.jpg\",\"products\\/product-32.jpg\",\"products\\/product-75.jpg\",\"products\\/product-85.jpg\"]'),(306,2,NULL,NULL,8,4,'The code is good, in general, if you like it, can you give it 5 stars?','published','2025-01-21 09:39:33','2025-01-21 09:39:33','[\"products\\/product-1.jpg\",\"products\\/product-78.jpg\"]'),(307,10,NULL,NULL,72,5,'I Love this Script. I also found how to add other fees. Now I just wait the BIG update for the Marketplace with the Bulk Import. Just do not forget to make it to be Multi-language for us the Botble Fans.','published','2025-01-21 09:39:33','2025-01-21 09:39:33','[\"products\\/pla-product-04.jpg\",\"products\\/product-25.jpg\",\"products\\/product-26.jpg\",\"products\\/product-32.jpg\"]'),(308,6,NULL,NULL,36,2,'Amazing code, amazing support. Overall, im really confident in Botble and im happy I made the right choice! Thank you so much guys for coding this masterpiece','published','2025-01-21 09:39:33','2025-01-21 09:39:33','[\"products\\/pla-product-04.jpg\",\"products\\/product-25.jpg\"]'),(309,3,NULL,NULL,33,3,'Good app, good backup service and support. Good documentation.','published','2025-01-21 09:39:33','2025-01-21 09:39:33','[\"products\\/product-9.jpg\",\"products\\/product-23.jpg\",\"products\\/product-65.jpg\"]'),(312,5,NULL,NULL,25,4,'Good app, good backup service and support. Good documentation.','published','2025-01-21 09:39:33','2025-01-21 09:39:33','[\"products\\/product-41.jpg\"]'),(313,6,NULL,NULL,12,5,'Great E-commerce system. And much more : Wonderful Customer Support.','published','2025-01-21 09:39:33','2025-01-21 09:39:33','[\"products\\/product-83.jpg\"]'),(314,6,NULL,NULL,54,4,'Best ecommerce CMS online store!','published','2025-01-21 09:39:33','2025-01-21 09:39:33','[\"products\\/product-11.jpg\",\"products\\/product-17.jpg\",\"products\\/product-32.jpg\"]'),(315,8,NULL,NULL,15,4,'Best ecommerce CMS online store!','published','2025-01-21 09:39:33','2025-01-21 09:39:33','[\"products\\/product-5.jpg\",\"products\\/product-48.jpg\",\"products\\/product-92.jpg\",\"products\\/product-93.jpg\"]'),(316,3,NULL,NULL,41,5,'This web app is really good in design, code quality & features. Besides, the customer support provided by the Botble team was really fast & helpful. You guys are awesome!','published','2025-01-21 09:39:33','2025-01-21 09:39:33','[\"products\\/product-5.jpg\",\"products\\/product-34.jpg\",\"products\\/product-49.jpg\",\"products\\/product-73.jpg\"]'),(317,2,NULL,NULL,35,2,'This web app is really good in design, code quality & features. Besides, the customer support provided by the Botble team was really fast & helpful. You guys are awesome!','published','2025-01-21 09:39:33','2025-01-21 09:39:33','[\"products\\/product-7.jpg\",\"products\\/product-18.jpg\",\"products\\/product-32.jpg\"]'),(318,4,NULL,NULL,15,4,'Second or third time that I buy a Botble product, happy with the products and support. You guys do a good job :)','published','2025-01-21 09:39:33','2025-01-21 09:39:33','[\"products\\/product-51.jpg\"]'),(319,2,NULL,NULL,73,4,'This web app is really good in design, code quality & features. Besides, the customer support provided by the Botble team was really fast & helpful. You guys are awesome!','published','2025-01-21 09:39:33','2025-01-21 09:39:33','[\"products\\/product-44.jpg\",\"products\\/product-63.jpg\",\"products\\/product-69.jpg\",\"products\\/product-86.jpg\"]'),(321,8,NULL,NULL,56,4,'We have received brilliant service support and will be expanding the features with the developer. Nice product!','published','2025-01-21 09:39:33','2025-01-21 09:39:33','[\"products\\/product-31.jpg\"]'),(322,2,NULL,NULL,41,3,'Good app, good backup service and support. Good documentation.','published','2025-01-21 09:39:33','2025-01-21 09:39:33','[\"products\\/product-7.jpg\",\"products\\/product-36.jpg\",\"products\\/product-53.jpg\",\"products\\/product-60.jpg\"]'),(323,4,NULL,NULL,61,2,'The best store template! Excellent coding! Very good support! Thank you so much for all the help, I really appreciated.','published','2025-01-21 09:39:33','2025-01-21 09:39:33','[\"products\\/product-63.jpg\",\"products\\/product-78.jpg\"]'),(325,10,NULL,NULL,54,3,'Ok good product. I have some issues in customizations. But its not correct to blame the developer. The product is good. Good luck for your business.','published','2025-01-21 09:39:33','2025-01-21 09:39:33','[\"products\\/product-73.jpg\"]'),(326,7,NULL,NULL,32,5,'The best store template! Excellent coding! Very good support! Thank you so much for all the help, I really appreciated.','published','2025-01-21 09:39:33','2025-01-21 09:39:33','[\"products\\/product-51.jpg\",\"products\\/product-67.jpg\",\"products\\/product-68.jpg\",\"products\\/product-92.jpg\"]'),(327,10,NULL,NULL,12,5,'Ok good product. I have some issues in customizations. But its not correct to blame the developer. The product is good. Good luck for your business.','published','2025-01-21 09:39:33','2025-01-21 09:39:33','[\"products\\/pla-product-04.jpg\",\"products\\/product-79.jpg\"]'),(328,9,NULL,NULL,60,2,'This web app is really good in design, code quality & features. Besides, the customer support provided by the Botble team was really fast & helpful. You guys are awesome!','published','2025-01-21 09:39:33','2025-01-21 09:39:33','[\"products\\/product-48.jpg\"]'),(329,10,NULL,NULL,6,1,'Second or third time that I buy a Botble product, happy with the products and support. You guys do a good job :)','published','2025-01-21 09:39:33','2025-01-21 09:39:33','[\"products\\/product-36.jpg\",\"products\\/product-64.jpg\",\"products\\/product-88.jpg\"]'),(335,2,NULL,NULL,51,5,'This web app is really good in design, code quality & features. Besides, the customer support provided by the Botble team was really fast & helpful. You guys are awesome!','published','2025-01-21 09:39:33','2025-01-21 09:39:33','[\"products\\/product-13.jpg\"]'),(336,7,NULL,NULL,9,1,'These guys are amazing! Responses immediately, amazing support and help... I immediately feel at ease after Purchasing..','published','2025-01-21 09:39:33','2025-01-21 09:39:33','[\"products\\/product-14.jpg\",\"products\\/product-32.jpg\"]'),(338,6,NULL,NULL,5,4,'Those guys now what they are doing, the release such a good product that it\'s a pleasure to work with ! Even when I was stuck on the project, I created a ticket and the next day it was replied by the team. GOOD JOB guys. I love working with them :)','published','2025-01-21 09:39:33','2025-01-21 09:39:33','[\"products\\/product-25.jpg\",\"products\\/product-45.jpg\",\"products\\/product-67.jpg\"]'),(339,8,NULL,NULL,31,3,'Perfect +++++++++ i love it really also i get to fast ticket answers... Thanks Lot BOTBLE Teams','published','2025-01-21 09:39:33','2025-01-21 09:39:33','[\"products\\/product-19.jpg\",\"products\\/product-26.jpg\",\"products\\/product-30.jpg\"]'),(341,4,NULL,NULL,57,5,'This web app is really good in design, code quality & features. Besides, the customer support provided by the Botble team was really fast & helpful. You guys are awesome!','published','2025-01-21 09:39:33','2025-01-21 09:39:33','[\"products\\/product-18.jpg\",\"products\\/product-57.jpg\",\"products\\/product-58.jpg\",\"products\\/product-63.jpg\"]'),(342,7,NULL,NULL,52,5,'It\'s not my first experience here on Codecanyon and I can honestly tell you all that Botble puts a LOT of effort into the support. They answer so fast, they helped me tons of times. REALLY by far THE BEST EXPERIENCE on Codecanyon. Those guys at Botble are so good that they deserve 5 stars. I recommend them, I trust them and I can\'t wait to see what they will sell in a near future. Thank you Botble :)','published','2025-01-21 09:39:33','2025-01-21 09:39:33','[\"products\\/product-33.jpg\",\"products\\/product-37.jpg\",\"products\\/product-48.jpg\",\"products\\/product-62.jpg\"]'),(344,4,NULL,NULL,8,4,'These guys are amazing! Responses immediately, amazing support and help... I immediately feel at ease after Purchasing..','published','2025-01-21 09:39:33','2025-01-21 09:39:33','[\"products\\/product-2.jpg\",\"products\\/product-13.jpg\",\"products\\/product-14.jpg\",\"products\\/product-66.jpg\"]'),(345,7,NULL,NULL,65,1,'As a developer I reviewed this script. This is really awesome ecommerce script. I have convinced when I noticed that it\'s built on fully WordPress concept.','published','2025-01-21 09:39:33','2025-01-21 09:39:33','[\"products\\/product-5.jpg\",\"products\\/product-60.jpg\",\"products\\/product-71.jpg\"]'),(346,8,NULL,NULL,64,4,'Solution is too robust for our purpose so we didn\'t use it at the end. But I appreciate customer support during initial configuration.','published','2025-01-21 09:39:33','2025-01-21 09:39:33','[\"products\\/product-82.jpg\"]'),(347,3,NULL,NULL,70,4,'As a developer I reviewed this script. This is really awesome ecommerce script. I have convinced when I noticed that it\'s built on fully WordPress concept.','published','2025-01-21 09:39:33','2025-01-21 09:39:33','[\"products\\/product-57.jpg\",\"products\\/product-63.jpg\"]'),(348,4,NULL,NULL,64,2,'Solution is too robust for our purpose so we didn\'t use it at the end. But I appreciate customer support during initial configuration.','published','2025-01-21 09:39:33','2025-01-21 09:39:33','[\"products\\/product-4.jpg\",\"products\\/product-51.jpg\"]'),(349,10,NULL,NULL,49,2,'Best ecommerce CMS online store!','published','2025-01-21 09:39:33','2025-01-21 09:39:33','[\"products\\/product-33.jpg\",\"products\\/product-76.jpg\",\"products\\/product-82.jpg\"]'),(350,8,NULL,NULL,75,2,'Good app, good backup service and support. Good documentation.','published','2025-01-21 09:39:33','2025-01-21 09:39:33','[\"products\\/pla-product-03.jpg\",\"products\\/product-90.jpg\"]'),(352,9,NULL,NULL,5,4,'Amazing code, amazing support. Overall, im really confident in Botble and im happy I made the right choice! Thank you so much guys for coding this masterpiece','published','2025-01-21 09:39:33','2025-01-21 09:39:33','[\"products\\/product-5.jpg\",\"products\\/product-92.jpg\"]'),(353,1,NULL,NULL,33,4,'The code is good, in general, if you like it, can you give it 5 stars?','published','2025-01-21 09:39:33','2025-01-21 09:39:33','[\"products\\/pla-product-01.jpg\"]'),(354,1,NULL,NULL,42,3,'This web app is really good in design, code quality & features. Besides, the customer support provided by the Botble team was really fast & helpful. You guys are awesome!','published','2025-01-21 09:39:33','2025-01-21 09:39:33','[\"products\\/product-46.jpg\"]'),(355,1,NULL,NULL,5,5,'Ok good product. I have some issues in customizations. But its not correct to blame the developer. The product is good. Good luck for your business.','published','2025-01-21 09:39:33','2025-01-21 09:39:33','[\"products\\/product-35.jpg\",\"products\\/product-40.jpg\"]'),(356,9,NULL,NULL,17,5,'This script is well coded and is super fast. The support is pretty quick. Very patient and helpful team. I strongly recommend it and they deserve more than 5 stars.','published','2025-01-21 09:39:33','2025-01-21 09:39:33','[\"products\\/product-18.jpg\"]'),(357,6,NULL,NULL,16,2,'Customer Support are grade (A*), however the code is a way too over engineered for it\'s purpose.','published','2025-01-21 09:39:33','2025-01-21 09:39:33','[\"products\\/product-66.jpg\",\"products\\/product-73.jpg\"]'),(358,3,NULL,NULL,34,1,'Best ecommerce CMS online store!','published','2025-01-21 09:39:33','2025-01-21 09:39:33','[\"products\\/product-30.jpg\",\"products\\/product-31.jpg\",\"products\\/product-55.jpg\",\"products\\/product-89.jpg\"]'),(359,7,NULL,NULL,49,1,'Customer Support are grade (A*), however the code is a way too over engineered for it\'s purpose.','published','2025-01-21 09:39:33','2025-01-21 09:39:33','[\"products\\/product-57.jpg\",\"products\\/product-83.jpg\",\"products\\/product-90.jpg\"]'),(361,9,NULL,NULL,45,4,'For me the best eCommerce script on Envato at this moment: modern, clean code, a lot of great features. The customer support is great too: I always get an answer within hours!','published','2025-01-21 09:39:33','2025-01-21 09:39:33','[\"products\\/product-54.jpg\"]'),(362,4,NULL,NULL,40,3,'Very enthusiastic support! Excellent code is written. It\'s a true pleasure working with.','published','2025-01-21 09:39:33','2025-01-21 09:39:33','[\"products\\/product-2.jpg\",\"products\\/product-34.jpg\",\"products\\/product-36.jpg\"]'),(363,2,NULL,NULL,58,2,'Best ecommerce CMS online store!','published','2025-01-21 09:39:33','2025-01-21 09:39:33','[\"products\\/product-34.jpg\",\"products\\/product-44.jpg\",\"products\\/product-93.jpg\"]'),(368,8,NULL,NULL,60,4,'For me the best eCommerce script on Envato at this moment: modern, clean code, a lot of great features. The customer support is great too: I always get an answer within hours!','published','2025-01-21 09:39:33','2025-01-21 09:39:33','[\"products\\/product-9.jpg\",\"products\\/product-39.jpg\",\"products\\/product-69.jpg\",\"products\\/product-94.jpg\"]'),(369,3,NULL,NULL,62,2,'As a developer I reviewed this script. This is really awesome ecommerce script. I have convinced when I noticed that it\'s built on fully WordPress concept.','published','2025-01-21 09:39:33','2025-01-21 09:39:33','[\"products\\/product-14.jpg\",\"products\\/product-43.jpg\",\"products\\/product-48.jpg\",\"products\\/product-60.jpg\"]'),(370,7,NULL,NULL,43,2,'It\'s not my first experience here on Codecanyon and I can honestly tell you all that Botble puts a LOT of effort into the support. They answer so fast, they helped me tons of times. REALLY by far THE BEST EXPERIENCE on Codecanyon. Those guys at Botble are so good that they deserve 5 stars. I recommend them, I trust them and I can\'t wait to see what they will sell in a near future. Thank you Botble :)','published','2025-01-21 09:39:33','2025-01-21 09:39:33','[\"products\\/product-11.jpg\",\"products\\/product-42.jpg\",\"products\\/product-48.jpg\",\"products\\/product-89.jpg\"]'),(372,1,NULL,NULL,74,5,'Second or third time that I buy a Botble product, happy with the products and support. You guys do a good job :)','published','2025-01-21 09:39:33','2025-01-21 09:39:33','[\"products\\/product-14.jpg\",\"products\\/product-31.jpg\"]'),(375,1,NULL,NULL,50,5,'Very enthusiastic support! Excellent code is written. It\'s a true pleasure working with.','published','2025-01-21 09:39:33','2025-01-21 09:39:33','[\"products\\/product-1.jpg\",\"products\\/product-9.jpg\",\"products\\/product-30.jpg\"]'),(382,10,NULL,NULL,41,1,'Those guys now what they are doing, the release such a good product that it\'s a pleasure to work with ! Even when I was stuck on the project, I created a ticket and the next day it was replied by the team. GOOD JOB guys. I love working with them :)','published','2025-01-21 09:39:33','2025-01-21 09:39:33','[\"products\\/product-18.jpg\",\"products\\/product-83.jpg\"]'),(383,8,NULL,NULL,18,3,'The script is the best of its class, fast, easy to implement and work with , and the most important thing is the great support team , Recommend with no doubt.','published','2025-01-21 09:39:33','2025-01-21 09:39:33','[\"products\\/product-9.jpg\",\"products\\/product-23.jpg\",\"products\\/product-45.jpg\",\"products\\/product-80.jpg\"]'),(384,9,NULL,NULL,47,1,'Ok good product. I have some issues in customizations. But its not correct to blame the developer. The product is good. Good luck for your business.','published','2025-01-21 09:39:33','2025-01-21 09:39:33','[\"products\\/product-4.jpg\",\"products\\/product-24.jpg\",\"products\\/product-84.jpg\"]'),(385,10,NULL,NULL,28,3,'This script is well coded and is super fast. The support is pretty quick. Very patient and helpful team. I strongly recommend it and they deserve more than 5 stars.','published','2025-01-21 09:39:33','2025-01-21 09:39:33','[\"products\\/product-2.jpg\",\"products\\/product-21.jpg\",\"products\\/product-73.jpg\"]'),(387,8,NULL,NULL,33,2,'Second or third time that I buy a Botble product, happy with the products and support. You guys do a good job :)','published','2025-01-21 09:39:33','2025-01-21 09:39:33','[\"products\\/product-49.jpg\"]'),(391,4,NULL,NULL,39,4,'Those guys now what they are doing, the release such a good product that it\'s a pleasure to work with ! Even when I was stuck on the project, I created a ticket and the next day it was replied by the team. GOOD JOB guys. I love working with them :)','published','2025-01-21 09:39:33','2025-01-21 09:39:33','[\"products\\/product-22.jpg\",\"products\\/product-44.jpg\",\"products\\/product-49.jpg\",\"products\\/product-61.jpg\"]'),(393,4,NULL,NULL,21,5,'Good app, good backup service and support. Good documentation.','published','2025-01-21 09:39:33','2025-01-21 09:39:33','[\"products\\/product-52.jpg\",\"products\\/product-86.jpg\"]'),(397,8,NULL,NULL,62,2,'Ok good product. I have some issues in customizations. But its not correct to blame the developer. The product is good. Good luck for your business.','published','2025-01-21 09:39:33','2025-01-21 09:39:33','[\"products\\/product-94.jpg\"]'),(400,3,NULL,NULL,9,1,'The script is the best of its class, fast, easy to implement and work with , and the most important thing is the great support team , Recommend with no doubt.','published','2025-01-21 09:39:33','2025-01-21 09:39:33','[\"products\\/product-30.jpg\",\"products\\/product-37.jpg\",\"products\\/product-63.jpg\"]'),(401,4,NULL,NULL,36,1,'Great system, great support, good job Botble. I\'m looking forward to more great functional plugins.','published','2025-01-21 09:39:33','2025-01-21 09:39:33','[\"products\\/product-10.jpg\",\"products\\/product-22.jpg\",\"products\\/product-41.jpg\",\"products\\/product-46.jpg\"]'),(402,4,NULL,NULL,16,2,'The best ecommerce CMS! Excellent coding! best support service! Thank you so much..... I really like your hard work.','published','2025-01-21 09:39:33','2025-01-21 09:39:33','[\"products\\/pla-product-01.jpg\",\"products\\/pla-product-02.jpg\",\"products\\/product-77.jpg\"]'),(404,8,NULL,NULL,23,4,'These guys are amazing! Responses immediately, amazing support and help... I immediately feel at ease after Purchasing..','published','2025-01-21 09:39:33','2025-01-21 09:39:33','[\"products\\/pla-product-04.jpg\",\"products\\/product-21.jpg\",\"products\\/product-51.jpg\",\"products\\/product-76.jpg\"]'),(405,3,NULL,NULL,23,4,'This script is well coded and is super fast. The support is pretty quick. Very patient and helpful team. I strongly recommend it and they deserve more than 5 stars.','published','2025-01-21 09:39:33','2025-01-21 09:39:33','[\"products\\/product-42.jpg\",\"products\\/product-50.jpg\",\"products\\/product-57.jpg\",\"products\\/product-78.jpg\"]'),(406,3,NULL,NULL,69,3,'Great E-commerce system. And much more : Wonderful Customer Support.','published','2025-01-21 09:39:33','2025-01-21 09:39:33','[\"products\\/product-42.jpg\"]'),(407,8,NULL,NULL,47,5,'Solution is too robust for our purpose so we didn\'t use it at the end. But I appreciate customer support during initial configuration.','published','2025-01-21 09:39:33','2025-01-21 09:39:33','[\"products\\/product-17.jpg\",\"products\\/product-57.jpg\",\"products\\/product-75.jpg\",\"products\\/product-92.jpg\"]'),(411,4,NULL,NULL,43,2,'The best store template! Excellent coding! Very good support! Thank you so much for all the help, I really appreciated.','published','2025-01-21 09:39:33','2025-01-21 09:39:33','[\"products\\/product-7.jpg\",\"products\\/product-15.jpg\",\"products\\/product-58.jpg\",\"products\\/product-86.jpg\"]'),(412,4,NULL,NULL,60,1,'Amazing code, amazing support. Overall, im really confident in Botble and im happy I made the right choice! Thank you so much guys for coding this masterpiece','published','2025-01-21 09:39:33','2025-01-21 09:39:33','[\"products\\/product-55.jpg\"]'),(415,1,NULL,NULL,67,2,'Great system, great support, good job Botble. I\'m looking forward to more great functional plugins.','published','2025-01-21 09:39:33','2025-01-21 09:39:33','[\"products\\/product-19.jpg\",\"products\\/product-57.jpg\"]'),(419,5,NULL,NULL,9,5,'For me the best eCommerce script on Envato at this moment: modern, clean code, a lot of great features. The customer support is great too: I always get an answer within hours!','published','2025-01-21 09:39:33','2025-01-21 09:39:33','[\"products\\/product-38.jpg\",\"products\\/product-41.jpg\"]'),(420,2,NULL,NULL,50,5,'It\'s not my first experience here on Codecanyon and I can honestly tell you all that Botble puts a LOT of effort into the support. They answer so fast, they helped me tons of times. REALLY by far THE BEST EXPERIENCE on Codecanyon. Those guys at Botble are so good that they deserve 5 stars. I recommend them, I trust them and I can\'t wait to see what they will sell in a near future. Thank you Botble :)','published','2025-01-21 09:39:33','2025-01-21 09:39:33','[\"products\\/product-4.jpg\"]'),(423,8,NULL,NULL,29,2,'The code is good, in general, if you like it, can you give it 5 stars?','published','2025-01-21 09:39:33','2025-01-21 09:39:33','[\"products\\/product-23.jpg\",\"products\\/product-60.jpg\"]'),(424,3,NULL,NULL,39,4,'Amazing code, amazing support. Overall, im really confident in Botble and im happy I made the right choice! Thank you so much guys for coding this masterpiece','published','2025-01-21 09:39:33','2025-01-21 09:39:33','[\"products\\/product-2.jpg\",\"products\\/product-33.jpg\"]'),(425,1,NULL,NULL,20,3,'The script is the best of its class, fast, easy to implement and work with , and the most important thing is the great support team , Recommend with no doubt.','published','2025-01-21 09:39:33','2025-01-21 09:39:33','[\"products\\/product-3.jpg\",\"products\\/product-57.jpg\",\"products\\/product-67.jpg\"]'),(427,7,NULL,NULL,25,4,'Best ecommerce CMS online store!','published','2025-01-21 09:39:33','2025-01-21 09:39:33','[\"products\\/product-24.jpg\",\"products\\/product-43.jpg\",\"products\\/product-59.jpg\"]'),(429,10,NULL,NULL,59,3,'Clean & perfect source code','published','2025-01-21 09:39:33','2025-01-21 09:39:33','[\"products\\/product-22.jpg\",\"products\\/product-88.jpg\"]'),(430,5,NULL,NULL,38,3,'Second or third time that I buy a Botble product, happy with the products and support. You guys do a good job :)','published','2025-01-21 09:39:33','2025-01-21 09:39:33','[\"products\\/product-42.jpg\",\"products\\/product-80.jpg\"]'),(431,2,NULL,NULL,64,5,'Ok good product. I have some issues in customizations. But its not correct to blame the developer. The product is good. Good luck for your business.','published','2025-01-21 09:39:33','2025-01-21 09:39:33','[\"products\\/product-38.jpg\"]'),(432,8,NULL,NULL,6,1,'Clean & perfect source code','published','2025-01-21 09:39:33','2025-01-21 09:39:33','[\"products\\/product-15.jpg\",\"products\\/product-72.jpg\",\"products\\/product-93.jpg\"]'),(435,8,NULL,NULL,61,5,'The best store template! Excellent coding! Very good support! Thank you so much for all the help, I really appreciated.','published','2025-01-21 09:39:33','2025-01-21 09:39:33','[\"products\\/product-15.jpg\"]'),(436,8,NULL,NULL,28,5,'The best store template! Excellent coding! Very good support! Thank you so much for all the help, I really appreciated.','published','2025-01-21 09:39:33','2025-01-21 09:39:33','[\"products\\/product-47.jpg\",\"products\\/product-62.jpg\",\"products\\/product-63.jpg\"]'),(438,5,NULL,NULL,40,5,'These guys are amazing! Responses immediately, amazing support and help... I immediately feel at ease after Purchasing..','published','2025-01-21 09:39:33','2025-01-21 09:39:33','[\"products\\/product-4.jpg\",\"products\\/product-10.jpg\",\"products\\/product-43.jpg\",\"products\\/product-70.jpg\"]'),(440,9,NULL,NULL,20,1,'The code is good, in general, if you like it, can you give it 5 stars?','published','2025-01-21 09:39:33','2025-01-21 09:39:33','[\"products\\/product-25.jpg\",\"products\\/product-76.jpg\",\"products\\/product-81.jpg\"]'),(442,8,NULL,NULL,17,1,'Customer Support are grade (A*), however the code is a way too over engineered for it\'s purpose.','published','2025-01-21 09:39:33','2025-01-21 09:39:33','[\"products\\/product-14.jpg\",\"products\\/product-44.jpg\",\"products\\/product-80.jpg\"]'),(443,1,NULL,NULL,9,1,'As a developer I reviewed this script. This is really awesome ecommerce script. I have convinced when I noticed that it\'s built on fully WordPress concept.','published','2025-01-21 09:39:33','2025-01-21 09:39:33','[\"products\\/product-23.jpg\",\"products\\/product-41.jpg\"]'),(445,3,NULL,NULL,11,3,'The best ecommerce CMS! Excellent coding! best support service! Thank you so much..... I really like your hard work.','published','2025-01-21 09:39:33','2025-01-21 09:39:33','[\"products\\/product-89.jpg\",\"products\\/product-93.jpg\"]'),(446,10,NULL,NULL,36,5,'The best ecommerce CMS! Excellent coding! best support service! Thank you so much..... I really like your hard work.','published','2025-01-21 09:39:33','2025-01-21 09:39:33','[\"products\\/product-5.jpg\",\"products\\/product-23.jpg\",\"products\\/product-85.jpg\"]'),(447,8,NULL,NULL,36,5,'Very enthusiastic support! Excellent code is written. It\'s a true pleasure working with.','published','2025-01-21 09:39:33','2025-01-21 09:39:33','[\"products\\/product-19.jpg\",\"products\\/product-31.jpg\",\"products\\/product-35.jpg\",\"products\\/product-51.jpg\"]'),(449,5,NULL,NULL,5,5,'We have received brilliant service support and will be expanding the features with the developer. Nice product!','published','2025-01-21 09:39:33','2025-01-21 09:39:33','[\"products\\/product-50.jpg\",\"products\\/product-87.jpg\"]'),(450,2,NULL,NULL,2,1,'Those guys now what they are doing, the release such a good product that it\'s a pleasure to work with ! Even when I was stuck on the project, I created a ticket and the next day it was replied by the team. GOOD JOB guys. I love working with them :)','published','2025-01-21 09:39:33','2025-01-21 09:39:33','[\"products\\/product-35.jpg\",\"products\\/product-69.jpg\"]'),(454,5,NULL,NULL,69,3,'Ok good product. I have some issues in customizations. But its not correct to blame the developer. The product is good. Good luck for your business.','published','2025-01-21 09:39:33','2025-01-21 09:39:33','[\"products\\/product-7.jpg\",\"products\\/product-27.jpg\",\"products\\/product-32.jpg\",\"products\\/product-38.jpg\"]'),(455,1,NULL,NULL,24,2,'We have received brilliant service support and will be expanding the features with the developer. Nice product!','published','2025-01-21 09:39:33','2025-01-21 09:39:33','[\"products\\/product-8.jpg\",\"products\\/product-88.jpg\"]'),(458,5,NULL,NULL,49,5,'Ok good product. I have some issues in customizations. But its not correct to blame the developer. The product is good. Good luck for your business.','published','2025-01-21 09:39:33','2025-01-21 09:39:33','[\"products\\/product-2.jpg\",\"products\\/product-5.jpg\",\"products\\/product-20.jpg\",\"products\\/product-82.jpg\"]'),(461,10,NULL,NULL,11,4,'The script is the best of its class, fast, easy to implement and work with , and the most important thing is the great support team , Recommend with no doubt.','published','2025-01-21 09:39:33','2025-01-21 09:39:33','[\"products\\/pla-product-03.jpg\",\"products\\/product-11.jpg\",\"products\\/product-81.jpg\"]'),(462,2,NULL,NULL,34,5,'This web app is really good in design, code quality & features. Besides, the customer support provided by the Botble team was really fast & helpful. You guys are awesome!','published','2025-01-21 09:39:33','2025-01-21 09:39:33','[\"products\\/product-48.jpg\",\"products\\/product-58.jpg\",\"products\\/product-62.jpg\",\"products\\/product-87.jpg\"]'),(466,2,NULL,NULL,71,2,'The best store template! Excellent coding! Very good support! Thank you so much for all the help, I really appreciated.','published','2025-01-21 09:39:33','2025-01-21 09:39:33','[\"products\\/product-21.jpg\",\"products\\/product-24.jpg\",\"products\\/product-48.jpg\"]'),(467,8,NULL,NULL,34,3,'Amazing code, amazing support. Overall, im really confident in Botble and im happy I made the right choice! Thank you so much guys for coding this masterpiece','published','2025-01-21 09:39:33','2025-01-21 09:39:33','[\"products\\/pla-product-03.jpg\",\"products\\/product-44.jpg\",\"products\\/product-47.jpg\",\"products\\/product-73.jpg\"]'),(468,5,NULL,NULL,11,3,'Amazing code, amazing support. Overall, im really confident in Botble and im happy I made the right choice! Thank you so much guys for coding this masterpiece','published','2025-01-21 09:39:33','2025-01-21 09:39:33','[\"products\\/product-7.jpg\",\"products\\/product-35.jpg\",\"products\\/product-52.jpg\",\"products\\/product-82.jpg\"]'),(470,9,NULL,NULL,43,4,'Amazing code, amazing support. Overall, im really confident in Botble and im happy I made the right choice! Thank you so much guys for coding this masterpiece','published','2025-01-21 09:39:33','2025-01-21 09:39:33','[\"products\\/product-21.jpg\",\"products\\/product-92.jpg\"]'),(474,3,NULL,NULL,73,2,'For me the best eCommerce script on Envato at this moment: modern, clean code, a lot of great features. The customer support is great too: I always get an answer within hours!','published','2025-01-21 09:39:33','2025-01-21 09:39:33','[\"products\\/product-5.jpg\",\"products\\/product-17.jpg\"]'),(479,3,NULL,NULL,25,2,'It\'s not my first experience here on Codecanyon and I can honestly tell you all that Botble puts a LOT of effort into the support. They answer so fast, they helped me tons of times. REALLY by far THE BEST EXPERIENCE on Codecanyon. Those guys at Botble are so good that they deserve 5 stars. I recommend them, I trust them and I can\'t wait to see what they will sell in a near future. Thank you Botble :)','published','2025-01-21 09:39:33','2025-01-21 09:39:33','[\"products\\/product-44.jpg\",\"products\\/product-73.jpg\"]'),(480,7,NULL,NULL,60,2,'Amazing code, amazing support. Overall, im really confident in Botble and im happy I made the right choice! Thank you so much guys for coding this masterpiece','published','2025-01-21 09:39:33','2025-01-21 09:39:33','[\"products\\/product-10.jpg\",\"products\\/product-19.jpg\",\"products\\/product-50.jpg\",\"products\\/product-56.jpg\"]'),(481,7,NULL,NULL,46,2,'Best ecommerce CMS online store!','published','2025-01-21 09:39:33','2025-01-21 09:39:33','[\"products\\/product-9.jpg\"]'),(483,7,NULL,NULL,36,5,'For me the best eCommerce script on Envato at this moment: modern, clean code, a lot of great features. The customer support is great too: I always get an answer within hours!','published','2025-01-21 09:39:33','2025-01-21 09:39:33','[\"products\\/product-3.jpg\",\"products\\/product-61.jpg\"]'),(484,3,NULL,NULL,47,4,'Good app, good backup service and support. Good documentation.','published','2025-01-21 09:39:33','2025-01-21 09:39:33','[\"products\\/product-14.jpg\",\"products\\/product-28.jpg\",\"products\\/product-72.jpg\",\"products\\/product-75.jpg\"]'),(486,8,NULL,NULL,51,1,'Great system, great support, good job Botble. I\'m looking forward to more great functional plugins.','published','2025-01-21 09:39:33','2025-01-21 09:39:33','[\"products\\/product-18.jpg\",\"products\\/product-27.jpg\",\"products\\/product-37.jpg\",\"products\\/product-53.jpg\"]'),(488,2,NULL,NULL,54,2,'Amazing code, amazing support. Overall, im really confident in Botble and im happy I made the right choice! Thank you so much guys for coding this masterpiece','published','2025-01-21 09:39:33','2025-01-21 09:39:33','[\"products\\/product-14.jpg\",\"products\\/product-94.jpg\"]'),(489,7,NULL,NULL,74,5,'Amazing code, amazing support. Overall, im really confident in Botble and im happy I made the right choice! Thank you so much guys for coding this masterpiece','published','2025-01-21 09:39:33','2025-01-21 09:39:33','[\"products\\/product-21.jpg\",\"products\\/product-31.jpg\"]'),(492,10,NULL,NULL,65,3,'The best store template! Excellent coding! Very good support! Thank you so much for all the help, I really appreciated.','published','2025-01-21 09:39:33','2025-01-21 09:39:33','[\"products\\/product-15.jpg\"]'),(494,10,NULL,NULL,37,3,'Good app, good backup service and support. Good documentation.','published','2025-01-21 09:39:33','2025-01-21 09:39:33','[\"products\\/product-47.jpg\"]'),(495,7,NULL,NULL,66,5,'Very enthusiastic support! Excellent code is written. It\'s a true pleasure working with.','published','2025-01-21 09:39:33','2025-01-21 09:39:33','[\"products\\/product-37.jpg\"]'),(497,1,NULL,NULL,38,5,'The script is the best of its class, fast, easy to implement and work with , and the most important thing is the great support team , Recommend with no doubt.','published','2025-01-21 09:39:33','2025-01-21 09:39:33','[\"products\\/product-7.jpg\",\"products\\/product-94.jpg\"]'),(499,10,NULL,NULL,27,2,'The best store template! Excellent coding! Very good support! Thank you so much for all the help, I really appreciated.','published','2025-01-21 09:39:33','2025-01-21 09:39:33','[\"products\\/product-67.jpg\"]'),(500,3,NULL,NULL,5,1,'As a developer I reviewed this script. This is really awesome ecommerce script. I have convinced when I noticed that it\'s built on fully WordPress concept.','published','2025-01-21 09:39:33','2025-01-21 09:39:33','[\"products\\/product-25.jpg\",\"products\\/product-32.jpg\",\"products\\/product-78.jpg\"]'),(502,5,NULL,NULL,18,5,'The best ecommerce CMS! Excellent coding! best support service! Thank you so much..... I really like your hard work.','published','2025-01-21 09:39:33','2025-01-21 09:39:33','[\"products\\/pla-product-04.jpg\",\"products\\/product-15.jpg\",\"products\\/product-73.jpg\"]'),(503,4,NULL,NULL,22,4,'It\'s not my first experience here on Codecanyon and I can honestly tell you all that Botble puts a LOT of effort into the support. They answer so fast, they helped me tons of times. REALLY by far THE BEST EXPERIENCE on Codecanyon. Those guys at Botble are so good that they deserve 5 stars. I recommend them, I trust them and I can\'t wait to see what they will sell in a near future. Thank you Botble :)','published','2025-01-21 09:39:33','2025-01-21 09:39:33','[\"products\\/product-22.jpg\",\"products\\/product-46.jpg\",\"products\\/product-50.jpg\",\"products\\/product-77.jpg\"]'),(504,3,NULL,NULL,64,3,'Clean & perfect source code','published','2025-01-21 09:39:33','2025-01-21 09:39:33','[\"products\\/product-55.jpg\",\"products\\/product-86.jpg\"]'),(505,9,NULL,NULL,48,3,'The best ecommerce CMS! Excellent coding! best support service! Thank you so much..... I really like your hard work.','published','2025-01-21 09:39:33','2025-01-21 09:39:33','[\"products\\/product-30.jpg\",\"products\\/product-40.jpg\",\"products\\/product-64.jpg\",\"products\\/product-79.jpg\"]'),(506,6,NULL,NULL,29,4,'Solution is too robust for our purpose so we didn\'t use it at the end. But I appreciate customer support during initial configuration.','published','2025-01-21 09:39:33','2025-01-21 09:39:33','[\"products\\/product-39.jpg\",\"products\\/product-59.jpg\",\"products\\/product-93.jpg\"]'),(507,10,NULL,NULL,67,2,'The best store template! Excellent coding! Very good support! Thank you so much for all the help, I really appreciated.','published','2025-01-21 09:39:33','2025-01-21 09:39:33','[\"products\\/pla-product-03.jpg\",\"products\\/product-80.jpg\",\"products\\/product-94.jpg\"]'),(508,6,NULL,NULL,21,4,'Good app, good backup service and support. Good documentation.','published','2025-01-21 09:39:33','2025-01-21 09:39:33','[\"products\\/product-84.jpg\"]'),(510,9,NULL,NULL,22,5,'This web app is really good in design, code quality & features. Besides, the customer support provided by the Botble team was really fast & helpful. You guys are awesome!','published','2025-01-21 09:39:33','2025-01-21 09:39:33','[\"products\\/product-20.jpg\"]'),(513,4,NULL,NULL,13,4,'The code is good, in general, if you like it, can you give it 5 stars?','published','2025-01-21 09:39:33','2025-01-21 09:39:33','[\"products\\/product-26.jpg\",\"products\\/product-47.jpg\",\"products\\/product-74.jpg\",\"products\\/product-76.jpg\"]'),(514,3,NULL,NULL,75,1,'It\'s not my first experience here on Codecanyon and I can honestly tell you all that Botble puts a LOT of effort into the support. They answer so fast, they helped me tons of times. REALLY by far THE BEST EXPERIENCE on Codecanyon. Those guys at Botble are so good that they deserve 5 stars. I recommend them, I trust them and I can\'t wait to see what they will sell in a near future. Thank you Botble :)','published','2025-01-21 09:39:33','2025-01-21 09:39:33','[\"products\\/product-14.jpg\",\"products\\/product-70.jpg\"]'),(515,10,NULL,NULL,18,4,'Great system, great support, good job Botble. I\'m looking forward to more great functional plugins.','published','2025-01-21 09:39:33','2025-01-21 09:39:33','[\"products\\/product-2.jpg\",\"products\\/product-40.jpg\",\"products\\/product-59.jpg\",\"products\\/product-81.jpg\"]'),(516,10,NULL,NULL,52,4,'Good app, good backup service and support. Good documentation.','published','2025-01-21 09:39:33','2025-01-21 09:39:33','[\"products\\/product-27.jpg\",\"products\\/product-62.jpg\",\"products\\/product-73.jpg\"]'),(517,6,NULL,NULL,24,2,'This web app is really good in design, code quality & features. Besides, the customer support provided by the Botble team was really fast & helpful. You guys are awesome!','published','2025-01-21 09:39:33','2025-01-21 09:39:33','[\"products\\/product-68.jpg\"]'),(518,1,NULL,NULL,40,5,'Clean & perfect source code','published','2025-01-21 09:39:33','2025-01-21 09:39:33','[\"products\\/product-44.jpg\",\"products\\/product-83.jpg\"]'),(519,4,NULL,NULL,41,1,'Customer Support are grade (A*), however the code is a way too over engineered for it\'s purpose.','published','2025-01-21 09:39:33','2025-01-21 09:39:33','[\"products\\/product-24.jpg\",\"products\\/product-72.jpg\"]'),(520,1,NULL,NULL,64,2,'For me the best eCommerce script on Envato at this moment: modern, clean code, a lot of great features. The customer support is great too: I always get an answer within hours!','published','2025-01-21 09:39:33','2025-01-21 09:39:33','[\"products\\/product-53.jpg\",\"products\\/product-65.jpg\"]'),(521,9,NULL,NULL,44,2,'These guys are amazing! Responses immediately, amazing support and help... I immediately feel at ease after Purchasing..','published','2025-01-21 09:39:33','2025-01-21 09:39:33','[\"products\\/pla-product-01.jpg\",\"products\\/product-71.jpg\",\"products\\/product-78.jpg\"]'),(526,1,NULL,NULL,55,4,'Amazing code, amazing support. Overall, im really confident in Botble and im happy I made the right choice! Thank you so much guys for coding this masterpiece','published','2025-01-21 09:39:33','2025-01-21 09:39:33','[\"products\\/product-2.jpg\",\"products\\/product-28.jpg\",\"products\\/product-84.jpg\",\"products\\/product-92.jpg\"]'),(528,4,NULL,NULL,45,4,'Cool template. Excellent code quality. The support responds very quickly, which is very rare on themeforest and codecanyon.net, I buy a lot of templates, and everyone will have a response from technical support for two or three days. Thanks to tech support. I recommend to buy.','published','2025-01-21 09:39:33','2025-01-21 09:39:33','[\"products\\/product-20.jpg\",\"products\\/product-29.jpg\",\"products\\/product-85.jpg\",\"products\\/product-88.jpg\"]'),(531,8,NULL,NULL,53,1,'The script is the best of its class, fast, easy to implement and work with , and the most important thing is the great support team , Recommend with no doubt.','published','2025-01-21 09:39:33','2025-01-21 09:39:33','[\"products\\/product-3.jpg\",\"products\\/product-5.jpg\",\"products\\/product-27.jpg\",\"products\\/product-38.jpg\"]'),(533,9,NULL,NULL,64,3,'Amazing code, amazing support. Overall, im really confident in Botble and im happy I made the right choice! Thank you so much guys for coding this masterpiece','published','2025-01-21 09:39:33','2025-01-21 09:39:33','[\"products\\/product-32.jpg\",\"products\\/product-67.jpg\"]'),(535,8,NULL,NULL,8,1,'As a developer I reviewed this script. This is really awesome ecommerce script. I have convinced when I noticed that it\'s built on fully WordPress concept.','published','2025-01-21 09:39:33','2025-01-21 09:39:33','[\"products\\/product-13.jpg\",\"products\\/product-56.jpg\"]'),(537,7,NULL,NULL,56,1,'We have received brilliant service support and will be expanding the features with the developer. Nice product!','published','2025-01-21 09:39:33','2025-01-21 09:39:33','[\"products\\/pla-product-02.jpg\",\"products\\/product-21.jpg\",\"products\\/product-33.jpg\",\"products\\/product-82.jpg\"]'),(539,7,NULL,NULL,63,5,'This web app is really good in design, code quality & features. Besides, the customer support provided by the Botble team was really fast & helpful. You guys are awesome!','published','2025-01-21 09:39:33','2025-01-21 09:39:33','[\"products\\/product-3.jpg\",\"products\\/product-45.jpg\",\"products\\/product-68.jpg\",\"products\\/product-91.jpg\"]'),(540,8,NULL,NULL,22,1,'Great E-commerce system. And much more : Wonderful Customer Support.','published','2025-01-21 09:39:33','2025-01-21 09:39:33','[\"products\\/product-64.jpg\"]'),(541,3,NULL,NULL,18,5,'As a developer I reviewed this script. This is really awesome ecommerce script. I have convinced when I noticed that it\'s built on fully WordPress concept.','published','2025-01-21 09:39:33','2025-01-21 09:39:33','[\"products\\/pla-product-03.jpg\",\"products\\/product-43.jpg\"]'),(542,5,NULL,NULL,53,5,'As a developer I reviewed this script. This is really awesome ecommerce script. I have convinced when I noticed that it\'s built on fully WordPress concept.','published','2025-01-21 09:39:33','2025-01-21 09:39:33','[\"products\\/product-13.jpg\",\"products\\/product-39.jpg\",\"products\\/product-46.jpg\",\"products\\/product-91.jpg\"]'),(543,4,NULL,NULL,71,4,'Great system, great support, good job Botble. I\'m looking forward to more great functional plugins.','published','2025-01-21 09:39:33','2025-01-21 09:39:33','[\"products\\/product-30.jpg\",\"products\\/product-38.jpg\",\"products\\/product-50.jpg\",\"products\\/product-74.jpg\"]'),(544,3,NULL,NULL,46,1,'Second or third time that I buy a Botble product, happy with the products and support. You guys do a good job :)','published','2025-01-21 09:39:33','2025-01-21 09:39:33','[\"products\\/product-17.jpg\",\"products\\/product-25.jpg\"]'),(546,9,NULL,NULL,4,2,'Perfect +++++++++ i love it really also i get to fast ticket answers... Thanks Lot BOTBLE Teams','published','2025-01-21 09:39:33','2025-01-21 09:39:33','[\"products\\/product-35.jpg\",\"products\\/product-45.jpg\",\"products\\/product-61.jpg\",\"products\\/product-65.jpg\"]'),(547,5,NULL,NULL,54,5,'Customer Support are grade (A*), however the code is a way too over engineered for it\'s purpose.','published','2025-01-21 09:39:33','2025-01-21 09:39:33','[\"products\\/product-33.jpg\",\"products\\/product-46.jpg\"]'),(549,2,NULL,NULL,29,2,'Those guys now what they are doing, the release such a good product that it\'s a pleasure to work with ! Even when I was stuck on the project, I created a ticket and the next day it was replied by the team. GOOD JOB guys. I love working with them :)','published','2025-01-21 09:39:33','2025-01-21 09:39:33','[\"products\\/product-2.jpg\",\"products\\/product-7.jpg\",\"products\\/product-49.jpg\",\"products\\/product-85.jpg\"]'),(554,4,NULL,NULL,11,2,'Those guys now what they are doing, the release such a good product that it\'s a pleasure to work with ! Even when I was stuck on the project, I created a ticket and the next day it was replied by the team. GOOD JOB guys. I love working with them :)','published','2025-01-21 09:39:33','2025-01-21 09:39:33','[\"products\\/product-45.jpg\"]'),(555,5,NULL,NULL,42,1,'The code is good, in general, if you like it, can you give it 5 stars?','published','2025-01-21 09:39:33','2025-01-21 09:39:33','[\"products\\/product-69.jpg\",\"products\\/product-90.jpg\"]'),(561,10,NULL,NULL,61,4,'Cool template. Excellent code quality. The support responds very quickly, which is very rare on themeforest and codecanyon.net, I buy a lot of templates, and everyone will have a response from technical support for two or three days. Thanks to tech support. I recommend to buy.','published','2025-01-21 09:39:33','2025-01-21 09:39:33','[\"products\\/product-43.jpg\",\"products\\/product-55.jpg\",\"products\\/product-78.jpg\",\"products\\/product-83.jpg\"]'),(562,1,NULL,NULL,16,5,'I Love this Script. I also found how to add other fees. Now I just wait the BIG update for the Marketplace with the Bulk Import. Just do not forget to make it to be Multi-language for us the Botble Fans.','published','2025-01-21 09:39:33','2025-01-21 09:39:33','[\"products\\/product-24.jpg\",\"products\\/product-93.jpg\"]'),(563,6,NULL,NULL,28,5,'Perfect +++++++++ i love it really also i get to fast ticket answers... Thanks Lot BOTBLE Teams','published','2025-01-21 09:39:33','2025-01-21 09:39:33','[\"products\\/pla-product-02.jpg\",\"products\\/product-5.jpg\",\"products\\/product-52.jpg\",\"products\\/product-61.jpg\"]'),(565,4,NULL,NULL,20,4,'For me the best eCommerce script on Envato at this moment: modern, clean code, a lot of great features. The customer support is great too: I always get an answer within hours!','published','2025-01-21 09:39:33','2025-01-21 09:39:33','[\"products\\/product-70.jpg\"]'),(567,6,NULL,NULL,30,5,'Best ecommerce CMS online store!','published','2025-01-21 09:39:33','2025-01-21 09:39:33','[\"products\\/product-70.jpg\"]'),(571,7,NULL,NULL,67,2,'The best ecommerce CMS! Excellent coding! best support service! Thank you so much..... I really like your hard work.','published','2025-01-21 09:39:33','2025-01-21 09:39:33','[\"products\\/product-13.jpg\",\"products\\/product-70.jpg\",\"products\\/product-91.jpg\",\"products\\/product-95.jpg\"]'),(573,4,NULL,NULL,55,5,'Good app, good backup service and support. Good documentation.','published','2025-01-21 09:39:33','2025-01-21 09:39:33','[\"products\\/product-32.jpg\",\"products\\/product-44.jpg\",\"products\\/product-79.jpg\"]'),(578,3,NULL,NULL,15,4,'The best store template! Excellent coding! Very good support! Thank you so much for all the help, I really appreciated.','published','2025-01-21 09:39:33','2025-01-21 09:39:33','[\"products\\/product-23.jpg\",\"products\\/product-76.jpg\"]'),(580,3,NULL,NULL,66,4,'Clean & perfect source code','published','2025-01-21 09:39:33','2025-01-21 09:39:33','[\"products\\/product-64.jpg\",\"products\\/product-65.jpg\",\"products\\/product-80.jpg\"]'),(581,3,NULL,NULL,16,3,'Great E-commerce system. And much more : Wonderful Customer Support.','published','2025-01-21 09:39:33','2025-01-21 09:39:33','[\"products\\/product-38.jpg\",\"products\\/product-66.jpg\"]'),(583,6,NULL,NULL,31,1,'Solution is too robust for our purpose so we didn\'t use it at the end. But I appreciate customer support during initial configuration.','published','2025-01-21 09:39:33','2025-01-21 09:39:33','[\"products\\/product-54.jpg\",\"products\\/product-60.jpg\",\"products\\/product-76.jpg\"]'),(591,4,NULL,NULL,19,3,'Good app, good backup service and support. Good documentation.','published','2025-01-21 09:39:33','2025-01-21 09:39:33','[\"products\\/product-62.jpg\",\"products\\/product-86.jpg\"]'),(596,7,NULL,NULL,73,4,'As a developer I reviewed this script. This is really awesome ecommerce script. I have convinced when I noticed that it\'s built on fully WordPress concept.','published','2025-01-21 09:39:33','2025-01-21 09:39:33','[\"products\\/product-4.jpg\",\"products\\/product-23.jpg\",\"products\\/product-56.jpg\",\"products\\/product-90.jpg\"]'),(600,1,NULL,NULL,25,3,'Very enthusiastic support! Excellent code is written. It\'s a true pleasure working with.','published','2025-01-21 09:39:33','2025-01-21 09:39:33','[\"products\\/product-34.jpg\",\"products\\/product-39.jpg\",\"products\\/product-61.jpg\",\"products\\/product-81.jpg\"]'),(603,4,NULL,NULL,42,4,'Second or third time that I buy a Botble product, happy with the products and support. You guys do a good job :)','published','2025-01-21 09:39:33','2025-01-21 09:39:33','[\"products\\/product-68.jpg\"]'),(605,5,NULL,NULL,33,3,'Perfect +++++++++ i love it really also i get to fast ticket answers... Thanks Lot BOTBLE Teams','published','2025-01-21 09:39:33','2025-01-21 09:39:33','[\"products\\/product-68.jpg\",\"products\\/product-76.jpg\",\"products\\/product-94.jpg\"]'),(606,5,NULL,NULL,43,4,'The script is the best of its class, fast, easy to implement and work with , and the most important thing is the great support team , Recommend with no doubt.','published','2025-01-21 09:39:33','2025-01-21 09:39:33','[\"products\\/product-72.jpg\",\"products\\/product-73.jpg\",\"products\\/product-88.jpg\"]'),(610,1,NULL,NULL,10,3,'Ok good product. I have some issues in customizations. But its not correct to blame the developer. The product is good. Good luck for your business.','published','2025-01-21 09:39:33','2025-01-21 09:39:33','[\"products\\/product-26.jpg\",\"products\\/product-31.jpg\"]'),(617,6,NULL,NULL,73,5,'Good app, good backup service and support. Good documentation.','published','2025-01-21 09:39:33','2025-01-21 09:39:33','[\"products\\/pla-product-01.jpg\",\"products\\/product-69.jpg\"]'),(621,5,NULL,NULL,22,2,'Amazing code, amazing support. Overall, im really confident in Botble and im happy I made the right choice! Thank you so much guys for coding this masterpiece','published','2025-01-21 09:39:33','2025-01-21 09:39:33','[\"products\\/product-23.jpg\",\"products\\/product-75.jpg\",\"products\\/product-80.jpg\"]'),(623,3,NULL,NULL,29,5,'Great E-commerce system. And much more : Wonderful Customer Support.','published','2025-01-21 09:39:33','2025-01-21 09:39:33','[\"products\\/product-64.jpg\",\"products\\/product-71.jpg\",\"products\\/product-74.jpg\",\"products\\/product-90.jpg\"]'),(624,6,NULL,NULL,60,2,'We have received brilliant service support and will be expanding the features with the developer. Nice product!','published','2025-01-21 09:39:33','2025-01-21 09:39:33','[\"products\\/product-18.jpg\",\"products\\/product-50.jpg\",\"products\\/product-66.jpg\"]'),(625,4,NULL,NULL,49,1,'It\'s not my first experience here on Codecanyon and I can honestly tell you all that Botble puts a LOT of effort into the support. They answer so fast, they helped me tons of times. REALLY by far THE BEST EXPERIENCE on Codecanyon. Those guys at Botble are so good that they deserve 5 stars. I recommend them, I trust them and I can\'t wait to see what they will sell in a near future. Thank you Botble :)','published','2025-01-21 09:39:33','2025-01-21 09:39:33','[\"products\\/product-2.jpg\",\"products\\/product-27.jpg\",\"products\\/product-71.jpg\",\"products\\/product-72.jpg\"]'),(626,8,NULL,NULL,3,1,'Clean & perfect source code','published','2025-01-21 09:39:33','2025-01-21 09:39:33','[\"products\\/product-57.jpg\",\"products\\/product-58.jpg\",\"products\\/product-68.jpg\"]'),(627,8,NULL,NULL,54,3,'Second or third time that I buy a Botble product, happy with the products and support. You guys do a good job :)','published','2025-01-21 09:39:33','2025-01-21 09:39:33','[\"products\\/product-6.jpg\",\"products\\/product-19.jpg\",\"products\\/product-20.jpg\",\"products\\/product-88.jpg\"]'),(628,8,NULL,NULL,5,3,'These guys are amazing! Responses immediately, amazing support and help... I immediately feel at ease after Purchasing..','published','2025-01-21 09:39:33','2025-01-21 09:39:33','[\"products\\/product-47.jpg\"]'),(629,7,NULL,NULL,58,2,'It\'s not my first experience here on Codecanyon and I can honestly tell you all that Botble puts a LOT of effort into the support. They answer so fast, they helped me tons of times. REALLY by far THE BEST EXPERIENCE on Codecanyon. Those guys at Botble are so good that they deserve 5 stars. I recommend them, I trust them and I can\'t wait to see what they will sell in a near future. Thank you Botble :)','published','2025-01-21 09:39:33','2025-01-21 09:39:33','[\"products\\/pla-product-02.jpg\"]'),(632,2,NULL,NULL,43,2,'The script is the best of its class, fast, easy to implement and work with , and the most important thing is the great support team , Recommend with no doubt.','published','2025-01-21 09:39:33','2025-01-21 09:39:33','[\"products\\/product-24.jpg\"]'),(634,2,NULL,NULL,5,2,'Solution is too robust for our purpose so we didn\'t use it at the end. But I appreciate customer support during initial configuration.','published','2025-01-21 09:39:33','2025-01-21 09:39:33','[\"products\\/product-5.jpg\",\"products\\/product-32.jpg\",\"products\\/product-39.jpg\"]'),(636,4,NULL,NULL,50,2,'Second or third time that I buy a Botble product, happy with the products and support. You guys do a good job :)','published','2025-01-21 09:39:33','2025-01-21 09:39:33','[\"products\\/product-4.jpg\",\"products\\/product-18.jpg\",\"products\\/product-73.jpg\",\"products\\/product-80.jpg\"]'),(637,6,NULL,NULL,59,1,'This script is well coded and is super fast. The support is pretty quick. Very patient and helpful team. I strongly recommend it and they deserve more than 5 stars.','published','2025-01-21 09:39:33','2025-01-21 09:39:33','[\"products\\/product-24.jpg\"]'),(639,7,NULL,NULL,12,2,'I Love this Script. I also found how to add other fees. Now I just wait the BIG update for the Marketplace with the Bulk Import. Just do not forget to make it to be Multi-language for us the Botble Fans.','published','2025-01-21 09:39:33','2025-01-21 09:39:33','[\"products\\/product-24.jpg\",\"products\\/product-26.jpg\",\"products\\/product-46.jpg\",\"products\\/product-57.jpg\"]'),(641,3,NULL,NULL,37,1,'This web app is really good in design, code quality & features. Besides, the customer support provided by the Botble team was really fast & helpful. You guys are awesome!','published','2025-01-21 09:39:33','2025-01-21 09:39:33','[\"products\\/pla-product-01.jpg\",\"products\\/product-56.jpg\",\"products\\/product-76.jpg\",\"products\\/product-90.jpg\"]'),(643,1,NULL,NULL,4,1,'The script is the best of its class, fast, easy to implement and work with , and the most important thing is the great support team , Recommend with no doubt.','published','2025-01-21 09:39:33','2025-01-21 09:39:33','[\"products\\/pla-product-02.jpg\",\"products\\/product-35.jpg\",\"products\\/product-53.jpg\"]'),(645,6,NULL,NULL,43,3,'Great E-commerce system. And much more : Wonderful Customer Support.','published','2025-01-21 09:39:33','2025-01-21 09:39:33','[\"products\\/product-1.jpg\",\"products\\/product-11.jpg\"]'),(646,7,NULL,NULL,17,3,'Customer Support are grade (A*), however the code is a way too over engineered for it\'s purpose.','published','2025-01-21 09:39:33','2025-01-21 09:39:33','[\"products\\/pla-product-01.jpg\",\"products\\/product-15.jpg\",\"products\\/product-62.jpg\",\"products\\/product-91.jpg\"]'),(648,6,NULL,NULL,68,4,'Ok good product. I have some issues in customizations. But its not correct to blame the developer. The product is good. Good luck for your business.','published','2025-01-21 09:39:33','2025-01-21 09:39:33','[\"products\\/pla-product-02.jpg\",\"products\\/product-31.jpg\"]'),(649,10,NULL,NULL,68,1,'Solution is too robust for our purpose so we didn\'t use it at the end. But I appreciate customer support during initial configuration.','published','2025-01-21 09:39:33','2025-01-21 09:39:33','[\"products\\/product-56.jpg\",\"products\\/product-61.jpg\",\"products\\/product-81.jpg\"]'),(651,3,NULL,NULL,50,4,'Second or third time that I buy a Botble product, happy with the products and support. You guys do a good job :)','published','2025-01-21 09:39:33','2025-01-21 09:39:33','[\"products\\/product-60.jpg\"]'),(652,6,NULL,NULL,45,4,'Those guys now what they are doing, the release such a good product that it\'s a pleasure to work with ! Even when I was stuck on the project, I created a ticket and the next day it was replied by the team. GOOD JOB guys. I love working with them :)','published','2025-01-21 09:39:33','2025-01-21 09:39:33','[\"products\\/product-60.jpg\",\"products\\/product-77.jpg\"]'),(653,7,NULL,NULL,47,4,'Those guys now what they are doing, the release such a good product that it\'s a pleasure to work with ! Even when I was stuck on the project, I created a ticket and the next day it was replied by the team. GOOD JOB guys. I love working with them :)','published','2025-01-21 09:39:33','2025-01-21 09:39:33','[\"products\\/product-14.jpg\",\"products\\/product-76.jpg\",\"products\\/product-84.jpg\"]'),(654,1,NULL,NULL,31,5,'Perfect +++++++++ i love it really also i get to fast ticket answers... Thanks Lot BOTBLE Teams','published','2025-01-21 09:39:33','2025-01-21 09:39:33','[\"products\\/product-37.jpg\",\"products\\/product-64.jpg\"]'),(658,2,NULL,NULL,67,2,'Good app, good backup service and support. Good documentation.','published','2025-01-21 09:39:33','2025-01-21 09:39:33','[\"products\\/pla-product-01.jpg\"]'),(661,6,NULL,NULL,13,4,'Best ecommerce CMS online store!','published','2025-01-21 09:39:33','2025-01-21 09:39:33','[\"products\\/product-80.jpg\"]'),(662,9,NULL,NULL,38,5,'It\'s not my first experience here on Codecanyon and I can honestly tell you all that Botble puts a LOT of effort into the support. They answer so fast, they helped me tons of times. REALLY by far THE BEST EXPERIENCE on Codecanyon. Those guys at Botble are so good that they deserve 5 stars. I recommend them, I trust them and I can\'t wait to see what they will sell in a near future. Thank you Botble :)','published','2025-01-21 09:39:33','2025-01-21 09:39:33','[\"products\\/product-43.jpg\",\"products\\/product-61.jpg\"]'),(666,7,NULL,NULL,37,2,'Clean & perfect source code','published','2025-01-21 09:39:33','2025-01-21 09:39:33','[\"products\\/product-11.jpg\",\"products\\/product-16.jpg\",\"products\\/product-30.jpg\",\"products\\/product-54.jpg\"]'),(668,3,NULL,NULL,30,3,'This web app is really good in design, code quality & features. Besides, the customer support provided by the Botble team was really fast & helpful. You guys are awesome!','published','2025-01-21 09:39:33','2025-01-21 09:39:33','[\"products\\/product-43.jpg\"]'),(669,1,NULL,NULL,56,3,'Customer Support are grade (A*), however the code is a way too over engineered for it\'s purpose.','published','2025-01-21 09:39:33','2025-01-21 09:39:33','[\"products\\/product-51.jpg\",\"products\\/product-65.jpg\"]'),(671,1,NULL,NULL,22,4,'Great system, great support, good job Botble. I\'m looking forward to more great functional plugins.','published','2025-01-21 09:39:33','2025-01-21 09:39:33','[\"products\\/product-34.jpg\"]'),(672,9,NULL,NULL,75,1,'Second or third time that I buy a Botble product, happy with the products and support. You guys do a good job :)','published','2025-01-21 09:39:33','2025-01-21 09:39:33','[\"products\\/product-40.jpg\",\"products\\/product-87.jpg\"]'),(673,1,NULL,NULL,59,5,'Cool template. Excellent code quality. The support responds very quickly, which is very rare on themeforest and codecanyon.net, I buy a lot of templates, and everyone will have a response from technical support for two or three days. Thanks to tech support. I recommend to buy.','published','2025-01-21 09:39:33','2025-01-21 09:39:33','[\"products\\/product-4.jpg\",\"products\\/product-20.jpg\"]'),(675,10,NULL,NULL,45,3,'Cool template. Excellent code quality. The support responds very quickly, which is very rare on themeforest and codecanyon.net, I buy a lot of templates, and everyone will have a response from technical support for two or three days. Thanks to tech support. I recommend to buy.','published','2025-01-21 09:39:33','2025-01-21 09:39:33','[\"products\\/product-3.jpg\",\"products\\/product-30.jpg\",\"products\\/product-79.jpg\",\"products\\/product-91.jpg\"]'),(678,2,NULL,NULL,74,3,'We have received brilliant service support and will be expanding the features with the developer. Nice product!','published','2025-01-21 09:39:33','2025-01-21 09:39:33','[\"products\\/product-54.jpg\",\"products\\/product-76.jpg\",\"products\\/product-93.jpg\"]'),(680,2,NULL,NULL,17,5,'The code is good, in general, if you like it, can you give it 5 stars?','published','2025-01-21 09:39:33','2025-01-21 09:39:33','[\"products\\/product-42.jpg\",\"products\\/product-94.jpg\"]'),(683,3,NULL,NULL,58,3,'Amazing code, amazing support. Overall, im really confident in Botble and im happy I made the right choice! Thank you so much guys for coding this masterpiece','published','2025-01-21 09:39:33','2025-01-21 09:39:33','[\"products\\/product-15.jpg\",\"products\\/product-39.jpg\",\"products\\/product-83.jpg\",\"products\\/product-85.jpg\"]'),(688,2,NULL,NULL,75,3,'The best ecommerce CMS! Excellent coding! best support service! Thank you so much..... I really like your hard work.','published','2025-01-21 09:39:33','2025-01-21 09:39:33','[\"products\\/product-1.jpg\",\"products\\/product-59.jpg\"]'),(689,6,NULL,NULL,3,4,'Clean & perfect source code','published','2025-01-21 09:39:33','2025-01-21 09:39:33','[\"products\\/product-63.jpg\",\"products\\/product-75.jpg\"]'),(697,10,NULL,NULL,39,1,'Second or third time that I buy a Botble product, happy with the products and support. You guys do a good job :)','published','2025-01-21 09:39:33','2025-01-21 09:39:33','[\"products\\/product-9.jpg\",\"products\\/product-22.jpg\",\"products\\/product-24.jpg\"]'),(699,1,NULL,NULL,49,2,'As a developer I reviewed this script. This is really awesome ecommerce script. I have convinced when I noticed that it\'s built on fully WordPress concept.','published','2025-01-21 09:39:33','2025-01-21 09:39:33','[\"products\\/product-35.jpg\",\"products\\/product-55.jpg\",\"products\\/product-89.jpg\"]'),(700,9,NULL,NULL,30,1,'Solution is too robust for our purpose so we didn\'t use it at the end. But I appreciate customer support during initial configuration.','published','2025-01-21 09:39:33','2025-01-21 09:39:33','[\"products\\/pla-product-03.jpg\",\"products\\/product-49.jpg\",\"products\\/product-59.jpg\",\"products\\/product-79.jpg\"]'),(701,1,NULL,NULL,19,5,'The best store template! Excellent coding! Very good support! Thank you so much for all the help, I really appreciated.','published','2025-01-21 09:39:33','2025-01-21 09:39:33','[\"products\\/pla-product-03.jpg\",\"products\\/product-17.jpg\",\"products\\/product-83.jpg\"]'),(702,3,NULL,NULL,24,2,'This web app is really good in design, code quality & features. Besides, the customer support provided by the Botble team was really fast & helpful. You guys are awesome!','published','2025-01-21 09:39:33','2025-01-21 09:39:33','[\"products\\/pla-product-04.jpg\",\"products\\/product-11.jpg\",\"products\\/product-60.jpg\"]'),(703,7,NULL,NULL,31,5,'Perfect +++++++++ i love it really also i get to fast ticket answers... Thanks Lot BOTBLE Teams','published','2025-01-21 09:39:33','2025-01-21 09:39:33','[\"products\\/product-14.jpg\"]'),(704,5,NULL,NULL,39,5,'The best store template! Excellent coding! Very good support! Thank you so much for all the help, I really appreciated.','published','2025-01-21 09:39:33','2025-01-21 09:39:33','[\"products\\/product-7.jpg\",\"products\\/product-88.jpg\"]'),(705,7,NULL,NULL,7,3,'This web app is really good in design, code quality & features. Besides, the customer support provided by the Botble team was really fast & helpful. You guys are awesome!','published','2025-01-21 09:39:33','2025-01-21 09:39:33','[\"products\\/product-18.jpg\",\"products\\/product-24.jpg\",\"products\\/product-85.jpg\"]'),(713,5,NULL,NULL,23,5,'Amazing code, amazing support. Overall, im really confident in Botble and im happy I made the right choice! Thank you so much guys for coding this masterpiece','published','2025-01-21 09:39:33','2025-01-21 09:39:33','[\"products\\/product-64.jpg\"]'),(715,4,NULL,NULL,72,2,'Those guys now what they are doing, the release such a good product that it\'s a pleasure to work with ! Even when I was stuck on the project, I created a ticket and the next day it was replied by the team. GOOD JOB guys. I love working with them :)','published','2025-01-21 09:39:33','2025-01-21 09:39:33','[\"products\\/product-26.jpg\",\"products\\/product-38.jpg\",\"products\\/product-39.jpg\"]'),(718,2,NULL,NULL,56,2,'We have received brilliant service support and will be expanding the features with the developer. Nice product!','published','2025-01-21 09:39:33','2025-01-21 09:39:33','[\"products\\/product-85.jpg\"]'),(720,4,NULL,NULL,12,1,'Very enthusiastic support! Excellent code is written. It\'s a true pleasure working with.','published','2025-01-21 09:39:33','2025-01-21 09:39:33','[\"products\\/product-39.jpg\",\"products\\/product-41.jpg\",\"products\\/product-59.jpg\",\"products\\/product-77.jpg\"]'),(722,9,NULL,NULL,13,4,'Second or third time that I buy a Botble product, happy with the products and support. You guys do a good job :)','published','2025-01-21 09:39:33','2025-01-21 09:39:33','[\"products\\/pla-product-04.jpg\"]'),(726,3,NULL,NULL,61,1,'Customer Support are grade (A*), however the code is a way too over engineered for it\'s purpose.','published','2025-01-21 09:39:33','2025-01-21 09:39:33','[\"products\\/product-13.jpg\",\"products\\/product-73.jpg\"]'),(737,8,NULL,NULL,70,4,'It\'s not my first experience here on Codecanyon and I can honestly tell you all that Botble puts a LOT of effort into the support. They answer so fast, they helped me tons of times. REALLY by far THE BEST EXPERIENCE on Codecanyon. Those guys at Botble are so good that they deserve 5 stars. I recommend them, I trust them and I can\'t wait to see what they will sell in a near future. Thank you Botble :)','published','2025-01-21 09:39:33','2025-01-21 09:39:33','[\"products\\/pla-product-02.jpg\",\"products\\/product-42.jpg\",\"products\\/product-47.jpg\",\"products\\/product-80.jpg\"]'),(738,9,NULL,NULL,14,3,'Best ecommerce CMS online store!','published','2025-01-21 09:39:33','2025-01-21 09:39:33','[\"products\\/product-73.jpg\",\"products\\/product-87.jpg\"]'),(739,5,NULL,NULL,66,4,'Great system, great support, good job Botble. I\'m looking forward to more great functional plugins.','published','2025-01-21 09:39:33','2025-01-21 09:39:33','[\"products\\/product-57.jpg\",\"products\\/product-75.jpg\"]'),(741,7,NULL,NULL,8,5,'Best ecommerce CMS online store!','published','2025-01-21 09:39:33','2025-01-21 09:39:33','[\"products\\/product-49.jpg\"]'),(742,5,NULL,NULL,60,4,'Customer Support are grade (A*), however the code is a way too over engineered for it\'s purpose.','published','2025-01-21 09:39:33','2025-01-21 09:39:33','[\"products\\/product-58.jpg\"]'),(743,1,NULL,NULL,57,2,'This web app is really good in design, code quality & features. Besides, the customer support provided by the Botble team was really fast & helpful. You guys are awesome!','published','2025-01-21 09:39:33','2025-01-21 09:39:33','[\"products\\/product-11.jpg\"]'),(744,4,NULL,NULL,58,4,'Cool template. Excellent code quality. The support responds very quickly, which is very rare on themeforest and codecanyon.net, I buy a lot of templates, and everyone will have a response from technical support for two or three days. Thanks to tech support. I recommend to buy.','published','2025-01-21 09:39:33','2025-01-21 09:39:33','[\"products\\/product-16.jpg\"]'),(748,1,NULL,NULL,15,5,'Cool template. Excellent code quality. The support responds very quickly, which is very rare on themeforest and codecanyon.net, I buy a lot of templates, and everyone will have a response from technical support for two or three days. Thanks to tech support. I recommend to buy.','published','2025-01-21 09:39:33','2025-01-21 09:39:33','[\"products\\/product-19.jpg\",\"products\\/product-52.jpg\",\"products\\/product-62.jpg\",\"products\\/product-85.jpg\"]'),(753,3,NULL,NULL,2,5,'The best store template! Excellent coding! Very good support! Thank you so much for all the help, I really appreciated.','published','2025-01-21 09:39:33','2025-01-21 09:39:33','[\"products\\/pla-product-03.jpg\",\"products\\/pla-product-04.jpg\",\"products\\/product-63.jpg\",\"products\\/product-91.jpg\"]'),(761,9,NULL,NULL,51,1,'Customer Support are grade (A*), however the code is a way too over engineered for it\'s purpose.','published','2025-01-21 09:39:33','2025-01-21 09:39:33','[\"products\\/product-20.jpg\",\"products\\/product-69.jpg\"]'),(762,6,NULL,NULL,72,5,'Clean & perfect source code','published','2025-01-21 09:39:33','2025-01-21 09:39:33','[\"products\\/product-48.jpg\",\"products\\/product-70.jpg\",\"products\\/product-82.jpg\"]'),(763,6,NULL,NULL,7,1,'Best ecommerce CMS online store!','published','2025-01-21 09:39:33','2025-01-21 09:39:33','[\"products\\/product-4.jpg\",\"products\\/product-18.jpg\",\"products\\/product-24.jpg\",\"products\\/product-38.jpg\"]'),(771,2,NULL,NULL,60,4,'Ok good product. I have some issues in customizations. But its not correct to blame the developer. The product is good. Good luck for your business.','published','2025-01-21 09:39:33','2025-01-21 09:39:33','[\"products\\/product-25.jpg\",\"products\\/product-39.jpg\",\"products\\/product-50.jpg\"]'),(772,1,NULL,NULL,39,2,'The best store template! Excellent coding! Very good support! Thank you so much for all the help, I really appreciated.','published','2025-01-21 09:39:33','2025-01-21 09:39:33','[\"products\\/product-3.jpg\",\"products\\/product-79.jpg\"]'),(773,8,NULL,NULL,45,5,'The code is good, in general, if you like it, can you give it 5 stars?','published','2025-01-21 09:39:33','2025-01-21 09:39:33','[\"products\\/product-60.jpg\"]'),(777,5,NULL,NULL,58,4,'Solution is too robust for our purpose so we didn\'t use it at the end. But I appreciate customer support during initial configuration.','published','2025-01-21 09:39:33','2025-01-21 09:39:33','[\"products\\/product-71.jpg\",\"products\\/product-73.jpg\"]'),(779,5,NULL,NULL,63,5,'Best ecommerce CMS online store!','published','2025-01-21 09:39:33','2025-01-21 09:39:33','[\"products\\/product-34.jpg\",\"products\\/product-35.jpg\",\"products\\/product-43.jpg\",\"products\\/product-66.jpg\"]'),(781,10,NULL,NULL,1,2,'The best ecommerce CMS! Excellent coding! best support service! Thank you so much..... I really like your hard work.','published','2025-01-21 09:39:33','2025-01-21 09:39:33','[\"products\\/product-28.jpg\",\"products\\/product-65.jpg\",\"products\\/product-68.jpg\",\"products\\/product-80.jpg\"]'),(784,10,NULL,NULL,34,1,'Cool template. Excellent code quality. The support responds very quickly, which is very rare on themeforest and codecanyon.net, I buy a lot of templates, and everyone will have a response from technical support for two or three days. Thanks to tech support. I recommend to buy.','published','2025-01-21 09:39:33','2025-01-21 09:39:33','[\"products\\/product-5.jpg\",\"products\\/product-26.jpg\",\"products\\/product-44.jpg\",\"products\\/product-59.jpg\"]'),(785,9,NULL,NULL,71,4,'The best ecommerce CMS! Excellent coding! best support service! Thank you so much..... I really like your hard work.','published','2025-01-21 09:39:33','2025-01-21 09:39:33','[\"products\\/product-2.jpg\",\"products\\/product-29.jpg\",\"products\\/product-70.jpg\",\"products\\/product-88.jpg\"]'),(790,5,NULL,NULL,30,3,'Those guys now what they are doing, the release such a good product that it\'s a pleasure to work with ! Even when I was stuck on the project, I created a ticket and the next day it was replied by the team. GOOD JOB guys. I love working with them :)','published','2025-01-21 09:39:33','2025-01-21 09:39:33','[\"products\\/product-57.jpg\"]'),(791,8,NULL,NULL,44,4,'As a developer I reviewed this script. This is really awesome ecommerce script. I have convinced when I noticed that it\'s built on fully WordPress concept.','published','2025-01-21 09:39:33','2025-01-21 09:39:33','[\"products\\/product-82.jpg\"]'),(795,7,NULL,NULL,54,2,'Perfect +++++++++ i love it really also i get to fast ticket answers... Thanks Lot BOTBLE Teams','published','2025-01-21 09:39:33','2025-01-21 09:39:33','[\"products\\/product-52.jpg\",\"products\\/product-89.jpg\"]'),(798,2,NULL,NULL,19,4,'The script is the best of its class, fast, easy to implement and work with , and the most important thing is the great support team , Recommend with no doubt.','published','2025-01-21 09:39:33','2025-01-21 09:39:33','[\"products\\/product-26.jpg\",\"products\\/product-28.jpg\",\"products\\/product-79.jpg\"]'),(799,9,NULL,NULL,52,4,'Cool template. Excellent code quality. The support responds very quickly, which is very rare on themeforest and codecanyon.net, I buy a lot of templates, and everyone will have a response from technical support for two or three days. Thanks to tech support. I recommend to buy.','published','2025-01-21 09:39:33','2025-01-21 09:39:33','[\"products\\/product-29.jpg\",\"products\\/product-52.jpg\"]'),(803,4,NULL,NULL,5,5,'Clean & perfect source code','published','2025-01-21 09:39:33','2025-01-21 09:39:33','[\"products\\/product-22.jpg\"]'),(807,5,NULL,NULL,72,1,'I Love this Script. I also found how to add other fees. Now I just wait the BIG update for the Marketplace with the Bulk Import. Just do not forget to make it to be Multi-language for us the Botble Fans.','published','2025-01-21 09:39:33','2025-01-21 09:39:33','[\"products\\/product-48.jpg\",\"products\\/product-61.jpg\"]'),(814,4,NULL,NULL,51,3,'The code is good, in general, if you like it, can you give it 5 stars?','published','2025-01-21 09:39:33','2025-01-21 09:39:33','[\"products\\/product-18.jpg\",\"products\\/product-46.jpg\"]'),(815,8,NULL,NULL,12,1,'I Love this Script. I also found how to add other fees. Now I just wait the BIG update for the Marketplace with the Bulk Import. Just do not forget to make it to be Multi-language for us the Botble Fans.','published','2025-01-21 09:39:33','2025-01-21 09:39:33','[\"products\\/pla-product-04.jpg\",\"products\\/product-43.jpg\",\"products\\/product-48.jpg\",\"products\\/product-71.jpg\"]'),(816,7,NULL,NULL,40,1,'Very enthusiastic support! Excellent code is written. It\'s a true pleasure working with.','published','2025-01-21 09:39:33','2025-01-21 09:39:33','[\"products\\/product-15.jpg\",\"products\\/product-53.jpg\",\"products\\/product-84.jpg\"]'),(824,10,NULL,NULL,42,2,'Good app, good backup service and support. Good documentation.','published','2025-01-21 09:39:33','2025-01-21 09:39:33','[\"products\\/product-71.jpg\"]'),(825,9,NULL,NULL,65,1,'The best store template! Excellent coding! Very good support! Thank you so much for all the help, I really appreciated.','published','2025-01-21 09:39:33','2025-01-21 09:39:33','[\"products\\/product-17.jpg\",\"products\\/product-47.jpg\",\"products\\/product-86.jpg\"]'),(829,8,NULL,NULL,1,4,'Clean & perfect source code','published','2025-01-21 09:39:33','2025-01-21 09:39:33','[\"products\\/product-25.jpg\"]'),(830,7,NULL,NULL,29,3,'Second or third time that I buy a Botble product, happy with the products and support. You guys do a good job :)','published','2025-01-21 09:39:33','2025-01-21 09:39:33','[\"products\\/product-30.jpg\",\"products\\/product-79.jpg\"]'),(834,5,NULL,NULL,20,5,'For me the best eCommerce script on Envato at this moment: modern, clean code, a lot of great features. The customer support is great too: I always get an answer within hours!','published','2025-01-21 09:39:33','2025-01-21 09:39:33','[\"products\\/product-38.jpg\",\"products\\/product-50.jpg\",\"products\\/product-84.jpg\"]'),(835,2,NULL,NULL,65,1,'It\'s not my first experience here on Codecanyon and I can honestly tell you all that Botble puts a LOT of effort into the support. They answer so fast, they helped me tons of times. REALLY by far THE BEST EXPERIENCE on Codecanyon. Those guys at Botble are so good that they deserve 5 stars. I recommend them, I trust them and I can\'t wait to see what they will sell in a near future. Thank you Botble :)','published','2025-01-21 09:39:33','2025-01-21 09:39:33','[\"products\\/product-28.jpg\"]'),(838,1,NULL,NULL,14,1,'Amazing code, amazing support. Overall, im really confident in Botble and im happy I made the right choice! Thank you so much guys for coding this masterpiece','published','2025-01-21 09:39:33','2025-01-21 09:39:33','[\"products\\/pla-product-04.jpg\"]'),(842,6,NULL,NULL,65,5,'This web app is really good in design, code quality & features. Besides, the customer support provided by the Botble team was really fast & helpful. You guys are awesome!','published','2025-01-21 09:39:33','2025-01-21 09:39:33','[\"products\\/product-30.jpg\",\"products\\/product-86.jpg\"]'),(843,3,NULL,NULL,60,3,'Great system, great support, good job Botble. I\'m looking forward to more great functional plugins.','published','2025-01-21 09:39:33','2025-01-21 09:39:33','[\"products\\/product-92.jpg\"]'),(847,2,NULL,NULL,15,1,'Very enthusiastic support! Excellent code is written. It\'s a true pleasure working with.','published','2025-01-21 09:39:33','2025-01-21 09:39:33','[\"products\\/product-53.jpg\",\"products\\/product-66.jpg\"]'),(848,4,NULL,NULL,56,3,'As a developer I reviewed this script. This is really awesome ecommerce script. I have convinced when I noticed that it\'s built on fully WordPress concept.','published','2025-01-21 09:39:33','2025-01-21 09:39:33','[\"products\\/product-61.jpg\",\"products\\/product-70.jpg\",\"products\\/product-74.jpg\",\"products\\/product-84.jpg\"]'),(849,7,NULL,NULL,44,2,'Great E-commerce system. And much more : Wonderful Customer Support.','published','2025-01-21 09:39:33','2025-01-21 09:39:33','[\"products\\/product-18.jpg\",\"products\\/product-39.jpg\",\"products\\/product-95.jpg\"]'),(853,1,NULL,NULL,43,1,'We have received brilliant service support and will be expanding the features with the developer. Nice product!','published','2025-01-21 09:39:33','2025-01-21 09:39:33','[\"products\\/product-26.jpg\",\"products\\/product-58.jpg\",\"products\\/product-61.jpg\",\"products\\/product-86.jpg\"]'),(854,7,NULL,NULL,20,3,'As a developer I reviewed this script. This is really awesome ecommerce script. I have convinced when I noticed that it\'s built on fully WordPress concept.','published','2025-01-21 09:39:33','2025-01-21 09:39:33','[\"products\\/product-2.jpg\",\"products\\/product-31.jpg\",\"products\\/product-54.jpg\",\"products\\/product-59.jpg\"]'),(863,6,NULL,NULL,52,2,'Amazing code, amazing support. Overall, im really confident in Botble and im happy I made the right choice! Thank you so much guys for coding this masterpiece','published','2025-01-21 09:39:33','2025-01-21 09:39:33','[\"products\\/product-23.jpg\",\"products\\/product-30.jpg\",\"products\\/product-50.jpg\",\"products\\/product-90.jpg\"]'),(866,7,NULL,NULL,23,3,'As a developer I reviewed this script. This is really awesome ecommerce script. I have convinced when I noticed that it\'s built on fully WordPress concept.','published','2025-01-21 09:39:33','2025-01-21 09:39:33','[\"products\\/product-63.jpg\",\"products\\/product-87.jpg\"]'),(873,9,NULL,NULL,66,2,'Ok good product. I have some issues in customizations. But its not correct to blame the developer. The product is good. Good luck for your business.','published','2025-01-21 09:39:33','2025-01-21 09:39:33','[\"products\\/product-29.jpg\",\"products\\/product-49.jpg\",\"products\\/product-50.jpg\",\"products\\/product-51.jpg\"]'),(874,4,NULL,NULL,33,5,'Solution is too robust for our purpose so we didn\'t use it at the end. But I appreciate customer support during initial configuration.','published','2025-01-21 09:39:33','2025-01-21 09:39:33','[\"products\\/pla-product-04.jpg\",\"products\\/product-24.jpg\",\"products\\/product-44.jpg\",\"products\\/product-70.jpg\"]'),(877,1,NULL,NULL,53,4,'As a developer I reviewed this script. This is really awesome ecommerce script. I have convinced when I noticed that it\'s built on fully WordPress concept.','published','2025-01-21 09:39:33','2025-01-21 09:39:33','[\"products\\/product-44.jpg\",\"products\\/product-54.jpg\",\"products\\/product-67.jpg\",\"products\\/product-69.jpg\"]'),(880,7,NULL,NULL,69,5,'The script is the best of its class, fast, easy to implement and work with , and the most important thing is the great support team , Recommend with no doubt.','published','2025-01-21 09:39:33','2025-01-21 09:39:33','[\"products\\/product-13.jpg\"]'),(883,1,NULL,NULL,13,4,'Best ecommerce CMS online store!','published','2025-01-21 09:39:33','2025-01-21 09:39:33','[\"products\\/product-4.jpg\",\"products\\/product-55.jpg\",\"products\\/product-63.jpg\",\"products\\/product-93.jpg\"]'),(885,9,NULL,NULL,6,3,'The script is the best of its class, fast, easy to implement and work with , and the most important thing is the great support team , Recommend with no doubt.','published','2025-01-21 09:39:33','2025-01-21 09:39:33','[\"products\\/product-69.jpg\"]'),(886,3,NULL,NULL,35,1,'Solution is too robust for our purpose so we didn\'t use it at the end. But I appreciate customer support during initial configuration.','published','2025-01-21 09:39:33','2025-01-21 09:39:33','[\"products\\/product-8.jpg\",\"products\\/product-59.jpg\",\"products\\/product-62.jpg\"]'),(890,5,NULL,NULL,31,4,'The code is good, in general, if you like it, can you give it 5 stars?','published','2025-01-21 09:39:33','2025-01-21 09:39:33','[\"products\\/product-26.jpg\",\"products\\/product-64.jpg\",\"products\\/product-66.jpg\"]'),(892,1,NULL,NULL,26,2,'The best store template! Excellent coding! Very good support! Thank you so much for all the help, I really appreciated.','published','2025-01-21 09:39:33','2025-01-21 09:39:33','[\"products\\/product-39.jpg\",\"products\\/product-61.jpg\",\"products\\/product-91.jpg\"]'),(896,1,NULL,NULL,66,3,'The code is good, in general, if you like it, can you give it 5 stars?','published','2025-01-21 09:39:33','2025-01-21 09:39:33','[\"products\\/product-15.jpg\"]'),(898,4,NULL,NULL,29,3,'Ok good product. I have some issues in customizations. But its not correct to blame the developer. The product is good. Good luck for your business.','published','2025-01-21 09:39:33','2025-01-21 09:39:33','[\"products\\/product-40.jpg\"]'),(899,10,NULL,NULL,15,5,'Clean & perfect source code','published','2025-01-21 09:39:33','2025-01-21 09:39:33','[\"products\\/product-18.jpg\",\"products\\/product-38.jpg\",\"products\\/product-52.jpg\"]'),(900,6,NULL,NULL,9,3,'Ok good product. I have some issues in customizations. But its not correct to blame the developer. The product is good. Good luck for your business.','published','2025-01-21 09:39:33','2025-01-21 09:39:33','[\"products\\/product-18.jpg\",\"products\\/product-76.jpg\"]'),(904,8,NULL,NULL,13,4,'Cool template. Excellent code quality. The support responds very quickly, which is very rare on themeforest and codecanyon.net, I buy a lot of templates, and everyone will have a response from technical support for two or three days. Thanks to tech support. I recommend to buy.','published','2025-01-21 09:39:33','2025-01-21 09:39:33','[\"products\\/product-5.jpg\",\"products\\/product-15.jpg\",\"products\\/product-43.jpg\",\"products\\/product-82.jpg\"]'),(906,9,NULL,NULL,57,1,'Perfect +++++++++ i love it really also i get to fast ticket answers... Thanks Lot BOTBLE Teams','published','2025-01-21 09:39:33','2025-01-21 09:39:33','[\"products\\/product-7.jpg\",\"products\\/product-68.jpg\",\"products\\/product-73.jpg\",\"products\\/product-91.jpg\"]'),(911,9,NULL,NULL,72,2,'Best ecommerce CMS online store!','published','2025-01-21 09:39:33','2025-01-21 09:39:33','[\"products\\/pla-product-03.jpg\"]'),(915,7,NULL,NULL,57,3,'The script is the best of its class, fast, easy to implement and work with , and the most important thing is the great support team , Recommend with no doubt.','published','2025-01-21 09:39:33','2025-01-21 09:39:33','[\"products\\/product-2.jpg\",\"products\\/product-19.jpg\",\"products\\/product-47.jpg\",\"products\\/product-78.jpg\"]'),(916,6,NULL,NULL,23,5,'As a developer I reviewed this script. This is really awesome ecommerce script. I have convinced when I noticed that it\'s built on fully WordPress concept.','published','2025-01-21 09:39:33','2025-01-21 09:39:33','[\"products\\/product-16.jpg\",\"products\\/product-29.jpg\",\"products\\/product-58.jpg\",\"products\\/product-66.jpg\"]'),(917,10,NULL,NULL,66,5,'Best ecommerce CMS online store!','published','2025-01-21 09:39:33','2025-01-21 09:39:33','[\"products\\/product-22.jpg\"]'),(924,8,NULL,NULL,74,3,'Great E-commerce system. And much more : Wonderful Customer Support.','published','2025-01-21 09:39:33','2025-01-21 09:39:33','[\"products\\/product-60.jpg\"]'),(925,6,NULL,NULL,32,4,'Best ecommerce CMS online store!','published','2025-01-21 09:39:33','2025-01-21 09:39:33','[\"products\\/product-10.jpg\",\"products\\/product-18.jpg\",\"products\\/product-81.jpg\"]'),(927,3,NULL,NULL,31,4,'Customer Support are grade (A*), however the code is a way too over engineered for it\'s purpose.','published','2025-01-21 09:39:33','2025-01-21 09:39:33','[\"products\\/product-60.jpg\"]'),(936,5,NULL,NULL,27,2,'For me the best eCommerce script on Envato at this moment: modern, clean code, a lot of great features. The customer support is great too: I always get an answer within hours!','published','2025-01-21 09:39:33','2025-01-21 09:39:33','[\"products\\/product-18.jpg\",\"products\\/product-29.jpg\",\"products\\/product-46.jpg\",\"products\\/product-50.jpg\"]'),(937,9,NULL,NULL,31,2,'For me the best eCommerce script on Envato at this moment: modern, clean code, a lot of great features. The customer support is great too: I always get an answer within hours!','published','2025-01-21 09:39:33','2025-01-21 09:39:33','[\"products\\/pla-product-01.jpg\",\"products\\/product-41.jpg\",\"products\\/product-85.jpg\"]'),(939,1,NULL,NULL,37,5,'Customer Support are grade (A*), however the code is a way too over engineered for it\'s purpose.','published','2025-01-21 09:39:33','2025-01-21 09:39:33','[\"products\\/product-8.jpg\",\"products\\/product-27.jpg\",\"products\\/product-44.jpg\",\"products\\/product-89.jpg\"]'),(940,1,NULL,NULL,75,2,'Perfect +++++++++ i love it really also i get to fast ticket answers... Thanks Lot BOTBLE Teams','published','2025-01-21 09:39:33','2025-01-21 09:39:33','[\"products\\/product-42.jpg\"]'),(947,2,NULL,NULL,69,4,'Best ecommerce CMS online store!','published','2025-01-21 09:39:33','2025-01-21 09:39:33','[\"products\\/product-35.jpg\"]'),(950,5,NULL,NULL,32,4,'It\'s not my first experience here on Codecanyon and I can honestly tell you all that Botble puts a LOT of effort into the support. They answer so fast, they helped me tons of times. REALLY by far THE BEST EXPERIENCE on Codecanyon. Those guys at Botble are so good that they deserve 5 stars. I recommend them, I trust them and I can\'t wait to see what they will sell in a near future. Thank you Botble :)','published','2025-01-21 09:39:33','2025-01-21 09:39:33','[\"products\\/product-31.jpg\",\"products\\/product-43.jpg\",\"products\\/product-52.jpg\",\"products\\/product-57.jpg\"]'),(952,2,NULL,NULL,62,5,'Ok good product. I have some issues in customizations. But its not correct to blame the developer. The product is good. Good luck for your business.','published','2025-01-21 09:39:33','2025-01-21 09:39:33','[\"products\\/product-15.jpg\",\"products\\/product-91.jpg\"]'),(953,3,NULL,NULL,43,2,'Ok good product. I have some issues in customizations. But its not correct to blame the developer. The product is good. Good luck for your business.','published','2025-01-21 09:39:33','2025-01-21 09:39:33','[\"products\\/product-46.jpg\"]'),(955,6,NULL,NULL,8,4,'Clean & perfect source code','published','2025-01-21 09:39:33','2025-01-21 09:39:33','[\"products\\/product-84.jpg\"]'),(956,10,NULL,NULL,10,4,'Amazing code, amazing support. Overall, im really confident in Botble and im happy I made the right choice! Thank you so much guys for coding this masterpiece','published','2025-01-21 09:39:33','2025-01-21 09:39:33','[\"products\\/product-7.jpg\",\"products\\/product-19.jpg\",\"products\\/product-50.jpg\",\"products\\/product-73.jpg\"]'),(961,1,NULL,NULL,6,4,'We have received brilliant service support and will be expanding the features with the developer. Nice product!','published','2025-01-21 09:39:33','2025-01-21 09:39:33','[\"products\\/product-28.jpg\",\"products\\/product-67.jpg\"]'),(962,5,NULL,NULL,17,5,'Customer Support are grade (A*), however the code is a way too over engineered for it\'s purpose.','published','2025-01-21 09:39:33','2025-01-21 09:39:33','[\"products\\/product-19.jpg\",\"products\\/product-25.jpg\",\"products\\/product-37.jpg\"]'),(969,8,NULL,NULL,38,1,'Clean & perfect source code','published','2025-01-21 09:39:33','2025-01-21 09:39:33','[\"products\\/product-16.jpg\",\"products\\/product-35.jpg\"]'),(972,10,NULL,NULL,32,2,'Ok good product. I have some issues in customizations. But its not correct to blame the developer. The product is good. Good luck for your business.','published','2025-01-21 09:39:33','2025-01-21 09:39:33','[\"products\\/product-66.jpg\"]'),(980,6,NULL,NULL,39,4,'The script is the best of its class, fast, easy to implement and work with , and the most important thing is the great support team , Recommend with no doubt.','published','2025-01-21 09:39:33','2025-01-21 09:39:33','[\"products\\/pla-product-02.jpg\",\"products\\/product-45.jpg\",\"products\\/product-76.jpg\"]'),(981,6,NULL,NULL,40,3,'The code is good, in general, if you like it, can you give it 5 stars?','published','2025-01-21 09:39:33','2025-01-21 09:39:33','[\"products\\/pla-product-04.jpg\",\"products\\/product-47.jpg\",\"products\\/product-57.jpg\"]'),(983,3,NULL,NULL,1,2,'Very enthusiastic support! Excellent code is written. It\'s a true pleasure working with.','published','2025-01-21 09:39:33','2025-01-21 09:39:33','[\"products\\/product-44.jpg\"]'),(990,10,NULL,NULL,62,3,'For me the best eCommerce script on Envato at this moment: modern, clean code, a lot of great features. The customer support is great too: I always get an answer within hours!','published','2025-01-21 09:39:33','2025-01-21 09:39:33','[\"products\\/product-58.jpg\"]'),(993,5,NULL,NULL,14,4,'For me the best eCommerce script on Envato at this moment: modern, clean code, a lot of great features. The customer support is great too: I always get an answer within hours!','published','2025-01-21 09:39:33','2025-01-21 09:39:33','[\"products\\/product-45.jpg\",\"products\\/product-76.jpg\",\"products\\/product-77.jpg\",\"products\\/product-93.jpg\"]'),(998,5,NULL,NULL,15,4,'For me the best eCommerce script on Envato at this moment: modern, clean code, a lot of great features. The customer support is great too: I always get an answer within hours!','published','2025-01-21 09:39:33','2025-01-21 09:39:33','[\"products\\/product-44.jpg\"]');
/*!40000 ALTER TABLE `ec_reviews` ENABLE KEYS */;
UNLOCK TABLES;

--
-- Table structure for table `ec_shared_wishlists`
--

DROP TABLE IF EXISTS `ec_shared_wishlists`;
/*!40101 SET @saved_cs_client     = @@character_set_client */;
/*!40101 SET character_set_client = utf8 */;
CREATE TABLE `ec_shared_wishlists` (
  `id` bigint unsigned NOT NULL AUTO_INCREMENT,
  `code` varchar(191) COLLATE utf8mb4_unicode_ci NOT NULL,
  `product_ids` text COLLATE utf8mb4_unicode_ci,
  `created_at` timestamp NULL DEFAULT NULL,
  `updated_at` timestamp NULL DEFAULT NULL,
  PRIMARY KEY (`id`),
  UNIQUE KEY `ec_shared_wishlists_code_unique` (`code`)
) ENGINE=InnoDB DEFAULT CHARSET=utf8mb4 COLLATE=utf8mb4_unicode_ci;
/*!40101 SET character_set_client = @saved_cs_client */;

--
-- Dumping data for table `ec_shared_wishlists`
--

LOCK TABLES `ec_shared_wishlists` WRITE;
/*!40000 ALTER TABLE `ec_shared_wishlists` DISABLE KEYS */;
/*!40000 ALTER TABLE `ec_shared_wishlists` ENABLE KEYS */;
UNLOCK TABLES;

--
-- Table structure for table `ec_shipment_histories`
--

DROP TABLE IF EXISTS `ec_shipment_histories`;
/*!40101 SET @saved_cs_client     = @@character_set_client */;
/*!40101 SET character_set_client = utf8 */;
CREATE TABLE `ec_shipment_histories` (
  `id` bigint unsigned NOT NULL AUTO_INCREMENT,
  `action` varchar(120) COLLATE utf8mb4_unicode_ci NOT NULL,
  `description` varchar(400) COLLATE utf8mb4_unicode_ci DEFAULT NULL,
  `user_id` bigint unsigned DEFAULT NULL,
  `shipment_id` bigint unsigned NOT NULL,
  `order_id` bigint unsigned NOT NULL,
  `created_at` timestamp NULL DEFAULT NULL,
  `updated_at` timestamp NULL DEFAULT NULL,
  `user_type` varchar(191) COLLATE utf8mb4_unicode_ci NOT NULL DEFAULT 'Botble\\ACL\\Models\\User',
  PRIMARY KEY (`id`)
) ENGINE=InnoDB DEFAULT CHARSET=utf8mb4 COLLATE=utf8mb4_unicode_ci;
/*!40101 SET character_set_client = @saved_cs_client */;

--
-- Dumping data for table `ec_shipment_histories`
--

LOCK TABLES `ec_shipment_histories` WRITE;
/*!40000 ALTER TABLE `ec_shipment_histories` DISABLE KEYS */;
/*!40000 ALTER TABLE `ec_shipment_histories` ENABLE KEYS */;
UNLOCK TABLES;

--
-- Table structure for table `ec_shipments`
--

DROP TABLE IF EXISTS `ec_shipments`;
/*!40101 SET @saved_cs_client     = @@character_set_client */;
/*!40101 SET character_set_client = utf8 */;
CREATE TABLE `ec_shipments` (
  `id` bigint unsigned NOT NULL AUTO_INCREMENT,
  `order_id` bigint unsigned NOT NULL,
  `user_id` bigint unsigned DEFAULT NULL,
  `weight` double DEFAULT '0',
  `shipment_id` varchar(120) COLLATE utf8mb4_unicode_ci DEFAULT NULL,
  `rate_id` varchar(120) COLLATE utf8mb4_unicode_ci DEFAULT NULL,
  `note` varchar(120) COLLATE utf8mb4_unicode_ci DEFAULT NULL,
  `status` varchar(120) COLLATE utf8mb4_unicode_ci NOT NULL DEFAULT 'pending',
  `cod_amount` decimal(15,2) DEFAULT '0.00',
  `cod_status` varchar(60) COLLATE utf8mb4_unicode_ci NOT NULL DEFAULT 'pending',
  `cross_checking_status` varchar(60) COLLATE utf8mb4_unicode_ci NOT NULL DEFAULT 'pending',
  `price` decimal(15,2) DEFAULT '0.00',
  `store_id` bigint unsigned DEFAULT NULL,
  `created_at` timestamp NULL DEFAULT NULL,
  `updated_at` timestamp NULL DEFAULT NULL,
  `tracking_id` varchar(191) COLLATE utf8mb4_unicode_ci DEFAULT NULL,
  `shipping_company_name` varchar(191) COLLATE utf8mb4_unicode_ci DEFAULT NULL,
  `tracking_link` varchar(191) COLLATE utf8mb4_unicode_ci DEFAULT NULL,
  `estimate_date_shipped` datetime DEFAULT NULL,
  `date_shipped` datetime DEFAULT NULL,
  `customer_delivered_confirmed_at` timestamp NULL DEFAULT NULL,
  `label_url` text COLLATE utf8mb4_unicode_ci,
  `metadata` mediumtext COLLATE utf8mb4_unicode_ci,
  PRIMARY KEY (`id`)
) ENGINE=InnoDB DEFAULT CHARSET=utf8mb4 COLLATE=utf8mb4_unicode_ci;
/*!40101 SET character_set_client = @saved_cs_client */;

--
-- Dumping data for table `ec_shipments`
--

LOCK TABLES `ec_shipments` WRITE;
/*!40000 ALTER TABLE `ec_shipments` DISABLE KEYS */;
/*!40000 ALTER TABLE `ec_shipments` ENABLE KEYS */;
UNLOCK TABLES;

--
-- Table structure for table `ec_shipping`
--

DROP TABLE IF EXISTS `ec_shipping`;
/*!40101 SET @saved_cs_client     = @@character_set_client */;
/*!40101 SET character_set_client = utf8 */;
CREATE TABLE `ec_shipping` (
  `id` bigint unsigned NOT NULL AUTO_INCREMENT,
  `title` varchar(191) COLLATE utf8mb4_unicode_ci DEFAULT NULL,
  `country` varchar(120) COLLATE utf8mb4_unicode_ci DEFAULT NULL,
  `created_at` timestamp NULL DEFAULT NULL,
  `updated_at` timestamp NULL DEFAULT NULL,
  PRIMARY KEY (`id`)
) ENGINE=InnoDB AUTO_INCREMENT=2 DEFAULT CHARSET=utf8mb4 COLLATE=utf8mb4_unicode_ci;
/*!40101 SET character_set_client = @saved_cs_client */;

--
-- Dumping data for table `ec_shipping`
--

LOCK TABLES `ec_shipping` WRITE;
/*!40000 ALTER TABLE `ec_shipping` DISABLE KEYS */;
INSERT INTO `ec_shipping` VALUES (1,'All',NULL,'2025-01-21 09:39:08','2025-01-21 09:39:08');
/*!40000 ALTER TABLE `ec_shipping` ENABLE KEYS */;
UNLOCK TABLES;

--
-- Table structure for table `ec_shipping_rule_items`
--

DROP TABLE IF EXISTS `ec_shipping_rule_items`;
/*!40101 SET @saved_cs_client     = @@character_set_client */;
/*!40101 SET character_set_client = utf8 */;
CREATE TABLE `ec_shipping_rule_items` (
  `id` bigint unsigned NOT NULL AUTO_INCREMENT,
  `shipping_rule_id` bigint unsigned NOT NULL,
  `country` varchar(120) COLLATE utf8mb4_unicode_ci DEFAULT NULL,
  `state` varchar(120) COLLATE utf8mb4_unicode_ci DEFAULT NULL,
  `city` varchar(120) COLLATE utf8mb4_unicode_ci DEFAULT NULL,
  `zip_code` varchar(20) COLLATE utf8mb4_unicode_ci DEFAULT NULL,
  `adjustment_price` decimal(15,2) DEFAULT '0.00',
  `is_enabled` tinyint(1) NOT NULL DEFAULT '1',
  `created_at` timestamp NULL DEFAULT NULL,
  `updated_at` timestamp NULL DEFAULT NULL,
  PRIMARY KEY (`id`)
) ENGINE=InnoDB DEFAULT CHARSET=utf8mb4 COLLATE=utf8mb4_unicode_ci;
/*!40101 SET character_set_client = @saved_cs_client */;

--
-- Dumping data for table `ec_shipping_rule_items`
--

LOCK TABLES `ec_shipping_rule_items` WRITE;
/*!40000 ALTER TABLE `ec_shipping_rule_items` DISABLE KEYS */;
/*!40000 ALTER TABLE `ec_shipping_rule_items` ENABLE KEYS */;
UNLOCK TABLES;

--
-- Table structure for table `ec_shipping_rules`
--

DROP TABLE IF EXISTS `ec_shipping_rules`;
/*!40101 SET @saved_cs_client     = @@character_set_client */;
/*!40101 SET character_set_client = utf8 */;
CREATE TABLE `ec_shipping_rules` (
  `id` bigint unsigned NOT NULL AUTO_INCREMENT,
  `name` varchar(120) COLLATE utf8mb4_unicode_ci NOT NULL,
  `shipping_id` bigint unsigned NOT NULL,
  `type` varchar(24) COLLATE utf8mb4_unicode_ci DEFAULT 'based_on_price',
  `from` decimal(15,2) DEFAULT '0.00',
  `to` decimal(15,2) DEFAULT '0.00',
  `price` decimal(15,2) DEFAULT '0.00',
  `created_at` timestamp NULL DEFAULT NULL,
  `updated_at` timestamp NULL DEFAULT NULL,
  PRIMARY KEY (`id`)
) ENGINE=InnoDB AUTO_INCREMENT=4 DEFAULT CHARSET=utf8mb4 COLLATE=utf8mb4_unicode_ci;
/*!40101 SET character_set_client = @saved_cs_client */;

--
-- Dumping data for table `ec_shipping_rules`
--

LOCK TABLES `ec_shipping_rules` WRITE;
/*!40000 ALTER TABLE `ec_shipping_rules` DISABLE KEYS */;
INSERT INTO `ec_shipping_rules` VALUES (1,'Free delivery',1,'based_on_price',1000.00,NULL,0.00,'2025-01-21 09:39:08','2025-01-21 09:39:08'),(2,'Flat Rate',1,'based_on_price',0.00,NULL,20.00,'2025-01-21 09:39:08','2025-01-21 09:39:08'),(3,'Local Pickup',1,'based_on_price',0.00,NULL,0.00,'2025-01-21 09:39:08','2025-01-21 09:39:08');
/*!40000 ALTER TABLE `ec_shipping_rules` ENABLE KEYS */;
UNLOCK TABLES;

--
-- Table structure for table `ec_specification_attributes`
--

DROP TABLE IF EXISTS `ec_specification_attributes`;
/*!40101 SET @saved_cs_client     = @@character_set_client */;
/*!40101 SET character_set_client = utf8 */;
CREATE TABLE `ec_specification_attributes` (
  `id` bigint unsigned NOT NULL AUTO_INCREMENT,
  `group_id` bigint unsigned NOT NULL,
  `name` varchar(191) COLLATE utf8mb4_unicode_ci NOT NULL,
  `type` varchar(20) COLLATE utf8mb4_unicode_ci NOT NULL,
  `options` text COLLATE utf8mb4_unicode_ci,
  `default_value` varchar(191) COLLATE utf8mb4_unicode_ci DEFAULT NULL,
  `created_at` timestamp NULL DEFAULT NULL,
  `updated_at` timestamp NULL DEFAULT NULL,
  `author_type` varchar(191) COLLATE utf8mb4_unicode_ci DEFAULT NULL,
  `author_id` bigint unsigned DEFAULT NULL,
  PRIMARY KEY (`id`),
  KEY `ec_specification_attributes_author_type_author_id_index` (`author_type`,`author_id`)
) ENGINE=InnoDB AUTO_INCREMENT=9 DEFAULT CHARSET=utf8mb4 COLLATE=utf8mb4_unicode_ci;
/*!40101 SET character_set_client = @saved_cs_client */;

--
-- Dumping data for table `ec_specification_attributes`
--

LOCK TABLES `ec_specification_attributes` WRITE;
/*!40000 ALTER TABLE `ec_specification_attributes` DISABLE KEYS */;
INSERT INTO `ec_specification_attributes` VALUES (1,1,'Height','text',NULL,NULL,'2025-01-21 09:39:26','2025-01-21 09:39:26',NULL,NULL),(2,1,'Width','text',NULL,NULL,'2025-01-21 09:39:26','2025-01-21 09:39:26',NULL,NULL),(3,1,'Weight','text',NULL,NULL,'2025-01-21 09:39:26','2025-01-21 09:39:26',NULL,NULL),(4,2,'Power','text',NULL,NULL,'2025-01-21 09:39:26','2025-01-21 09:39:26',NULL,NULL),(5,2,'Speed','text',NULL,NULL,'2025-01-21 09:39:26','2025-01-21 09:39:26',NULL,NULL),(6,3,'Battery Life','text',NULL,NULL,'2025-01-21 09:39:26','2025-01-21 09:39:26',NULL,NULL),(7,4,'Screen Size','text',NULL,NULL,'2025-01-21 09:39:26','2025-01-21 09:39:26',NULL,NULL),(8,4,'Resolution','select','[\"1920x1080\",\"2560x1440\",\"3840x2160\"]',NULL,'2025-01-21 09:39:26','2025-01-21 09:39:26',NULL,NULL);
/*!40000 ALTER TABLE `ec_specification_attributes` ENABLE KEYS */;
UNLOCK TABLES;

--
-- Table structure for table `ec_specification_attributes_translations`
--

DROP TABLE IF EXISTS `ec_specification_attributes_translations`;
/*!40101 SET @saved_cs_client     = @@character_set_client */;
/*!40101 SET character_set_client = utf8 */;
CREATE TABLE `ec_specification_attributes_translations` (
  `lang_code` varchar(20) COLLATE utf8mb4_unicode_ci NOT NULL,
  `ec_specification_attributes_id` bigint unsigned NOT NULL,
  `name` varchar(191) COLLATE utf8mb4_unicode_ci DEFAULT NULL,
  `options` text COLLATE utf8mb4_unicode_ci,
  `default_value` varchar(191) COLLATE utf8mb4_unicode_ci DEFAULT NULL,
  PRIMARY KEY (`lang_code`,`ec_specification_attributes_id`)
) ENGINE=InnoDB DEFAULT CHARSET=utf8mb4 COLLATE=utf8mb4_unicode_ci;
/*!40101 SET character_set_client = @saved_cs_client */;

--
-- Dumping data for table `ec_specification_attributes_translations`
--

LOCK TABLES `ec_specification_attributes_translations` WRITE;
/*!40000 ALTER TABLE `ec_specification_attributes_translations` DISABLE KEYS */;
/*!40000 ALTER TABLE `ec_specification_attributes_translations` ENABLE KEYS */;
UNLOCK TABLES;

--
-- Table structure for table `ec_specification_groups`
--

DROP TABLE IF EXISTS `ec_specification_groups`;
/*!40101 SET @saved_cs_client     = @@character_set_client */;
/*!40101 SET character_set_client = utf8 */;
CREATE TABLE `ec_specification_groups` (
  `id` bigint unsigned NOT NULL AUTO_INCREMENT,
  `name` varchar(191) COLLATE utf8mb4_unicode_ci NOT NULL,
  `description` varchar(400) COLLATE utf8mb4_unicode_ci DEFAULT NULL,
  `created_at` timestamp NULL DEFAULT NULL,
  `updated_at` timestamp NULL DEFAULT NULL,
  `author_type` varchar(191) COLLATE utf8mb4_unicode_ci DEFAULT NULL,
  `author_id` bigint unsigned DEFAULT NULL,
  PRIMARY KEY (`id`),
  KEY `ec_specification_groups_author_type_author_id_index` (`author_type`,`author_id`)
) ENGINE=InnoDB AUTO_INCREMENT=5 DEFAULT CHARSET=utf8mb4 COLLATE=utf8mb4_unicode_ci;
/*!40101 SET character_set_client = @saved_cs_client */;

--
-- Dumping data for table `ec_specification_groups`
--

LOCK TABLES `ec_specification_groups` WRITE;
/*!40000 ALTER TABLE `ec_specification_groups` DISABLE KEYS */;
INSERT INTO `ec_specification_groups` VALUES (1,'Dimensions',NULL,'2025-01-21 09:39:26','2025-01-21 09:39:26',NULL,NULL),(2,'Performance',NULL,'2025-01-21 09:39:26','2025-01-21 09:39:26',NULL,NULL),(3,'Battery',NULL,'2025-01-21 09:39:26','2025-01-21 09:39:26',NULL,NULL),(4,'Display',NULL,'2025-01-21 09:39:26','2025-01-21 09:39:26',NULL,NULL);
/*!40000 ALTER TABLE `ec_specification_groups` ENABLE KEYS */;
UNLOCK TABLES;

--
-- Table structure for table `ec_specification_table_group`
--

DROP TABLE IF EXISTS `ec_specification_table_group`;
/*!40101 SET @saved_cs_client     = @@character_set_client */;
/*!40101 SET character_set_client = utf8 */;
CREATE TABLE `ec_specification_table_group` (
  `table_id` bigint unsigned NOT NULL,
  `group_id` bigint unsigned NOT NULL,
  `order` tinyint NOT NULL DEFAULT '0',
  PRIMARY KEY (`table_id`,`group_id`)
) ENGINE=InnoDB DEFAULT CHARSET=utf8mb4 COLLATE=utf8mb4_unicode_ci;
/*!40101 SET character_set_client = @saved_cs_client */;

--
-- Dumping data for table `ec_specification_table_group`
--

LOCK TABLES `ec_specification_table_group` WRITE;
/*!40000 ALTER TABLE `ec_specification_table_group` DISABLE KEYS */;
INSERT INTO `ec_specification_table_group` VALUES (1,1,0),(1,2,0),(2,3,0),(2,4,0);
/*!40000 ALTER TABLE `ec_specification_table_group` ENABLE KEYS */;
UNLOCK TABLES;

--
-- Table structure for table `ec_specification_tables`
--

DROP TABLE IF EXISTS `ec_specification_tables`;
/*!40101 SET @saved_cs_client     = @@character_set_client */;
/*!40101 SET character_set_client = utf8 */;
CREATE TABLE `ec_specification_tables` (
  `id` bigint unsigned NOT NULL AUTO_INCREMENT,
  `name` varchar(191) COLLATE utf8mb4_unicode_ci NOT NULL,
  `description` varchar(400) COLLATE utf8mb4_unicode_ci DEFAULT NULL,
  `created_at` timestamp NULL DEFAULT NULL,
  `updated_at` timestamp NULL DEFAULT NULL,
  `author_type` varchar(191) COLLATE utf8mb4_unicode_ci DEFAULT NULL,
  `author_id` bigint unsigned DEFAULT NULL,
  PRIMARY KEY (`id`),
  KEY `ec_specification_tables_author_type_author_id_index` (`author_type`,`author_id`)
) ENGINE=InnoDB AUTO_INCREMENT=3 DEFAULT CHARSET=utf8mb4 COLLATE=utf8mb4_unicode_ci;
/*!40101 SET character_set_client = @saved_cs_client */;

--
-- Dumping data for table `ec_specification_tables`
--

LOCK TABLES `ec_specification_tables` WRITE;
/*!40000 ALTER TABLE `ec_specification_tables` DISABLE KEYS */;
INSERT INTO `ec_specification_tables` VALUES (1,'General Specification',NULL,'2025-01-21 09:39:26','2025-01-21 09:39:26',NULL,NULL),(2,'Technical Specification',NULL,'2025-01-21 09:39:26','2025-01-21 09:39:26',NULL,NULL);
/*!40000 ALTER TABLE `ec_specification_tables` ENABLE KEYS */;
UNLOCK TABLES;

--
-- Table structure for table `ec_store_locators`
--

DROP TABLE IF EXISTS `ec_store_locators`;
/*!40101 SET @saved_cs_client     = @@character_set_client */;
/*!40101 SET character_set_client = utf8 */;
CREATE TABLE `ec_store_locators` (
  `id` bigint unsigned NOT NULL AUTO_INCREMENT,
  `name` varchar(60) COLLATE utf8mb4_unicode_ci NOT NULL,
  `email` varchar(60) COLLATE utf8mb4_unicode_ci DEFAULT NULL,
  `phone` varchar(20) COLLATE utf8mb4_unicode_ci NOT NULL,
  `address` varchar(191) COLLATE utf8mb4_unicode_ci NOT NULL,
  `country` varchar(120) COLLATE utf8mb4_unicode_ci DEFAULT NULL,
  `state` varchar(120) COLLATE utf8mb4_unicode_ci DEFAULT NULL,
  `city` varchar(120) COLLATE utf8mb4_unicode_ci DEFAULT NULL,
  `is_primary` tinyint(1) DEFAULT '0',
  `is_shipping_location` tinyint(1) DEFAULT '1',
  `created_at` timestamp NULL DEFAULT NULL,
  `updated_at` timestamp NULL DEFAULT NULL,
  `zip_code` varchar(20) COLLATE utf8mb4_unicode_ci DEFAULT NULL,
  PRIMARY KEY (`id`)
) ENGINE=InnoDB DEFAULT CHARSET=utf8mb4 COLLATE=utf8mb4_unicode_ci;
/*!40101 SET character_set_client = @saved_cs_client */;

--
-- Dumping data for table `ec_store_locators`
--

LOCK TABLES `ec_store_locators` WRITE;
/*!40000 ALTER TABLE `ec_store_locators` DISABLE KEYS */;
/*!40000 ALTER TABLE `ec_store_locators` ENABLE KEYS */;
UNLOCK TABLES;

--
-- Table structure for table `ec_tax_products`
--

DROP TABLE IF EXISTS `ec_tax_products`;
/*!40101 SET @saved_cs_client     = @@character_set_client */;
/*!40101 SET character_set_client = utf8 */;
CREATE TABLE `ec_tax_products` (
  `tax_id` bigint unsigned NOT NULL,
  `product_id` bigint unsigned NOT NULL,
  PRIMARY KEY (`product_id`,`tax_id`),
  KEY `ec_tax_products_tax_id_index` (`tax_id`),
  KEY `ec_tax_products_product_id_index` (`product_id`)
) ENGINE=InnoDB DEFAULT CHARSET=utf8mb4 COLLATE=utf8mb4_unicode_ci;
/*!40101 SET character_set_client = @saved_cs_client */;

--
-- Dumping data for table `ec_tax_products`
--

LOCK TABLES `ec_tax_products` WRITE;
/*!40000 ALTER TABLE `ec_tax_products` DISABLE KEYS */;
INSERT INTO `ec_tax_products` VALUES (1,1),(1,2),(1,3),(1,4),(1,5),(1,6),(1,7),(1,8),(1,9),(1,10),(1,11),(1,12),(1,13),(1,14),(1,15),(1,16),(1,17),(1,18),(1,19),(1,20),(1,21),(1,22),(1,23),(1,24),(1,25),(1,26),(1,27),(1,28),(1,29),(1,30),(1,31),(1,32),(1,33),(1,34),(1,35),(1,36),(1,37),(1,38),(1,39),(1,40),(1,41),(1,42),(1,43),(1,44),(1,45),(1,46),(1,47),(1,48),(1,49),(1,50),(1,51),(1,52),(1,53),(1,54),(1,55),(1,56),(1,57),(1,58),(1,59),(1,60),(1,61),(1,62),(1,63),(1,64),(1,65),(1,66),(1,67),(1,68),(1,69),(1,70),(1,71),(1,72),(1,73),(1,74),(1,75);
/*!40000 ALTER TABLE `ec_tax_products` ENABLE KEYS */;
UNLOCK TABLES;

--
-- Table structure for table `ec_tax_rules`
--

DROP TABLE IF EXISTS `ec_tax_rules`;
/*!40101 SET @saved_cs_client     = @@character_set_client */;
/*!40101 SET character_set_client = utf8 */;
CREATE TABLE `ec_tax_rules` (
  `id` bigint unsigned NOT NULL AUTO_INCREMENT,
  `tax_id` bigint unsigned NOT NULL,
  `country` varchar(120) COLLATE utf8mb4_unicode_ci DEFAULT NULL,
  `state` varchar(120) COLLATE utf8mb4_unicode_ci DEFAULT NULL,
  `city` varchar(120) COLLATE utf8mb4_unicode_ci DEFAULT NULL,
  `zip_code` varchar(20) COLLATE utf8mb4_unicode_ci DEFAULT NULL,
  `priority` int DEFAULT NULL,
  `is_enabled` tinyint(1) NOT NULL DEFAULT '1',
  `created_at` timestamp NULL DEFAULT NULL,
  `updated_at` timestamp NULL DEFAULT NULL,
  `percentage` float DEFAULT NULL,
  PRIMARY KEY (`id`)
) ENGINE=InnoDB DEFAULT CHARSET=utf8mb4 COLLATE=utf8mb4_unicode_ci;
/*!40101 SET character_set_client = @saved_cs_client */;

--
-- Dumping data for table `ec_tax_rules`
--

LOCK TABLES `ec_tax_rules` WRITE;
/*!40000 ALTER TABLE `ec_tax_rules` DISABLE KEYS */;
/*!40000 ALTER TABLE `ec_tax_rules` ENABLE KEYS */;
UNLOCK TABLES;

--
-- Table structure for table `ec_taxes`
--

DROP TABLE IF EXISTS `ec_taxes`;
/*!40101 SET @saved_cs_client     = @@character_set_client */;
/*!40101 SET character_set_client = utf8 */;
CREATE TABLE `ec_taxes` (
  `id` bigint unsigned NOT NULL AUTO_INCREMENT,
  `title` varchar(191) COLLATE utf8mb4_unicode_ci DEFAULT NULL,
  `percentage` float DEFAULT NULL,
  `priority` int DEFAULT NULL,
  `status` varchar(60) COLLATE utf8mb4_unicode_ci NOT NULL DEFAULT 'published',
  `created_at` timestamp NULL DEFAULT NULL,
  `updated_at` timestamp NULL DEFAULT NULL,
  PRIMARY KEY (`id`)
) ENGINE=InnoDB AUTO_INCREMENT=4 DEFAULT CHARSET=utf8mb4 COLLATE=utf8mb4_unicode_ci;
/*!40101 SET character_set_client = @saved_cs_client */;

--
-- Dumping data for table `ec_taxes`
--

LOCK TABLES `ec_taxes` WRITE;
/*!40000 ALTER TABLE `ec_taxes` DISABLE KEYS */;
INSERT INTO `ec_taxes` VALUES (1,'VAT',10,1,'published','2025-01-21 09:39:10','2025-01-21 09:39:10'),(2,'None',0,2,'published','2025-01-21 09:39:10','2025-01-21 09:39:10'),(3,'Import Tax',15,3,'published','2025-01-21 09:39:10','2025-01-21 09:39:10');
/*!40000 ALTER TABLE `ec_taxes` ENABLE KEYS */;
UNLOCK TABLES;

--
-- Table structure for table `ec_wish_lists`
--

DROP TABLE IF EXISTS `ec_wish_lists`;
/*!40101 SET @saved_cs_client     = @@character_set_client */;
/*!40101 SET character_set_client = utf8 */;
CREATE TABLE `ec_wish_lists` (
  `customer_id` bigint unsigned NOT NULL,
  `product_id` bigint unsigned NOT NULL,
  `created_at` timestamp NULL DEFAULT NULL,
  `updated_at` timestamp NULL DEFAULT NULL,
  PRIMARY KEY (`customer_id`,`product_id`),
  KEY `wishlist_relation_index` (`product_id`,`customer_id`)
) ENGINE=InnoDB DEFAULT CHARSET=utf8mb4 COLLATE=utf8mb4_unicode_ci;
/*!40101 SET character_set_client = @saved_cs_client */;

--
-- Dumping data for table `ec_wish_lists`
--

LOCK TABLES `ec_wish_lists` WRITE;
/*!40000 ALTER TABLE `ec_wish_lists` DISABLE KEYS */;
/*!40000 ALTER TABLE `ec_wish_lists` ENABLE KEYS */;
UNLOCK TABLES;

--
-- Table structure for table `failed_jobs`
--

DROP TABLE IF EXISTS `failed_jobs`;
/*!40101 SET @saved_cs_client     = @@character_set_client */;
/*!40101 SET character_set_client = utf8 */;
CREATE TABLE `failed_jobs` (
  `id` bigint unsigned NOT NULL AUTO_INCREMENT,
  `uuid` varchar(191) COLLATE utf8mb4_unicode_ci NOT NULL,
  `connection` text COLLATE utf8mb4_unicode_ci NOT NULL,
  `queue` text COLLATE utf8mb4_unicode_ci NOT NULL,
  `payload` longtext COLLATE utf8mb4_unicode_ci NOT NULL,
  `exception` longtext COLLATE utf8mb4_unicode_ci NOT NULL,
  `failed_at` timestamp NOT NULL DEFAULT CURRENT_TIMESTAMP,
  PRIMARY KEY (`id`),
  UNIQUE KEY `failed_jobs_uuid_unique` (`uuid`)
) ENGINE=InnoDB DEFAULT CHARSET=utf8mb4 COLLATE=utf8mb4_unicode_ci;
/*!40101 SET character_set_client = @saved_cs_client */;

--
-- Dumping data for table `failed_jobs`
--

LOCK TABLES `failed_jobs` WRITE;
/*!40000 ALTER TABLE `failed_jobs` DISABLE KEYS */;
/*!40000 ALTER TABLE `failed_jobs` ENABLE KEYS */;
UNLOCK TABLES;

--
-- Table structure for table `faq_categories`
--

DROP TABLE IF EXISTS `faq_categories`;
/*!40101 SET @saved_cs_client     = @@character_set_client */;
/*!40101 SET character_set_client = utf8 */;
CREATE TABLE `faq_categories` (
  `id` bigint unsigned NOT NULL AUTO_INCREMENT,
  `name` varchar(120) COLLATE utf8mb4_unicode_ci NOT NULL,
  `order` tinyint NOT NULL DEFAULT '0',
  `status` varchar(60) COLLATE utf8mb4_unicode_ci NOT NULL DEFAULT 'published',
  `created_at` timestamp NULL DEFAULT NULL,
  `updated_at` timestamp NULL DEFAULT NULL,
  `description` varchar(400) COLLATE utf8mb4_unicode_ci DEFAULT NULL,
  PRIMARY KEY (`id`)
) ENGINE=InnoDB AUTO_INCREMENT=4 DEFAULT CHARSET=utf8mb4 COLLATE=utf8mb4_unicode_ci;
/*!40101 SET character_set_client = @saved_cs_client */;

--
-- Dumping data for table `faq_categories`
--

LOCK TABLES `faq_categories` WRITE;
/*!40000 ALTER TABLE `faq_categories` DISABLE KEYS */;
INSERT INTO `faq_categories` VALUES (1,'Ordering Process',0,'published','2025-01-21 09:39:10','2025-01-21 09:39:10',NULL),(2,'Product Returns',1,'published','2025-01-21 09:39:10','2025-01-21 09:39:10',NULL),(3,'Product Availability',2,'published','2025-01-21 09:39:10','2025-01-21 09:39:10',NULL);
/*!40000 ALTER TABLE `faq_categories` ENABLE KEYS */;
UNLOCK TABLES;

--
-- Table structure for table `faq_categories_translations`
--

DROP TABLE IF EXISTS `faq_categories_translations`;
/*!40101 SET @saved_cs_client     = @@character_set_client */;
/*!40101 SET character_set_client = utf8 */;
CREATE TABLE `faq_categories_translations` (
  `lang_code` varchar(20) COLLATE utf8mb4_unicode_ci NOT NULL,
  `faq_categories_id` bigint unsigned NOT NULL,
  `name` varchar(120) COLLATE utf8mb4_unicode_ci DEFAULT NULL,
  PRIMARY KEY (`lang_code`,`faq_categories_id`)
) ENGINE=InnoDB DEFAULT CHARSET=utf8mb4 COLLATE=utf8mb4_unicode_ci;
/*!40101 SET character_set_client = @saved_cs_client */;

--
-- Dumping data for table `faq_categories_translations`
--

LOCK TABLES `faq_categories_translations` WRITE;
/*!40000 ALTER TABLE `faq_categories_translations` DISABLE KEYS */;
/*!40000 ALTER TABLE `faq_categories_translations` ENABLE KEYS */;
UNLOCK TABLES;

--
-- Table structure for table `faqs`
--

DROP TABLE IF EXISTS `faqs`;
/*!40101 SET @saved_cs_client     = @@character_set_client */;
/*!40101 SET character_set_client = utf8 */;
CREATE TABLE `faqs` (
  `id` bigint unsigned NOT NULL AUTO_INCREMENT,
  `question` text COLLATE utf8mb4_unicode_ci NOT NULL,
  `answer` text COLLATE utf8mb4_unicode_ci NOT NULL,
  `category_id` bigint unsigned NOT NULL,
  `status` varchar(60) COLLATE utf8mb4_unicode_ci NOT NULL DEFAULT 'published',
  `created_at` timestamp NULL DEFAULT NULL,
  `updated_at` timestamp NULL DEFAULT NULL,
  PRIMARY KEY (`id`)
) ENGINE=InnoDB AUTO_INCREMENT=13 DEFAULT CHARSET=utf8mb4 COLLATE=utf8mb4_unicode_ci;
/*!40101 SET character_set_client = @saved_cs_client */;

--
-- Dumping data for table `faqs`
--

LOCK TABLES `faqs` WRITE;
/*!40000 ALTER TABLE `faqs` DISABLE KEYS */;
INSERT INTO `faqs` VALUES (1,'How do I place an order?','To place an order, navigate to the product page, select the desired options, and click the \"Add to Cart\" button.',3,'published','2025-01-21 09:39:10','2025-01-21 09:39:10'),(2,'What are the shipping options?','We offer standard and expedited shipping options. Shipping costs and delivery times vary based on your location and chosen shipping method.',2,'published','2025-01-21 09:39:10','2025-01-21 09:39:10'),(3,'How can I return a product?','If you are not satisfied with your purchase, you can initiate a return within 30 days of receiving the product. Contact our customer service for further instructions.',3,'published','2025-01-21 09:39:10','2025-01-21 09:39:10'),(4,'What payment methods do you accept?','We accept major credit cards, PayPal, and other secure payment methods.',1,'published','2025-01-21 09:39:10','2025-01-21 09:39:10'),(5,'How can I update my account information?','Log in to your account and go to the \"Account Settings\" page to update your information, including your password and shipping address.',2,'published','2025-01-21 09:39:10','2025-01-21 09:39:10'),(6,'Are there any ongoing promotions or discounts?','Check our \"Promotions\" page for information on current discounts, special offers, and ongoing promotions.',1,'published','2025-01-21 09:39:10','2025-01-21 09:39:10'),(7,'Is the product in stock?','Product availability is indicated on each product page. If a product is out of stock, you may choose to be notified when it becomes available.',1,'published','2025-01-21 09:39:10','2025-01-21 09:39:10'),(8,'How is my personal information secured?','We take the security and privacy of your information seriously. Our website uses encryption technology to protect your personal data.',3,'published','2025-01-21 09:39:10','2025-01-21 09:39:10'),(9,'How do I get technical support?','For technical issues or assistance, contact our customer support team through the \"Contact Us\" page, and we will help you resolve any problems.',2,'published','2025-01-21 09:39:10','2025-01-21 09:39:10'),(10,'Do you offer international shipping?','Yes, we offer international shipping to many countries. Shipping costs and delivery times vary based on the destination.',3,'published','2025-01-21 09:39:10','2025-01-21 09:39:10'),(11,'Can I purchase a gift card?','Yes, we offer gift cards of varying denominations. Gift cards can be purchased on our website and make for a great gift for friends and family.',2,'published','2025-01-21 09:39:10','2025-01-21 09:39:10'),(12,'What is the warranty on your products?','Our products come with a standard warranty. Check the product documentation or contact our customer service for details on specific product warranties.',2,'published','2025-01-21 09:39:10','2025-01-21 09:39:10');
/*!40000 ALTER TABLE `faqs` ENABLE KEYS */;
UNLOCK TABLES;

--
-- Table structure for table `faqs_translations`
--

DROP TABLE IF EXISTS `faqs_translations`;
/*!40101 SET @saved_cs_client     = @@character_set_client */;
/*!40101 SET character_set_client = utf8 */;
CREATE TABLE `faqs_translations` (
  `lang_code` varchar(20) COLLATE utf8mb4_unicode_ci NOT NULL,
  `faqs_id` bigint unsigned NOT NULL,
  `question` text COLLATE utf8mb4_unicode_ci,
  `answer` text COLLATE utf8mb4_unicode_ci,
  PRIMARY KEY (`lang_code`,`faqs_id`)
) ENGINE=InnoDB DEFAULT CHARSET=utf8mb4 COLLATE=utf8mb4_unicode_ci;
/*!40101 SET character_set_client = @saved_cs_client */;

--
-- Dumping data for table `faqs_translations`
--

LOCK TABLES `faqs_translations` WRITE;
/*!40000 ALTER TABLE `faqs_translations` DISABLE KEYS */;
/*!40000 ALTER TABLE `faqs_translations` ENABLE KEYS */;
UNLOCK TABLES;

--
-- Table structure for table `galleries`
--

DROP TABLE IF EXISTS `galleries`;
/*!40101 SET @saved_cs_client     = @@character_set_client */;
/*!40101 SET character_set_client = utf8 */;
CREATE TABLE `galleries` (
  `id` bigint unsigned NOT NULL AUTO_INCREMENT,
  `name` varchar(120) COLLATE utf8mb4_unicode_ci NOT NULL,
  `description` longtext COLLATE utf8mb4_unicode_ci NOT NULL,
  `is_featured` tinyint unsigned NOT NULL DEFAULT '0',
  `order` tinyint unsigned NOT NULL DEFAULT '0',
  `image` varchar(191) COLLATE utf8mb4_unicode_ci DEFAULT NULL,
  `user_id` bigint unsigned DEFAULT NULL,
  `status` varchar(60) COLLATE utf8mb4_unicode_ci NOT NULL DEFAULT 'published',
  `created_at` timestamp NULL DEFAULT NULL,
  `updated_at` timestamp NULL DEFAULT NULL,
  PRIMARY KEY (`id`),
  KEY `galleries_user_id_index` (`user_id`)
) ENGINE=InnoDB AUTO_INCREMENT=7 DEFAULT CHARSET=utf8mb4 COLLATE=utf8mb4_unicode_ci;
/*!40101 SET character_set_client = @saved_cs_client */;

--
-- Dumping data for table `galleries`
--

LOCK TABLES `galleries` WRITE;
/*!40000 ALTER TABLE `galleries` DISABLE KEYS */;
INSERT INTO `galleries` VALUES (1,'Perfect','At architecto eos beatae dolorem recusandae aut vel. Quas inventore aut sed soluta. Molestiae esse nulla quia ut. Libero voluptatem nemo aut quod.',1,0,'galleries/1.jpg',1,'published','2025-01-21 09:39:34','2025-01-21 09:39:34'),(2,'New Day','Fuga amet vel et. Delectus ipsam sunt voluptas maiores exercitationem ab error. Adipisci est ratione non molestias. Qui ea unde dolore aut.',1,0,'galleries/2.jpg',1,'published','2025-01-21 09:39:34','2025-01-21 09:39:34'),(3,'Happy Day','Dolorum minus et occaecati sunt excepturi modi. Eos rerum totam minima soluta possimus et est. Qui fugit omnis ducimus corrupti hic unde dolores.',1,0,'galleries/3.jpg',1,'published','2025-01-21 09:39:34','2025-01-21 09:39:34'),(4,'Nature','Omnis perferendis alias delectus. Qui ratione quas aut alias consectetur odio eos. Dolores maxime esse doloremque harum.',1,0,'galleries/4.jpg',1,'published','2025-01-21 09:39:34','2025-01-21 09:39:34'),(5,'Morning','Omnis quis aut est. Qui et est consequatur doloribus asperiores. Ducimus non officiis rerum. Est iure ullam corrupti consectetur voluptatem.',1,0,'galleries/5.jpg',1,'published','2025-01-21 09:39:34','2025-01-21 09:39:34'),(6,'Photography','Repellat voluptates est sunt suscipit laborum perspiciatis dolorem. Et quam eos est quos. Optio esse qui non aut et expedita.',1,0,'galleries/6.jpg',1,'published','2025-01-21 09:39:34','2025-01-21 09:39:34');
/*!40000 ALTER TABLE `galleries` ENABLE KEYS */;
UNLOCK TABLES;

--
-- Table structure for table `galleries_translations`
--

DROP TABLE IF EXISTS `galleries_translations`;
/*!40101 SET @saved_cs_client     = @@character_set_client */;
/*!40101 SET character_set_client = utf8 */;
CREATE TABLE `galleries_translations` (
  `lang_code` varchar(20) COLLATE utf8mb4_unicode_ci NOT NULL,
  `galleries_id` bigint unsigned NOT NULL,
  `name` varchar(191) COLLATE utf8mb4_unicode_ci DEFAULT NULL,
  `description` longtext COLLATE utf8mb4_unicode_ci,
  PRIMARY KEY (`lang_code`,`galleries_id`)
) ENGINE=InnoDB DEFAULT CHARSET=utf8mb4 COLLATE=utf8mb4_unicode_ci;
/*!40101 SET character_set_client = @saved_cs_client */;

--
-- Dumping data for table `galleries_translations`
--

LOCK TABLES `galleries_translations` WRITE;
/*!40000 ALTER TABLE `galleries_translations` DISABLE KEYS */;
/*!40000 ALTER TABLE `galleries_translations` ENABLE KEYS */;
UNLOCK TABLES;

--
-- Table structure for table `gallery_meta`
--

DROP TABLE IF EXISTS `gallery_meta`;
/*!40101 SET @saved_cs_client     = @@character_set_client */;
/*!40101 SET character_set_client = utf8 */;
CREATE TABLE `gallery_meta` (
  `id` bigint unsigned NOT NULL AUTO_INCREMENT,
  `images` text COLLATE utf8mb4_unicode_ci,
  `reference_id` bigint unsigned NOT NULL,
  `reference_type` varchar(120) COLLATE utf8mb4_unicode_ci NOT NULL,
  `created_at` timestamp NULL DEFAULT NULL,
  `updated_at` timestamp NULL DEFAULT NULL,
  PRIMARY KEY (`id`),
  KEY `gallery_meta_reference_id_index` (`reference_id`)
) ENGINE=InnoDB AUTO_INCREMENT=7 DEFAULT CHARSET=utf8mb4 COLLATE=utf8mb4_unicode_ci;
/*!40101 SET character_set_client = @saved_cs_client */;

--
-- Dumping data for table `gallery_meta`
--

LOCK TABLES `gallery_meta` WRITE;
/*!40000 ALTER TABLE `gallery_meta` DISABLE KEYS */;
INSERT INTO `gallery_meta` VALUES (1,'[{\"img\":\"galleries\\/1.jpg\",\"description\":\"Nemo autem et debitis tempora. Eius tempora ea aperiam aut. In dolore et praesentium fugiat.\"},{\"img\":\"galleries\\/2.jpg\",\"description\":\"Temporibus est quos vel hic quas. Minus et accusantium ab numquam sed. Laudantium odit sit porro aut laborum voluptates.\"},{\"img\":\"galleries\\/3.jpg\",\"description\":\"Voluptatem qui est nulla qui ullam excepturi quo fuga. Est doloribus quaerat voluptatum nihil ut ut.\"},{\"img\":\"galleries\\/4.jpg\",\"description\":\"Quisquam repellendus natus fuga. Incidunt velit mollitia vel quia aut illo. Nobis vel qui minima repudiandae deserunt minima.\"},{\"img\":\"galleries\\/5.jpg\",\"description\":\"Aut numquam ut natus qui totam animi. Aperiam delectus aspernatur aut minus molestias rerum. Earum adipisci quia soluta omnis rerum tempore.\"},{\"img\":\"galleries\\/6.jpg\",\"description\":\"Non necessitatibus maiores distinctio at magni itaque. In facere facilis et. Ratione sed et exercitationem voluptas illum ut iusto.\"}]',1,'Botble\\Gallery\\Models\\Gallery','2025-01-21 09:39:34','2025-01-21 09:39:34'),(2,'[{\"img\":\"galleries\\/1.jpg\",\"description\":\"Nemo autem et debitis tempora. Eius tempora ea aperiam aut. In dolore et praesentium fugiat.\"},{\"img\":\"galleries\\/2.jpg\",\"description\":\"Temporibus est quos vel hic quas. Minus et accusantium ab numquam sed. Laudantium odit sit porro aut laborum voluptates.\"},{\"img\":\"galleries\\/3.jpg\",\"description\":\"Voluptatem qui est nulla qui ullam excepturi quo fuga. Est doloribus quaerat voluptatum nihil ut ut.\"},{\"img\":\"galleries\\/4.jpg\",\"description\":\"Quisquam repellendus natus fuga. Incidunt velit mollitia vel quia aut illo. Nobis vel qui minima repudiandae deserunt minima.\"},{\"img\":\"galleries\\/5.jpg\",\"description\":\"Aut numquam ut natus qui totam animi. Aperiam delectus aspernatur aut minus molestias rerum. Earum adipisci quia soluta omnis rerum tempore.\"},{\"img\":\"galleries\\/6.jpg\",\"description\":\"Non necessitatibus maiores distinctio at magni itaque. In facere facilis et. Ratione sed et exercitationem voluptas illum ut iusto.\"}]',2,'Botble\\Gallery\\Models\\Gallery','2025-01-21 09:39:34','2025-01-21 09:39:34'),(3,'[{\"img\":\"galleries\\/1.jpg\",\"description\":\"Nemo autem et debitis tempora. Eius tempora ea aperiam aut. In dolore et praesentium fugiat.\"},{\"img\":\"galleries\\/2.jpg\",\"description\":\"Temporibus est quos vel hic quas. Minus et accusantium ab numquam sed. Laudantium odit sit porro aut laborum voluptates.\"},{\"img\":\"galleries\\/3.jpg\",\"description\":\"Voluptatem qui est nulla qui ullam excepturi quo fuga. Est doloribus quaerat voluptatum nihil ut ut.\"},{\"img\":\"galleries\\/4.jpg\",\"description\":\"Quisquam repellendus natus fuga. Incidunt velit mollitia vel quia aut illo. Nobis vel qui minima repudiandae deserunt minima.\"},{\"img\":\"galleries\\/5.jpg\",\"description\":\"Aut numquam ut natus qui totam animi. Aperiam delectus aspernatur aut minus molestias rerum. Earum adipisci quia soluta omnis rerum tempore.\"},{\"img\":\"galleries\\/6.jpg\",\"description\":\"Non necessitatibus maiores distinctio at magni itaque. In facere facilis et. Ratione sed et exercitationem voluptas illum ut iusto.\"}]',3,'Botble\\Gallery\\Models\\Gallery','2025-01-21 09:39:34','2025-01-21 09:39:34'),(4,'[{\"img\":\"galleries\\/1.jpg\",\"description\":\"Nemo autem et debitis tempora. Eius tempora ea aperiam aut. In dolore et praesentium fugiat.\"},{\"img\":\"galleries\\/2.jpg\",\"description\":\"Temporibus est quos vel hic quas. Minus et accusantium ab numquam sed. Laudantium odit sit porro aut laborum voluptates.\"},{\"img\":\"galleries\\/3.jpg\",\"description\":\"Voluptatem qui est nulla qui ullam excepturi quo fuga. Est doloribus quaerat voluptatum nihil ut ut.\"},{\"img\":\"galleries\\/4.jpg\",\"description\":\"Quisquam repellendus natus fuga. Incidunt velit mollitia vel quia aut illo. Nobis vel qui minima repudiandae deserunt minima.\"},{\"img\":\"galleries\\/5.jpg\",\"description\":\"Aut numquam ut natus qui totam animi. Aperiam delectus aspernatur aut minus molestias rerum. Earum adipisci quia soluta omnis rerum tempore.\"},{\"img\":\"galleries\\/6.jpg\",\"description\":\"Non necessitatibus maiores distinctio at magni itaque. In facere facilis et. Ratione sed et exercitationem voluptas illum ut iusto.\"}]',4,'Botble\\Gallery\\Models\\Gallery','2025-01-21 09:39:34','2025-01-21 09:39:34'),(5,'[{\"img\":\"galleries\\/1.jpg\",\"description\":\"Nemo autem et debitis tempora. Eius tempora ea aperiam aut. In dolore et praesentium fugiat.\"},{\"img\":\"galleries\\/2.jpg\",\"description\":\"Temporibus est quos vel hic quas. Minus et accusantium ab numquam sed. Laudantium odit sit porro aut laborum voluptates.\"},{\"img\":\"galleries\\/3.jpg\",\"description\":\"Voluptatem qui est nulla qui ullam excepturi quo fuga. Est doloribus quaerat voluptatum nihil ut ut.\"},{\"img\":\"galleries\\/4.jpg\",\"description\":\"Quisquam repellendus natus fuga. Incidunt velit mollitia vel quia aut illo. Nobis vel qui minima repudiandae deserunt minima.\"},{\"img\":\"galleries\\/5.jpg\",\"description\":\"Aut numquam ut natus qui totam animi. Aperiam delectus aspernatur aut minus molestias rerum. Earum adipisci quia soluta omnis rerum tempore.\"},{\"img\":\"galleries\\/6.jpg\",\"description\":\"Non necessitatibus maiores distinctio at magni itaque. In facere facilis et. Ratione sed et exercitationem voluptas illum ut iusto.\"}]',5,'Botble\\Gallery\\Models\\Gallery','2025-01-21 09:39:34','2025-01-21 09:39:34'),(6,'[{\"img\":\"galleries\\/1.jpg\",\"description\":\"Nemo autem et debitis tempora. Eius tempora ea aperiam aut. In dolore et praesentium fugiat.\"},{\"img\":\"galleries\\/2.jpg\",\"description\":\"Temporibus est quos vel hic quas. Minus et accusantium ab numquam sed. Laudantium odit sit porro aut laborum voluptates.\"},{\"img\":\"galleries\\/3.jpg\",\"description\":\"Voluptatem qui est nulla qui ullam excepturi quo fuga. Est doloribus quaerat voluptatum nihil ut ut.\"},{\"img\":\"galleries\\/4.jpg\",\"description\":\"Quisquam repellendus natus fuga. Incidunt velit mollitia vel quia aut illo. Nobis vel qui minima repudiandae deserunt minima.\"},{\"img\":\"galleries\\/5.jpg\",\"description\":\"Aut numquam ut natus qui totam animi. Aperiam delectus aspernatur aut minus molestias rerum. Earum adipisci quia soluta omnis rerum tempore.\"},{\"img\":\"galleries\\/6.jpg\",\"description\":\"Non necessitatibus maiores distinctio at magni itaque. In facere facilis et. Ratione sed et exercitationem voluptas illum ut iusto.\"}]',6,'Botble\\Gallery\\Models\\Gallery','2025-01-21 09:39:34','2025-01-21 09:39:34');
/*!40000 ALTER TABLE `gallery_meta` ENABLE KEYS */;
UNLOCK TABLES;

--
-- Table structure for table `gallery_meta_translations`
--

DROP TABLE IF EXISTS `gallery_meta_translations`;
/*!40101 SET @saved_cs_client     = @@character_set_client */;
/*!40101 SET character_set_client = utf8 */;
CREATE TABLE `gallery_meta_translations` (
  `lang_code` varchar(20) COLLATE utf8mb4_unicode_ci NOT NULL,
  `gallery_meta_id` bigint unsigned NOT NULL,
  `images` text COLLATE utf8mb4_unicode_ci,
  PRIMARY KEY (`lang_code`,`gallery_meta_id`)
) ENGINE=InnoDB DEFAULT CHARSET=utf8mb4 COLLATE=utf8mb4_unicode_ci;
/*!40101 SET character_set_client = @saved_cs_client */;

--
-- Dumping data for table `gallery_meta_translations`
--

LOCK TABLES `gallery_meta_translations` WRITE;
/*!40000 ALTER TABLE `gallery_meta_translations` DISABLE KEYS */;
/*!40000 ALTER TABLE `gallery_meta_translations` ENABLE KEYS */;
UNLOCK TABLES;

--
-- Table structure for table `jobs`
--

DROP TABLE IF EXISTS `jobs`;
/*!40101 SET @saved_cs_client     = @@character_set_client */;
/*!40101 SET character_set_client = utf8 */;
CREATE TABLE `jobs` (
  `id` bigint unsigned NOT NULL AUTO_INCREMENT,
  `queue` varchar(191) COLLATE utf8mb4_unicode_ci NOT NULL,
  `payload` longtext COLLATE utf8mb4_unicode_ci NOT NULL,
  `attempts` tinyint unsigned NOT NULL,
  `reserved_at` int unsigned DEFAULT NULL,
  `available_at` int unsigned NOT NULL,
  `created_at` int unsigned NOT NULL,
  PRIMARY KEY (`id`),
  KEY `jobs_queue_index` (`queue`)
) ENGINE=InnoDB DEFAULT CHARSET=utf8mb4 COLLATE=utf8mb4_unicode_ci;
/*!40101 SET character_set_client = @saved_cs_client */;

--
-- Dumping data for table `jobs`
--

LOCK TABLES `jobs` WRITE;
/*!40000 ALTER TABLE `jobs` DISABLE KEYS */;
/*!40000 ALTER TABLE `jobs` ENABLE KEYS */;
UNLOCK TABLES;

--
-- Table structure for table `language_meta`
--

DROP TABLE IF EXISTS `language_meta`;
/*!40101 SET @saved_cs_client     = @@character_set_client */;
/*!40101 SET character_set_client = utf8 */;
CREATE TABLE `language_meta` (
  `lang_meta_id` bigint unsigned NOT NULL AUTO_INCREMENT,
  `lang_meta_code` varchar(20) COLLATE utf8mb4_unicode_ci DEFAULT NULL,
  `lang_meta_origin` varchar(32) COLLATE utf8mb4_unicode_ci NOT NULL,
  `reference_id` bigint unsigned NOT NULL,
  `reference_type` varchar(120) COLLATE utf8mb4_unicode_ci NOT NULL,
  PRIMARY KEY (`lang_meta_id`),
  KEY `language_meta_reference_id_index` (`reference_id`),
  KEY `meta_code_index` (`lang_meta_code`),
  KEY `meta_origin_index` (`lang_meta_origin`),
  KEY `meta_reference_type_index` (`reference_type`)
) ENGINE=InnoDB AUTO_INCREMENT=14 DEFAULT CHARSET=utf8mb4 COLLATE=utf8mb4_unicode_ci;
/*!40101 SET character_set_client = @saved_cs_client */;

--
-- Dumping data for table `language_meta`
--

LOCK TABLES `language_meta` WRITE;
/*!40000 ALTER TABLE `language_meta` DISABLE KEYS */;
INSERT INTO `language_meta` VALUES (1,'en_US','a4140b66390e59a086218fba7c3f1cab',1,'Botble\\SimpleSlider\\Models\\SimpleSlider'),(2,'en_US','82e27c15e041a7d066fa3c549f20b7f7',2,'Botble\\SimpleSlider\\Models\\SimpleSlider'),(3,'en_US','7bc112c92019dc3e388ae774172c82fd',3,'Botble\\SimpleSlider\\Models\\SimpleSlider'),(4,'en_US','6310eb53db529a8fce6056fddbc4de6b',4,'Botble\\SimpleSlider\\Models\\SimpleSlider'),(5,'en_US','ca00914a02b83532888f42e2f012cf73',5,'Botble\\SimpleSlider\\Models\\SimpleSlider'),(6,'en_US','77e089be7fb6dbb4e4bcb6f44d3fa2e3',1,'Botble\\Menu\\Models\\MenuLocation'),(7,'en_US','b26e93588e3da07dd6702922ce3fe2a4',1,'Botble\\Menu\\Models\\Menu'),(8,'en_US','927076b31e823095f56965dfb4028520',2,'Botble\\Menu\\Models\\MenuLocation'),(9,'en_US','ad51c9314848c15e607a6d658843b69a',2,'Botble\\Menu\\Models\\Menu'),(10,'en_US','c797028175b76a6c01b18588b56a4a1c',3,'Botble\\Menu\\Models\\MenuLocation'),(11,'en_US','595d3cd3a8275f261145a34ae6cf38d4',3,'Botble\\Menu\\Models\\Menu'),(12,'en_US','c68291592f6ae98c991091033c3f3f68',4,'Botble\\Menu\\Models\\MenuLocation'),(13,'en_US','3363e6841313fb16f0389a935b1e4648',4,'Botble\\Menu\\Models\\Menu');
/*!40000 ALTER TABLE `language_meta` ENABLE KEYS */;
UNLOCK TABLES;

--
-- Table structure for table `languages`
--

DROP TABLE IF EXISTS `languages`;
/*!40101 SET @saved_cs_client     = @@character_set_client */;
/*!40101 SET character_set_client = utf8 */;
CREATE TABLE `languages` (
  `lang_id` bigint unsigned NOT NULL AUTO_INCREMENT,
  `lang_name` varchar(120) COLLATE utf8mb4_unicode_ci NOT NULL,
  `lang_locale` varchar(20) COLLATE utf8mb4_unicode_ci NOT NULL,
  `lang_code` varchar(20) COLLATE utf8mb4_unicode_ci NOT NULL,
  `lang_flag` varchar(20) COLLATE utf8mb4_unicode_ci DEFAULT NULL,
  `lang_is_default` tinyint unsigned NOT NULL DEFAULT '0',
  `lang_order` int NOT NULL DEFAULT '0',
  `lang_is_rtl` tinyint unsigned NOT NULL DEFAULT '0',
  PRIMARY KEY (`lang_id`),
  KEY `lang_locale_index` (`lang_locale`),
  KEY `lang_code_index` (`lang_code`),
  KEY `lang_is_default_index` (`lang_is_default`)
) ENGINE=InnoDB AUTO_INCREMENT=2 DEFAULT CHARSET=utf8mb4 COLLATE=utf8mb4_unicode_ci;
/*!40101 SET character_set_client = @saved_cs_client */;

--
-- Dumping data for table `languages`
--

LOCK TABLES `languages` WRITE;
/*!40000 ALTER TABLE `languages` DISABLE KEYS */;
INSERT INTO `languages` VALUES (1,'English','en','en_US','us',1,0,0);
/*!40000 ALTER TABLE `languages` ENABLE KEYS */;
UNLOCK TABLES;

--
-- Table structure for table `media_files`
--

DROP TABLE IF EXISTS `media_files`;
/*!40101 SET @saved_cs_client     = @@character_set_client */;
/*!40101 SET character_set_client = utf8 */;
CREATE TABLE `media_files` (
  `id` bigint unsigned NOT NULL AUTO_INCREMENT,
  `user_id` bigint unsigned NOT NULL,
  `name` varchar(191) COLLATE utf8mb4_unicode_ci NOT NULL,
  `alt` varchar(191) COLLATE utf8mb4_unicode_ci DEFAULT NULL,
  `folder_id` bigint unsigned NOT NULL DEFAULT '0',
  `mime_type` varchar(120) COLLATE utf8mb4_unicode_ci NOT NULL,
  `size` int NOT NULL,
  `url` varchar(191) COLLATE utf8mb4_unicode_ci NOT NULL,
  `options` text COLLATE utf8mb4_unicode_ci,
  `created_at` timestamp NULL DEFAULT NULL,
  `updated_at` timestamp NULL DEFAULT NULL,
  `deleted_at` timestamp NULL DEFAULT NULL,
  `visibility` varchar(191) COLLATE utf8mb4_unicode_ci NOT NULL DEFAULT 'public',
  PRIMARY KEY (`id`),
  KEY `media_files_user_id_index` (`user_id`),
  KEY `media_files_index` (`folder_id`,`user_id`,`created_at`)
) ENGINE=InnoDB AUTO_INCREMENT=273 DEFAULT CHARSET=utf8mb4 COLLATE=utf8mb4_unicode_ci;
/*!40101 SET character_set_client = @saved_cs_client */;

--
-- Dumping data for table `media_files`
--

LOCK TABLES `media_files` WRITE;
/*!40000 ALTER TABLE `media_files` DISABLE KEYS */;
INSERT INTO `media_files` VALUES (1,0,'f-app','f-app',1,'image/jpeg',617,'general/f-app.jpg','[]','2025-01-21 09:38:58','2025-01-21 09:38:58',NULL,'public'),(2,0,'f-brand-icon-01','f-brand-icon-01',1,'image/png',448,'general/f-brand-icon-01.png','[]','2025-01-21 09:38:58','2025-01-21 09:38:58',NULL,'public'),(3,0,'f-google','f-google',1,'image/jpeg',617,'general/f-google.jpg','[]','2025-01-21 09:38:58','2025-01-21 09:38:58',NULL,'public'),(4,0,'favicon','favicon',1,'image/png',15233,'general/favicon.png','[]','2025-01-21 09:38:58','2025-01-21 09:38:58',NULL,'public'),(5,0,'logo-white','logo-white',1,'image/png',860,'general/logo-white.png','[]','2025-01-21 09:38:58','2025-01-21 09:38:58',NULL,'public'),(6,0,'logo','logo',1,'image/png',934,'general/logo.png','[]','2025-01-21 09:38:58','2025-01-21 09:38:58',NULL,'public'),(7,0,'newsletter-popup','newsletter-popup',1,'image/png',28834,'general/newsletter-popup.png','[]','2025-01-21 09:38:58','2025-01-21 09:38:58',NULL,'public'),(8,0,'1','1',2,'image/jpeg',3319,'blog/1.jpg','[]','2025-01-21 09:38:58','2025-01-21 09:38:58',NULL,'public'),(9,0,'10','10',2,'image/jpeg',3319,'blog/10.jpg','[]','2025-01-21 09:38:58','2025-01-21 09:38:58',NULL,'public'),(10,0,'11','11',2,'image/jpeg',3319,'blog/11.jpg','[]','2025-01-21 09:38:59','2025-01-21 09:38:59',NULL,'public'),(11,0,'2','2',2,'image/jpeg',3319,'blog/2.jpg','[]','2025-01-21 09:38:59','2025-01-21 09:38:59',NULL,'public'),(12,0,'3','3',2,'image/jpeg',3319,'blog/3.jpg','[]','2025-01-21 09:38:59','2025-01-21 09:38:59',NULL,'public'),(13,0,'4','4',2,'image/jpeg',3319,'blog/4.jpg','[]','2025-01-21 09:38:59','2025-01-21 09:38:59',NULL,'public'),(14,0,'5','5',2,'image/jpeg',3319,'blog/5.jpg','[]','2025-01-21 09:38:59','2025-01-21 09:38:59',NULL,'public'),(15,0,'6','6',2,'image/jpeg',3319,'blog/6.jpg','[]','2025-01-21 09:38:59','2025-01-21 09:38:59',NULL,'public'),(16,0,'7','7',2,'image/jpeg',3319,'blog/7.jpg','[]','2025-01-21 09:38:59','2025-01-21 09:38:59',NULL,'public'),(17,0,'8','8',2,'image/jpeg',3319,'blog/8.jpg','[]','2025-01-21 09:38:59','2025-01-21 09:38:59',NULL,'public'),(18,0,'9','9',2,'image/jpeg',3319,'blog/9.jpg','[]','2025-01-21 09:38:59','2025-01-21 09:38:59',NULL,'public'),(19,0,'blog-in-01','blog-in-01',2,'image/jpeg',9623,'blog/blog-in-01.jpg','[]','2025-01-21 09:38:59','2025-01-21 09:38:59',NULL,'public'),(20,0,'blog-in-02','blog-in-02',2,'image/jpeg',9623,'blog/blog-in-02.jpg','[]','2025-01-21 09:38:59','2025-01-21 09:38:59',NULL,'public'),(21,0,'blog-in-03','blog-in-03',2,'image/jpeg',9623,'blog/blog-in-03.jpg','[]','2025-01-21 09:38:59','2025-01-21 09:38:59',NULL,'public'),(22,0,'blog-in-04','blog-in-04',2,'image/jpeg',9623,'blog/blog-in-04.jpg','[]','2025-01-21 09:39:00','2025-01-21 09:39:00',NULL,'public'),(23,0,'blog-in-05','blog-in-05',2,'image/jpeg',9623,'blog/blog-in-05.jpg','[]','2025-01-21 09:39:00','2025-01-21 09:39:00',NULL,'public'),(24,0,'blog-in-06','blog-in-06',2,'image/jpeg',9623,'blog/blog-in-06.jpg','[]','2025-01-21 09:39:00','2025-01-21 09:39:00',NULL,'public'),(25,0,'blog-sm-1','blog-sm-1',2,'image/jpeg',9623,'blog/blog-sm-1.jpg','[]','2025-01-21 09:39:00','2025-01-21 09:39:00',NULL,'public'),(26,0,'blog-sm-2','blog-sm-2',2,'image/jpeg',9623,'blog/blog-sm-2.jpg','[]','2025-01-21 09:39:00','2025-01-21 09:39:00',NULL,'public'),(27,0,'blog-sm-3','blog-sm-3',2,'image/jpeg',9623,'blog/blog-sm-3.jpg','[]','2025-01-21 09:39:00','2025-01-21 09:39:00',NULL,'public'),(28,0,'blog-sm-4','blog-sm-4',2,'image/jpeg',9623,'blog/blog-sm-4.jpg','[]','2025-01-21 09:39:00','2025-01-21 09:39:00',NULL,'public'),(29,0,'comment-1','comment-1',2,'image/jpeg',9803,'blog/comment-1.jpg','[]','2025-01-21 09:39:00','2025-01-21 09:39:00',NULL,'public'),(30,0,'comment-2','comment-2',2,'image/jpeg',9803,'blog/comment-2.jpg','[]','2025-01-21 09:39:00','2025-01-21 09:39:00',NULL,'public'),(31,0,'location-1','location-1',3,'image/png',5309,'shop/location-1.png','[]','2025-01-21 09:39:01','2025-01-21 09:39:01',NULL,'public'),(32,0,'location-2','location-2',3,'image/png',5309,'shop/location-2.png','[]','2025-01-21 09:39:01','2025-01-21 09:39:01',NULL,'public'),(33,0,'location-3','location-3',3,'image/png',5309,'shop/location-3.png','[]','2025-01-21 09:39:01','2025-01-21 09:39:01',NULL,'public'),(34,0,'location-4','location-4',3,'image/png',5309,'shop/location-4.png','[]','2025-01-21 09:39:01','2025-01-21 09:39:01',NULL,'public'),(35,0,'login_bg','login_bg',3,'image/jpeg',5443,'shop/login-bg.jpg','[]','2025-01-21 09:39:01','2025-01-21 09:39:01',NULL,'public'),(36,0,'reviewer-01','reviewer-01',3,'image/png',1070,'shop/reviewer-01.png','[]','2025-01-21 09:39:01','2025-01-21 09:39:01',NULL,'public'),(37,0,'reviewer-02','reviewer-02',3,'image/png',1070,'shop/reviewer-02.png','[]','2025-01-21 09:39:01','2025-01-21 09:39:01',NULL,'public'),(38,0,'reviewer-03','reviewer-03',3,'image/png',1070,'shop/reviewer-03.png','[]','2025-01-21 09:39:01','2025-01-21 09:39:01',NULL,'public'),(39,0,'s-thumb-01','s-thumb-01',3,'image/jpeg',2813,'shop/s-thumb-01.jpg','[]','2025-01-21 09:39:01','2025-01-21 09:39:01',NULL,'public'),(40,0,'s-thumb-02','s-thumb-02',3,'image/jpeg',2813,'shop/s-thumb-02.jpg','[]','2025-01-21 09:39:01','2025-01-21 09:39:01',NULL,'public'),(41,0,'s-thumb-03','s-thumb-03',3,'image/jpeg',2813,'shop/s-thumb-03.jpg','[]','2025-01-21 09:39:01','2025-01-21 09:39:01',NULL,'public'),(42,0,'s-thumb-04','s-thumb-04',3,'image/jpeg',2813,'shop/s-thumb-04.jpg','[]','2025-01-21 09:39:01','2025-01-21 09:39:01',NULL,'public'),(43,0,'s-thumb-05','s-thumb-05',3,'image/jpeg',2813,'shop/s-thumb-05.jpg','[]','2025-01-21 09:39:01','2025-01-21 09:39:01',NULL,'public'),(44,0,'s-thumb-06','s-thumb-06',3,'image/jpeg',2813,'shop/s-thumb-06.jpg','[]','2025-01-21 09:39:01','2025-01-21 09:39:01',NULL,'public'),(45,0,'sign_bg','sign_bg',3,'image/jpeg',5443,'shop/sign-bg.jpg','[]','2025-01-21 09:39:02','2025-01-21 09:39:02',NULL,'public'),(46,0,'track_bg','track_bg',3,'image/jpeg',6224,'shop/track-bg.jpg','[]','2025-01-21 09:39:02','2025-01-21 09:39:02',NULL,'public'),(47,0,'w-product-01','w-product-01',3,'image/jpeg',5528,'shop/w-product-01.jpg','[]','2025-01-21 09:39:02','2025-01-21 09:39:02',NULL,'public'),(48,0,'w-product-02','w-product-02',3,'image/jpeg',5528,'shop/w-product-02.jpg','[]','2025-01-21 09:39:02','2025-01-21 09:39:02',NULL,'public'),(49,0,'w-product-03','w-product-03',3,'image/jpeg',5528,'shop/w-product-03.jpg','[]','2025-01-21 09:39:02','2025-01-21 09:39:02',NULL,'public'),(50,0,'w-product-04','w-product-04',3,'image/jpeg',5528,'shop/w-product-04.jpg','[]','2025-01-21 09:39:02','2025-01-21 09:39:02',NULL,'public'),(51,0,'w-product-05','w-product-05',3,'image/jpeg',5528,'shop/w-product-05.jpg','[]','2025-01-21 09:39:02','2025-01-21 09:39:02',NULL,'public'),(52,0,'about-banner-1','about-banner-1',4,'image/jpeg',8335,'banners/about-banner-1.jpg','[]','2025-01-21 09:39:02','2025-01-21 09:39:02',NULL,'public'),(53,0,'about-banner-2','about-banner-2',4,'image/jpeg',8335,'banners/about-banner-2.jpg','[]','2025-01-21 09:39:02','2025-01-21 09:39:02',NULL,'public'),(54,0,'about-img-1','about-img-1',4,'image/jpeg',8914,'banners/about-img-1.jpg','[]','2025-01-21 09:39:02','2025-01-21 09:39:02',NULL,'public'),(55,0,'about-img-2','about-img-2',4,'image/jpeg',8914,'banners/about-img-2.jpg','[]','2025-01-21 09:39:02','2025-01-21 09:39:02',NULL,'public'),(56,0,'about-img-3','about-img-3',4,'image/png',6373,'banners/about-img-3.png','[]','2025-01-21 09:39:02','2025-01-21 09:39:02',NULL,'public'),(57,0,'banner-03-01','banner-03-01',4,'image/jpeg',6612,'banners/banner-03-01.jpg','[]','2025-01-21 09:39:02','2025-01-21 09:39:02',NULL,'public'),(58,0,'banner-03-02','banner-03-02',4,'image/jpeg',5283,'banners/banner-03-02.jpg','[]','2025-01-21 09:39:03','2025-01-21 09:39:03',NULL,'public'),(59,0,'banner-03-03','banner-03-03',4,'image/jpeg',5077,'banners/banner-03-03.jpg','[]','2025-01-21 09:39:03','2025-01-21 09:39:03',NULL,'public'),(60,0,'banner-2-01','banner-2-01',4,'image/jpeg',5452,'banners/banner-2-01.jpg','[]','2025-01-21 09:39:03','2025-01-21 09:39:03',NULL,'public'),(61,0,'banner-2-02','banner-2-02',4,'image/jpeg',5452,'banners/banner-2-02.jpg','[]','2025-01-21 09:39:03','2025-01-21 09:39:03',NULL,'public'),(62,0,'banner-2-03','banner-2-03',4,'image/jpeg',12296,'banners/banner-2-03.jpg','[]','2025-01-21 09:39:03','2025-01-21 09:39:03',NULL,'public'),(63,0,'banner-2-04','banner-2-04',4,'image/jpeg',7318,'banners/banner-2-04.jpg','[]','2025-01-21 09:39:03','2025-01-21 09:39:03',NULL,'public'),(64,0,'banner-bg-05','banner-bg-05',4,'image/jpeg',23672,'banners/banner-bg-05.jpg','[]','2025-01-21 09:39:03','2025-01-21 09:39:03',NULL,'public'),(65,0,'banner-offer-01','banner-offer-01',4,'image/jpeg',10330,'banners/banner-offer-01.jpg','[]','2025-01-21 09:39:03','2025-01-21 09:39:03',NULL,'public'),(66,0,'banner-offer-02','banner-offer-02',4,'image/jpeg',9086,'banners/banner-offer-02.jpg','[]','2025-01-21 09:39:03','2025-01-21 09:39:03',NULL,'public'),(67,0,'breadcrumb-01','breadcrumb-01',4,'image/jpeg',5276,'banners/breadcrumb-01.jpg','[]','2025-01-21 09:39:04','2025-01-21 09:39:04',NULL,'public'),(68,0,'coming-soon','coming-soon',4,'image/jpeg',27345,'banners/coming-soon.jpg','[]','2025-01-21 09:39:04','2025-01-21 09:39:04',NULL,'public'),(69,0,'login-bg','login-bg',4,'image/jpeg',5443,'banners/login-bg.jpg','[]','2025-01-21 09:39:04','2025-01-21 09:39:04',NULL,'public'),(70,0,'product-shape-01','product-shape-01',4,'image/png',3220,'banners/product-shape-01.png','[]','2025-01-21 09:39:04','2025-01-21 09:39:04',NULL,'public'),(71,0,'product-shape-02','product-shape-02',4,'image/png',2285,'banners/product-shape-02.png','[]','2025-01-21 09:39:04','2025-01-21 09:39:04',NULL,'public'),(72,0,'sign-bg','sign-bg',4,'image/jpeg',5443,'banners/sign-bg.jpg','[]','2025-01-21 09:39:04','2025-01-21 09:39:04',NULL,'public'),(73,0,'thumb-01','thumb-01',4,'image/jpeg',16230,'banners/thumb-01.jpg','[]','2025-01-21 09:39:04','2025-01-21 09:39:04',NULL,'public'),(74,0,'thumb-02','thumb-02',4,'image/jpeg',7655,'banners/thumb-02.jpg','[]','2025-01-21 09:39:04','2025-01-21 09:39:04',NULL,'public'),(75,0,'thumb-03','thumb-03',4,'image/jpeg',7655,'banners/thumb-03.jpg','[]','2025-01-21 09:39:04','2025-01-21 09:39:04',NULL,'public'),(76,0,'thumb-04','thumb-04',4,'image/jpeg',16230,'banners/thumb-04.jpg','[]','2025-01-21 09:39:04','2025-01-21 09:39:04',NULL,'public'),(77,0,'track-bg','track-bg',4,'image/jpeg',6224,'banners/track-bg.jpg','[]','2025-01-21 09:39:04','2025-01-21 09:39:04',NULL,'public'),(78,0,'box','box',5,'image/png',949,'icons/box.png','[]','2025-01-21 09:39:05','2025-01-21 09:39:05',NULL,'public'),(79,0,'car','car',5,'image/png',855,'icons/car.png','[]','2025-01-21 09:39:05','2025-01-21 09:39:05',NULL,'public'),(80,0,'cat-icon-01','cat-icon-01',5,'image/png',146,'icons/cat-icon-01.png','[]','2025-01-21 09:39:05','2025-01-21 09:39:05',NULL,'public'),(81,0,'cat-icon-02','cat-icon-02',5,'image/png',164,'icons/cat-icon-02.png','[]','2025-01-21 09:39:05','2025-01-21 09:39:05',NULL,'public'),(82,0,'cat-icon-03','cat-icon-03',5,'image/png',164,'icons/cat-icon-03.png','[]','2025-01-21 09:39:05','2025-01-21 09:39:05',NULL,'public'),(83,0,'cat-icon-04','cat-icon-04',5,'image/png',160,'icons/cat-icon-04.png','[]','2025-01-21 09:39:05','2025-01-21 09:39:05',NULL,'public'),(84,0,'cat-icon-05','cat-icon-05',5,'image/png',151,'icons/cat-icon-05.png','[]','2025-01-21 09:39:05','2025-01-21 09:39:05',NULL,'public'),(85,0,'cat-icon-06','cat-icon-06',5,'image/png',1665,'icons/cat-icon-06.png','[]','2025-01-21 09:39:05','2025-01-21 09:39:05',NULL,'public'),(86,0,'error','error',5,'image/png',3971,'icons/error.png','[]','2025-01-21 09:39:05','2025-01-21 09:39:05',NULL,'public'),(87,0,'hours','hours',5,'image/png',1034,'icons/hours.png','[]','2025-01-21 09:39:05','2025-01-21 09:39:05',NULL,'public'),(88,0,'lang-flag','lang-flag',5,'image/png',1602,'icons/lang-flag.png','[]','2025-01-21 09:39:05','2025-01-21 09:39:05',NULL,'public'),(89,0,'payment','payment',5,'image/png',800,'icons/payment.png','[]','2025-01-21 09:39:05','2025-01-21 09:39:05',NULL,'public'),(90,0,'product-det-1','product-det-1',5,'image/png',974,'icons/product-det-1.png','[]','2025-01-21 09:39:05','2025-01-21 09:39:05',NULL,'public'),(91,0,'product-det-2','product-det-2',5,'image/png',1080,'icons/product-det-2.png','[]','2025-01-21 09:39:05','2025-01-21 09:39:05',NULL,'public'),(92,0,'product-det-3','product-det-3',5,'image/png',735,'icons/product-det-3.png','[]','2025-01-21 09:39:05','2025-01-21 09:39:05',NULL,'public'),(93,0,'product-det-4','product-det-4',5,'image/png',1202,'icons/product-det-4.png','[]','2025-01-21 09:39:05','2025-01-21 09:39:05',NULL,'public'),(94,0,'title-shape-02','title-shape-02',5,'image/jpeg',737,'icons/title-shape-02.jpg','[]','2025-01-21 09:39:05','2025-01-21 09:39:05',NULL,'public'),(95,0,'track-1','track-1',5,'image/png',339,'icons/track-1.png','[]','2025-01-21 09:39:05','2025-01-21 09:39:05',NULL,'public'),(96,0,'banner-1','banner-1',6,'image/jpeg',9766,'sliders/banner-1.jpg','[]','2025-01-21 09:39:06','2025-01-21 09:39:06',NULL,'public'),(97,0,'banner-2','banner-2',6,'image/jpeg',9766,'sliders/banner-2.jpg','[]','2025-01-21 09:39:06','2025-01-21 09:39:06',NULL,'public'),(98,0,'banner-3','banner-3',6,'image/jpeg',9766,'sliders/banner-3.jpg','[]','2025-01-21 09:39:06','2025-01-21 09:39:06',NULL,'public'),(99,0,'banner-slider-01','banner-slider-01',6,'image/jpeg',4081,'sliders/banner-slider-01.jpg','[]','2025-01-21 09:39:06','2025-01-21 09:39:06',NULL,'public'),(100,0,'banner-slider-02','banner-slider-02',6,'image/jpeg',4081,'sliders/banner-slider-02.jpg','[]','2025-01-21 09:39:06','2025-01-21 09:39:06',NULL,'public'),(101,0,'fasion-tag-01','fasion-tag-01',6,'image/png',2647,'sliders/fasion-tag-01.png','[]','2025-01-21 09:39:06','2025-01-21 09:39:06',NULL,'public'),(102,0,'fasion-tag-02','fasion-tag-02',6,'image/png',2675,'sliders/fasion-tag-02.png','[]','2025-01-21 09:39:06','2025-01-21 09:39:06',NULL,'public'),(103,0,'fasion-tag-03','fasion-tag-03',6,'image/png',2675,'sliders/fasion-tag-03.png','[]','2025-01-21 09:39:06','2025-01-21 09:39:06',NULL,'public'),(104,0,'slider-01','slider-01',6,'image/png',13507,'sliders/slider-01.png','[]','2025-01-21 09:39:06','2025-01-21 09:39:06',NULL,'public'),(105,0,'slider-02','slider-02',6,'image/png',13507,'sliders/slider-02.png','[]','2025-01-21 09:39:06','2025-01-21 09:39:06',NULL,'public'),(106,0,'slider-03','slider-03',6,'image/png',13507,'sliders/slider-03.png','[]','2025-01-21 09:39:07','2025-01-21 09:39:07',NULL,'public'),(107,0,'slider-04','slider-04',6,'image/png',11780,'sliders/slider-04.png','[]','2025-01-21 09:39:07','2025-01-21 09:39:07',NULL,'public'),(108,0,'slider-05-banner-1','slider-05-banner-1',6,'image/jpeg',3724,'sliders/slider-05-banner-1.jpg','[]','2025-01-21 09:39:07','2025-01-21 09:39:07',NULL,'public'),(109,0,'slider-05-banner-2','slider-05-banner-2',6,'image/jpeg',3724,'sliders/slider-05-banner-2.jpg','[]','2025-01-21 09:39:07','2025-01-21 09:39:07',NULL,'public'),(110,0,'slider-05-bg-1','slider-05-bg-1',6,'image/jpeg',11103,'sliders/slider-05-bg-1.jpg','[]','2025-01-21 09:39:07','2025-01-21 09:39:07',NULL,'public'),(111,0,'slider-05-bg-2','slider-05-bg-2',6,'image/jpeg',11103,'sliders/slider-05-bg-2.jpg','[]','2025-01-21 09:39:07','2025-01-21 09:39:07',NULL,'public'),(112,0,'slider-05-bg-3','slider-05-bg-3',6,'image/jpeg',11103,'sliders/slider-05-bg-3.jpg','[]','2025-01-21 09:39:07','2025-01-21 09:39:07',NULL,'public'),(113,0,'slider-05-bg-4','slider-05-bg-4',6,'image/jpeg',11103,'sliders/slider-05-bg-4.jpg','[]','2025-01-21 09:39:07','2025-01-21 09:39:07',NULL,'public'),(114,0,'slider-05','slider-05',6,'image/png',11780,'sliders/slider-05.png','[]','2025-01-21 09:39:07','2025-01-21 09:39:07',NULL,'public'),(115,0,'slider-06','slider-06',6,'image/png',11780,'sliders/slider-06.png','[]','2025-01-21 09:39:07','2025-01-21 09:39:07',NULL,'public'),(116,0,'slider-bg-04','slider-bg-04',6,'image/png',7941,'sliders/slider-bg-04.png','[]','2025-01-21 09:39:08','2025-01-21 09:39:08',NULL,'public'),(117,0,'slider-bg-05','slider-bg-05',6,'image/png',7941,'sliders/slider-bg-05.png','[]','2025-01-21 09:39:08','2025-01-21 09:39:08',NULL,'public'),(118,0,'slider-bg-06','slider-bg-06',6,'image/png',7941,'sliders/slider-bg-06.png','[]','2025-01-21 09:39:08','2025-01-21 09:39:08',NULL,'public'),(119,0,'video-bg-01','video-bg-01',6,'image/jpeg',14217,'sliders/video-bg-01.jpg','[]','2025-01-21 09:39:08','2025-01-21 09:39:08',NULL,'public'),(120,0,'brand-01','brand-01',7,'image/png',630,'brands/brand-01.png','[]','2025-01-21 09:39:08','2025-01-21 09:39:08',NULL,'public'),(121,0,'brand-02','brand-02',7,'image/png',630,'brands/brand-02.png','[]','2025-01-21 09:39:08','2025-01-21 09:39:08',NULL,'public'),(122,0,'brand-03','brand-03',7,'image/png',630,'brands/brand-03.png','[]','2025-01-21 09:39:08','2025-01-21 09:39:08',NULL,'public'),(123,0,'brand-04','brand-04',7,'image/png',630,'brands/brand-04.png','[]','2025-01-21 09:39:08','2025-01-21 09:39:08',NULL,'public'),(124,0,'brand-05','brand-05',7,'image/png',630,'brands/brand-05.png','[]','2025-01-21 09:39:08','2025-01-21 09:39:08',NULL,'public'),(125,0,'brand-06','brand-06',7,'image/png',630,'brands/brand-06.png','[]','2025-01-21 09:39:08','2025-01-21 09:39:08',NULL,'public'),(126,0,'brand-w-01','brand-w-01',7,'image/png',630,'brands/brand-w-01.png','[]','2025-01-21 09:39:08','2025-01-21 09:39:08',NULL,'public'),(127,0,'brand-w-02','brand-w-02',7,'image/png',630,'brands/brand-w-02.png','[]','2025-01-21 09:39:09','2025-01-21 09:39:09',NULL,'public'),(128,0,'brand-w-03','brand-w-03',7,'image/png',630,'brands/brand-w-03.png','[]','2025-01-21 09:39:09','2025-01-21 09:39:09',NULL,'public'),(129,0,'brand-w-04','brand-w-04',7,'image/png',630,'brands/brand-w-04.png','[]','2025-01-21 09:39:09','2025-01-21 09:39:09',NULL,'public'),(130,0,'brand-w-05','brand-w-05',7,'image/png',630,'brands/brand-w-05.png','[]','2025-01-21 09:39:09','2025-01-21 09:39:09',NULL,'public'),(131,0,'brand-w-06','brand-w-06',7,'image/png',630,'brands/brand-w-06.png','[]','2025-01-21 09:39:09','2025-01-21 09:39:09',NULL,'public'),(132,0,'pla-brand-01','pla-brand-01',7,'image/png',630,'brands/pla-brand-01.png','[]','2025-01-21 09:39:09','2025-01-21 09:39:09',NULL,'public'),(133,0,'pla-brand-02','pla-brand-02',7,'image/png',630,'brands/pla-brand-02.png','[]','2025-01-21 09:39:09','2025-01-21 09:39:09',NULL,'public'),(134,0,'pla-brand-03','pla-brand-03',7,'image/png',630,'brands/pla-brand-03.png','[]','2025-01-21 09:39:09','2025-01-21 09:39:09',NULL,'public'),(135,0,'pla-brand-04','pla-brand-04',7,'image/png',630,'brands/pla-brand-04.png','[]','2025-01-21 09:39:09','2025-01-21 09:39:09',NULL,'public'),(136,0,'pla-brand-05','pla-brand-05',7,'image/png',630,'brands/pla-brand-05.png','[]','2025-01-21 09:39:09','2025-01-21 09:39:09',NULL,'public'),(137,0,'pla-brand-06','pla-brand-06',7,'image/png',630,'brands/pla-brand-06.png','[]','2025-01-21 09:39:09','2025-01-21 09:39:09',NULL,'public'),(138,0,'feature-icon-01','feature-icon-01',8,'image/png',2082,'features/feature-icon-01.png','[]','2025-01-21 09:39:09','2025-01-21 09:39:09',NULL,'public'),(139,0,'feature-icon-02','feature-icon-02',8,'image/png',1941,'features/feature-icon-02.png','[]','2025-01-21 09:39:09','2025-01-21 09:39:09',NULL,'public'),(140,0,'feature-icon-03','feature-icon-03',8,'image/png',2535,'features/feature-icon-03.png','[]','2025-01-21 09:39:09','2025-01-21 09:39:09',NULL,'public'),(141,0,'feature-icon-04','feature-icon-04',8,'image/png',1158,'features/feature-icon-04.png','[]','2025-01-21 09:39:09','2025-01-21 09:39:09',NULL,'public'),(142,0,'feature-icon-05','feature-icon-05',8,'image/png',1887,'features/feature-icon-05.png','[]','2025-01-21 09:39:09','2025-01-21 09:39:09',NULL,'public'),(143,0,'feature-icon-06','feature-icon-06',8,'image/png',1666,'features/feature-icon-06.png','[]','2025-01-21 09:39:09','2025-01-21 09:39:09',NULL,'public'),(144,0,'pla-product-01','pla-product-01',9,'image/jpeg',9803,'products/pla-product-01.jpg','[]','2025-01-21 09:39:10','2025-01-21 09:39:10',NULL,'public'),(145,0,'pla-product-02','pla-product-02',9,'image/jpeg',9803,'products/pla-product-02.jpg','[]','2025-01-21 09:39:10','2025-01-21 09:39:10',NULL,'public'),(146,0,'pla-product-03','pla-product-03',9,'image/jpeg',9803,'products/pla-product-03.jpg','[]','2025-01-21 09:39:10','2025-01-21 09:39:10',NULL,'public'),(147,0,'pla-product-04','pla-product-04',9,'image/jpeg',9803,'products/pla-product-04.jpg','[]','2025-01-21 09:39:10','2025-01-21 09:39:10',NULL,'public'),(148,0,'product-1','product-1',9,'image/jpeg',9803,'products/product-1.jpg','[]','2025-01-21 09:39:10','2025-01-21 09:39:10',NULL,'public'),(149,0,'product-10','product-10',9,'image/jpeg',9803,'products/product-10.jpg','[]','2025-01-21 09:39:10','2025-01-21 09:39:10',NULL,'public'),(150,0,'product-11','product-11',9,'image/jpeg',9803,'products/product-11.jpg','[]','2025-01-21 09:39:10','2025-01-21 09:39:10',NULL,'public'),(151,0,'product-12','product-12',9,'image/jpeg',9803,'products/product-12.jpg','[]','2025-01-21 09:39:11','2025-01-21 09:39:11',NULL,'public'),(152,0,'product-13','product-13',9,'image/jpeg',9803,'products/product-13.jpg','[]','2025-01-21 09:39:11','2025-01-21 09:39:11',NULL,'public'),(153,0,'product-14','product-14',9,'image/jpeg',9803,'products/product-14.jpg','[]','2025-01-21 09:39:11','2025-01-21 09:39:11',NULL,'public'),(154,0,'product-15','product-15',9,'image/jpeg',9803,'products/product-15.jpg','[]','2025-01-21 09:39:11','2025-01-21 09:39:11',NULL,'public'),(155,0,'product-16','product-16',9,'image/jpeg',9803,'products/product-16.jpg','[]','2025-01-21 09:39:11','2025-01-21 09:39:11',NULL,'public'),(156,0,'product-17','product-17',9,'image/jpeg',9803,'products/product-17.jpg','[]','2025-01-21 09:39:11','2025-01-21 09:39:11',NULL,'public'),(157,0,'product-18','product-18',9,'image/jpeg',9803,'products/product-18.jpg','[]','2025-01-21 09:39:11','2025-01-21 09:39:11',NULL,'public'),(158,0,'product-19','product-19',9,'image/jpeg',9803,'products/product-19.jpg','[]','2025-01-21 09:39:11','2025-01-21 09:39:11',NULL,'public'),(159,0,'product-2','product-2',9,'image/jpeg',9803,'products/product-2.jpg','[]','2025-01-21 09:39:11','2025-01-21 09:39:11',NULL,'public'),(160,0,'product-20','product-20',9,'image/jpeg',9803,'products/product-20.jpg','[]','2025-01-21 09:39:11','2025-01-21 09:39:11',NULL,'public'),(161,0,'product-21','product-21',9,'image/jpeg',9803,'products/product-21.jpg','[]','2025-01-21 09:39:12','2025-01-21 09:39:12',NULL,'public'),(162,0,'product-22','product-22',9,'image/jpeg',9803,'products/product-22.jpg','[]','2025-01-21 09:39:12','2025-01-21 09:39:12',NULL,'public'),(163,0,'product-23','product-23',9,'image/jpeg',9803,'products/product-23.jpg','[]','2025-01-21 09:39:12','2025-01-21 09:39:12',NULL,'public'),(164,0,'product-24','product-24',9,'image/jpeg',9803,'products/product-24.jpg','[]','2025-01-21 09:39:12','2025-01-21 09:39:12',NULL,'public'),(165,0,'product-25','product-25',9,'image/jpeg',9803,'products/product-25.jpg','[]','2025-01-21 09:39:12','2025-01-21 09:39:12',NULL,'public'),(166,0,'product-26','product-26',9,'image/jpeg',9803,'products/product-26.jpg','[]','2025-01-21 09:39:12','2025-01-21 09:39:12',NULL,'public'),(167,0,'product-27','product-27',9,'image/jpeg',9803,'products/product-27.jpg','[]','2025-01-21 09:39:12','2025-01-21 09:39:12',NULL,'public'),(168,0,'product-28','product-28',9,'image/jpeg',9803,'products/product-28.jpg','[]','2025-01-21 09:39:12','2025-01-21 09:39:12',NULL,'public'),(169,0,'product-29','product-29',9,'image/jpeg',9803,'products/product-29.jpg','[]','2025-01-21 09:39:12','2025-01-21 09:39:12',NULL,'public'),(170,0,'product-3','product-3',9,'image/jpeg',9803,'products/product-3.jpg','[]','2025-01-21 09:39:13','2025-01-21 09:39:13',NULL,'public'),(171,0,'product-30','product-30',9,'image/jpeg',9803,'products/product-30.jpg','[]','2025-01-21 09:39:13','2025-01-21 09:39:13',NULL,'public'),(172,0,'product-31','product-31',9,'image/jpeg',9803,'products/product-31.jpg','[]','2025-01-21 09:39:13','2025-01-21 09:39:13',NULL,'public'),(173,0,'product-32','product-32',9,'image/jpeg',9803,'products/product-32.jpg','[]','2025-01-21 09:39:13','2025-01-21 09:39:13',NULL,'public'),(174,0,'product-33','product-33',9,'image/jpeg',9803,'products/product-33.jpg','[]','2025-01-21 09:39:13','2025-01-21 09:39:13',NULL,'public'),(175,0,'product-34','product-34',9,'image/jpeg',9803,'products/product-34.jpg','[]','2025-01-21 09:39:13','2025-01-21 09:39:13',NULL,'public'),(176,0,'product-35','product-35',9,'image/jpeg',9803,'products/product-35.jpg','[]','2025-01-21 09:39:13','2025-01-21 09:39:13',NULL,'public'),(177,0,'product-36','product-36',9,'image/jpeg',9803,'products/product-36.jpg','[]','2025-01-21 09:39:13','2025-01-21 09:39:13',NULL,'public'),(178,0,'product-37','product-37',9,'image/jpeg',9803,'products/product-37.jpg','[]','2025-01-21 09:39:13','2025-01-21 09:39:13',NULL,'public'),(179,0,'product-38','product-38',9,'image/jpeg',9803,'products/product-38.jpg','[]','2025-01-21 09:39:13','2025-01-21 09:39:13',NULL,'public'),(180,0,'product-39','product-39',9,'image/jpeg',9803,'products/product-39.jpg','[]','2025-01-21 09:39:14','2025-01-21 09:39:14',NULL,'public'),(181,0,'product-4','product-4',9,'image/jpeg',9803,'products/product-4.jpg','[]','2025-01-21 09:39:14','2025-01-21 09:39:14',NULL,'public'),(182,0,'product-40','product-40',9,'image/jpeg',9803,'products/product-40.jpg','[]','2025-01-21 09:39:14','2025-01-21 09:39:14',NULL,'public'),(183,0,'product-41','product-41',9,'image/jpeg',9803,'products/product-41.jpg','[]','2025-01-21 09:39:14','2025-01-21 09:39:14',NULL,'public'),(184,0,'product-42','product-42',9,'image/jpeg',9803,'products/product-42.jpg','[]','2025-01-21 09:39:14','2025-01-21 09:39:14',NULL,'public'),(185,0,'product-43','product-43',9,'image/jpeg',9803,'products/product-43.jpg','[]','2025-01-21 09:39:14','2025-01-21 09:39:14',NULL,'public'),(186,0,'product-44','product-44',9,'image/jpeg',9803,'products/product-44.jpg','[]','2025-01-21 09:39:14','2025-01-21 09:39:14',NULL,'public'),(187,0,'product-45','product-45',9,'image/jpeg',9803,'products/product-45.jpg','[]','2025-01-21 09:39:14','2025-01-21 09:39:14',NULL,'public'),(188,0,'product-46','product-46',9,'image/jpeg',9803,'products/product-46.jpg','[]','2025-01-21 09:39:14','2025-01-21 09:39:14',NULL,'public'),(189,0,'product-47','product-47',9,'image/jpeg',9803,'products/product-47.jpg','[]','2025-01-21 09:39:14','2025-01-21 09:39:14',NULL,'public'),(190,0,'product-48','product-48',9,'image/jpeg',9803,'products/product-48.jpg','[]','2025-01-21 09:39:15','2025-01-21 09:39:15',NULL,'public'),(191,0,'product-49','product-49',9,'image/jpeg',9803,'products/product-49.jpg','[]','2025-01-21 09:39:15','2025-01-21 09:39:15',NULL,'public'),(192,0,'product-5','product-5',9,'image/jpeg',9803,'products/product-5.jpg','[]','2025-01-21 09:39:15','2025-01-21 09:39:15',NULL,'public'),(193,0,'product-50','product-50',9,'image/jpeg',9803,'products/product-50.jpg','[]','2025-01-21 09:39:15','2025-01-21 09:39:15',NULL,'public'),(194,0,'product-51','product-51',9,'image/jpeg',9803,'products/product-51.jpg','[]','2025-01-21 09:39:15','2025-01-21 09:39:15',NULL,'public'),(195,0,'product-52','product-52',9,'image/jpeg',9803,'products/product-52.jpg','[]','2025-01-21 09:39:15','2025-01-21 09:39:15',NULL,'public'),(196,0,'product-53','product-53',9,'image/jpeg',9803,'products/product-53.jpg','[]','2025-01-21 09:39:15','2025-01-21 09:39:15',NULL,'public'),(197,0,'product-54','product-54',9,'image/jpeg',9803,'products/product-54.jpg','[]','2025-01-21 09:39:15','2025-01-21 09:39:15',NULL,'public'),(198,0,'product-55','product-55',9,'image/jpeg',9803,'products/product-55.jpg','[]','2025-01-21 09:39:15','2025-01-21 09:39:15',NULL,'public'),(199,0,'product-56','product-56',9,'image/jpeg',9803,'products/product-56.jpg','[]','2025-01-21 09:39:15','2025-01-21 09:39:15',NULL,'public'),(200,0,'product-57','product-57',9,'image/jpeg',9803,'products/product-57.jpg','[]','2025-01-21 09:39:16','2025-01-21 09:39:16',NULL,'public'),(201,0,'product-58','product-58',9,'image/jpeg',9803,'products/product-58.jpg','[]','2025-01-21 09:39:16','2025-01-21 09:39:16',NULL,'public'),(202,0,'product-59','product-59',9,'image/jpeg',9803,'products/product-59.jpg','[]','2025-01-21 09:39:16','2025-01-21 09:39:16',NULL,'public'),(203,0,'product-6','product-6',9,'image/jpeg',9803,'products/product-6.jpg','[]','2025-01-21 09:39:16','2025-01-21 09:39:16',NULL,'public'),(204,0,'product-60','product-60',9,'image/jpeg',9803,'products/product-60.jpg','[]','2025-01-21 09:39:16','2025-01-21 09:39:16',NULL,'public'),(205,0,'product-61','product-61',9,'image/jpeg',9803,'products/product-61.jpg','[]','2025-01-21 09:39:16','2025-01-21 09:39:16',NULL,'public'),(206,0,'product-62','product-62',9,'image/jpeg',9803,'products/product-62.jpg','[]','2025-01-21 09:39:16','2025-01-21 09:39:16',NULL,'public'),(207,0,'product-63','product-63',9,'image/jpeg',9803,'products/product-63.jpg','[]','2025-01-21 09:39:16','2025-01-21 09:39:16',NULL,'public'),(208,0,'product-64','product-64',9,'image/jpeg',9803,'products/product-64.jpg','[]','2025-01-21 09:39:16','2025-01-21 09:39:16',NULL,'public'),(209,0,'product-65','product-65',9,'image/jpeg',9803,'products/product-65.jpg','[]','2025-01-21 09:39:17','2025-01-21 09:39:17',NULL,'public'),(210,0,'product-66','product-66',9,'image/jpeg',9803,'products/product-66.jpg','[]','2025-01-21 09:39:17','2025-01-21 09:39:17',NULL,'public'),(211,0,'product-67','product-67',9,'image/jpeg',9803,'products/product-67.jpg','[]','2025-01-21 09:39:17','2025-01-21 09:39:17',NULL,'public'),(212,0,'product-68','product-68',9,'image/jpeg',9803,'products/product-68.jpg','[]','2025-01-21 09:39:17','2025-01-21 09:39:17',NULL,'public'),(213,0,'product-69','product-69',9,'image/jpeg',9803,'products/product-69.jpg','[]','2025-01-21 09:39:17','2025-01-21 09:39:17',NULL,'public'),(214,0,'product-7','product-7',9,'image/jpeg',9803,'products/product-7.jpg','[]','2025-01-21 09:39:17','2025-01-21 09:39:17',NULL,'public'),(215,0,'product-70','product-70',9,'image/jpeg',9803,'products/product-70.jpg','[]','2025-01-21 09:39:17','2025-01-21 09:39:17',NULL,'public'),(216,0,'product-71','product-71',9,'image/jpeg',9803,'products/product-71.jpg','[]','2025-01-21 09:39:17','2025-01-21 09:39:17',NULL,'public'),(217,0,'product-72','product-72',9,'image/jpeg',9803,'products/product-72.jpg','[]','2025-01-21 09:39:17','2025-01-21 09:39:17',NULL,'public'),(218,0,'product-73','product-73',9,'image/jpeg',9803,'products/product-73.jpg','[]','2025-01-21 09:39:18','2025-01-21 09:39:18',NULL,'public'),(219,0,'product-74','product-74',9,'image/jpeg',9803,'products/product-74.jpg','[]','2025-01-21 09:39:18','2025-01-21 09:39:18',NULL,'public'),(220,0,'product-75','product-75',9,'image/jpeg',9803,'products/product-75.jpg','[]','2025-01-21 09:39:18','2025-01-21 09:39:18',NULL,'public'),(221,0,'product-76','product-76',9,'image/jpeg',9803,'products/product-76.jpg','[]','2025-01-21 09:39:18','2025-01-21 09:39:18',NULL,'public'),(222,0,'product-77','product-77',9,'image/jpeg',9803,'products/product-77.jpg','[]','2025-01-21 09:39:18','2025-01-21 09:39:18',NULL,'public'),(223,0,'product-78','product-78',9,'image/jpeg',9803,'products/product-78.jpg','[]','2025-01-21 09:39:18','2025-01-21 09:39:18',NULL,'public'),(224,0,'product-79','product-79',9,'image/jpeg',9803,'products/product-79.jpg','[]','2025-01-21 09:39:18','2025-01-21 09:39:18',NULL,'public'),(225,0,'product-8','product-8',9,'image/jpeg',9803,'products/product-8.jpg','[]','2025-01-21 09:39:18','2025-01-21 09:39:18',NULL,'public'),(226,0,'product-80','product-80',9,'image/jpeg',9803,'products/product-80.jpg','[]','2025-01-21 09:39:19','2025-01-21 09:39:19',NULL,'public'),(227,0,'product-81','product-81',9,'image/jpeg',9803,'products/product-81.jpg','[]','2025-01-21 09:39:19','2025-01-21 09:39:19',NULL,'public'),(228,0,'product-82','product-82',9,'image/jpeg',9803,'products/product-82.jpg','[]','2025-01-21 09:39:19','2025-01-21 09:39:19',NULL,'public'),(229,0,'product-83','product-83',9,'image/jpeg',9803,'products/product-83.jpg','[]','2025-01-21 09:39:19','2025-01-21 09:39:19',NULL,'public'),(230,0,'product-84','product-84',9,'image/jpeg',9803,'products/product-84.jpg','[]','2025-01-21 09:39:19','2025-01-21 09:39:19',NULL,'public'),(231,0,'product-85','product-85',9,'image/jpeg',9803,'products/product-85.jpg','[]','2025-01-21 09:39:19','2025-01-21 09:39:19',NULL,'public'),(232,0,'product-86','product-86',9,'image/jpeg',9803,'products/product-86.jpg','[]','2025-01-21 09:39:19','2025-01-21 09:39:19',NULL,'public'),(233,0,'product-87','product-87',9,'image/jpeg',9803,'products/product-87.jpg','[]','2025-01-21 09:39:19','2025-01-21 09:39:19',NULL,'public'),(234,0,'product-88','product-88',9,'image/jpeg',9803,'products/product-88.jpg','[]','2025-01-21 09:39:20','2025-01-21 09:39:20',NULL,'public'),(235,0,'product-89','product-89',9,'image/jpeg',9803,'products/product-89.jpg','[]','2025-01-21 09:39:20','2025-01-21 09:39:20',NULL,'public'),(236,0,'product-9','product-9',9,'image/jpeg',9803,'products/product-9.jpg','[]','2025-01-21 09:39:20','2025-01-21 09:39:20',NULL,'public'),(237,0,'product-90','product-90',9,'image/jpeg',9803,'products/product-90.jpg','[]','2025-01-21 09:39:20','2025-01-21 09:39:20',NULL,'public'),(238,0,'product-91','product-91',9,'image/jpeg',9803,'products/product-91.jpg','[]','2025-01-21 09:39:20','2025-01-21 09:39:20',NULL,'public'),(239,0,'product-92','product-92',9,'image/jpeg',9803,'products/product-92.jpg','[]','2025-01-21 09:39:20','2025-01-21 09:39:20',NULL,'public'),(240,0,'product-93','product-93',9,'image/jpeg',9803,'products/product-93.jpg','[]','2025-01-21 09:39:21','2025-01-21 09:39:21',NULL,'public'),(241,0,'product-94','product-94',9,'image/jpeg',9803,'products/product-94.jpg','[]','2025-01-21 09:39:21','2025-01-21 09:39:21',NULL,'public'),(242,0,'product-95','product-95',9,'image/jpeg',9803,'products/product-95.jpg','[]','2025-01-21 09:39:21','2025-01-21 09:39:21',NULL,'public'),(243,0,'1','1',10,'image/jpeg',9803,'customers/1.jpg','[]','2025-01-21 09:39:26','2025-01-21 09:39:26',NULL,'public'),(244,0,'10','10',10,'image/jpeg',9803,'customers/10.jpg','[]','2025-01-21 09:39:27','2025-01-21 09:39:27',NULL,'public'),(245,0,'2','2',10,'image/jpeg',9803,'customers/2.jpg','[]','2025-01-21 09:39:27','2025-01-21 09:39:27',NULL,'public'),(246,0,'3','3',10,'image/jpeg',9803,'customers/3.jpg','[]','2025-01-21 09:39:27','2025-01-21 09:39:27',NULL,'public'),(247,0,'4','4',10,'image/jpeg',9803,'customers/4.jpg','[]','2025-01-21 09:39:27','2025-01-21 09:39:27',NULL,'public'),(248,0,'5','5',10,'image/jpeg',9803,'customers/5.jpg','[]','2025-01-21 09:39:27','2025-01-21 09:39:27',NULL,'public'),(249,0,'6','6',10,'image/jpeg',9803,'customers/6.jpg','[]','2025-01-21 09:39:27','2025-01-21 09:39:27',NULL,'public'),(250,0,'7','7',10,'image/jpeg',9803,'customers/7.jpg','[]','2025-01-21 09:39:27','2025-01-21 09:39:27',NULL,'public'),(251,0,'8','8',10,'image/jpeg',9803,'customers/8.jpg','[]','2025-01-21 09:39:27','2025-01-21 09:39:27',NULL,'public'),(252,0,'9','9',10,'image/jpeg',9803,'customers/9.jpg','[]','2025-01-21 09:39:28','2025-01-21 09:39:28',NULL,'public'),(253,0,'1','1',11,'image/jpeg',9803,'galleries/1.jpg','[]','2025-01-21 09:39:33','2025-01-21 09:39:33',NULL,'public'),(254,0,'2','2',11,'image/jpeg',9803,'galleries/2.jpg','[]','2025-01-21 09:39:34','2025-01-21 09:39:34',NULL,'public'),(255,0,'3','3',11,'image/jpeg',9803,'galleries/3.jpg','[]','2025-01-21 09:39:34','2025-01-21 09:39:34',NULL,'public'),(256,0,'4','4',11,'image/jpeg',9803,'galleries/4.jpg','[]','2025-01-21 09:39:34','2025-01-21 09:39:34',NULL,'public'),(257,0,'5','5',11,'image/jpeg',9803,'galleries/5.jpg','[]','2025-01-21 09:39:34','2025-01-21 09:39:34',NULL,'public'),(258,0,'6','6',11,'image/jpeg',9803,'galleries/6.jpg','[]','2025-01-21 09:39:34','2025-01-21 09:39:34',NULL,'public'),(266,0,'avatar-1','avatar-1',13,'image/png',674,'testimonials/avatar-1.png','[]','2025-01-21 09:39:35','2025-01-21 09:39:35',NULL,'public'),(267,0,'avatar-2','avatar-2',13,'image/png',674,'testimonials/avatar-2.png','[]','2025-01-21 09:39:35','2025-01-21 09:39:35',NULL,'public'),(268,0,'avatar-3','avatar-3',13,'image/png',674,'testimonials/avatar-3.png','[]','2025-01-21 09:39:35','2025-01-21 09:39:35',NULL,'public'),(269,0,'team-1','team-1',13,'image/jpeg',6202,'testimonials/team-1.jpg','[]','2025-01-21 09:39:35','2025-01-21 09:39:35',NULL,'public'),(270,0,'team-2','team-2',13,'image/jpeg',6202,'testimonials/team-2.jpg','[]','2025-01-21 09:39:35','2025-01-21 09:39:35',NULL,'public'),(271,0,'team-3','team-3',13,'image/jpeg',6202,'testimonials/team-3.jpg','[]','2025-01-21 09:39:35','2025-01-21 09:39:35',NULL,'public'),(272,0,'team-4','team-4',13,'image/jpeg',6202,'testimonials/team-4.jpg','[]','2025-01-21 09:39:35','2025-01-21 09:39:35',NULL,'public');
/*!40000 ALTER TABLE `media_files` ENABLE KEYS */;
UNLOCK TABLES;

--
-- Table structure for table `media_folders`
--

DROP TABLE IF EXISTS `media_folders`;
/*!40101 SET @saved_cs_client     = @@character_set_client */;
/*!40101 SET character_set_client = utf8 */;
CREATE TABLE `media_folders` (
  `id` bigint unsigned NOT NULL AUTO_INCREMENT,
  `user_id` bigint unsigned NOT NULL,
  `name` varchar(191) COLLATE utf8mb4_unicode_ci DEFAULT NULL,
  `color` varchar(191) COLLATE utf8mb4_unicode_ci DEFAULT NULL,
  `slug` varchar(191) COLLATE utf8mb4_unicode_ci DEFAULT NULL,
  `parent_id` bigint unsigned NOT NULL DEFAULT '0',
  `created_at` timestamp NULL DEFAULT NULL,
  `updated_at` timestamp NULL DEFAULT NULL,
  `deleted_at` timestamp NULL DEFAULT NULL,
  PRIMARY KEY (`id`),
  KEY `media_folders_user_id_index` (`user_id`),
  KEY `media_folders_index` (`parent_id`,`user_id`,`created_at`)
) ENGINE=InnoDB AUTO_INCREMENT=14 DEFAULT CHARSET=utf8mb4 COLLATE=utf8mb4_unicode_ci;
/*!40101 SET character_set_client = @saved_cs_client */;

--
-- Dumping data for table `media_folders`
--

LOCK TABLES `media_folders` WRITE;
/*!40000 ALTER TABLE `media_folders` DISABLE KEYS */;
INSERT INTO `media_folders` VALUES (1,0,'general',NULL,'general',0,'2025-01-21 09:38:58','2025-01-21 09:38:58',NULL),(2,0,'blog',NULL,'blog',0,'2025-01-21 09:38:58','2025-01-21 09:38:58',NULL),(3,0,'shop',NULL,'shop',0,'2025-01-21 09:39:01','2025-01-21 09:39:01',NULL),(4,0,'banners',NULL,'banners',0,'2025-01-21 09:39:02','2025-01-21 09:39:02',NULL),(5,0,'icons',NULL,'icons',0,'2025-01-21 09:39:05','2025-01-21 09:39:05',NULL),(6,0,'sliders',NULL,'sliders',0,'2025-01-21 09:39:06','2025-01-21 09:39:06',NULL),(7,0,'brands',NULL,'brands',0,'2025-01-21 09:39:08','2025-01-21 09:39:08',NULL),(8,0,'features',NULL,'features',0,'2025-01-21 09:39:09','2025-01-21 09:39:09',NULL),(9,0,'products',NULL,'products',0,'2025-01-21 09:39:10','2025-01-21 09:39:10',NULL),(10,0,'customers',NULL,'customers',0,'2025-01-21 09:39:26','2025-01-21 09:39:26',NULL),(11,0,'galleries',NULL,'galleries',0,'2025-01-21 09:39:33','2025-01-21 09:39:33',NULL),(13,0,'testimonials',NULL,'testimonials',0,'2025-01-21 09:39:35','2025-01-21 09:39:35',NULL);
/*!40000 ALTER TABLE `media_folders` ENABLE KEYS */;
UNLOCK TABLES;

--
-- Table structure for table `media_settings`
--

DROP TABLE IF EXISTS `media_settings`;
/*!40101 SET @saved_cs_client     = @@character_set_client */;
/*!40101 SET character_set_client = utf8 */;
CREATE TABLE `media_settings` (
  `id` bigint unsigned NOT NULL AUTO_INCREMENT,
  `key` varchar(120) COLLATE utf8mb4_unicode_ci NOT NULL,
  `value` text COLLATE utf8mb4_unicode_ci,
  `media_id` bigint unsigned DEFAULT NULL,
  `user_id` bigint unsigned DEFAULT NULL,
  `created_at` timestamp NULL DEFAULT NULL,
  `updated_at` timestamp NULL DEFAULT NULL,
  PRIMARY KEY (`id`)
) ENGINE=InnoDB DEFAULT CHARSET=utf8mb4 COLLATE=utf8mb4_unicode_ci;
/*!40101 SET character_set_client = @saved_cs_client */;

--
-- Dumping data for table `media_settings`
--

LOCK TABLES `media_settings` WRITE;
/*!40000 ALTER TABLE `media_settings` DISABLE KEYS */;
/*!40000 ALTER TABLE `media_settings` ENABLE KEYS */;
UNLOCK TABLES;

--
-- Table structure for table `menu_locations`
--

DROP TABLE IF EXISTS `menu_locations`;
/*!40101 SET @saved_cs_client     = @@character_set_client */;
/*!40101 SET character_set_client = utf8 */;
CREATE TABLE `menu_locations` (
  `id` bigint unsigned NOT NULL AUTO_INCREMENT,
  `menu_id` bigint unsigned NOT NULL,
  `location` varchar(191) COLLATE utf8mb4_unicode_ci NOT NULL,
  `created_at` timestamp NULL DEFAULT NULL,
  `updated_at` timestamp NULL DEFAULT NULL,
  PRIMARY KEY (`id`),
  KEY `menu_locations_menu_id_created_at_index` (`menu_id`,`created_at`)
) ENGINE=InnoDB AUTO_INCREMENT=5 DEFAULT CHARSET=utf8mb4 COLLATE=utf8mb4_unicode_ci;
/*!40101 SET character_set_client = @saved_cs_client */;

--
-- Dumping data for table `menu_locations`
--

LOCK TABLES `menu_locations` WRITE;
/*!40000 ALTER TABLE `menu_locations` DISABLE KEYS */;
INSERT INTO `menu_locations` VALUES (1,1,'main-menu','2025-01-21 09:39:33','2025-01-21 09:39:33'),(2,2,'information','2025-01-21 09:39:33','2025-01-21 09:39:33'),(3,3,'my-account','2025-01-21 09:39:33','2025-01-21 09:39:33'),(4,4,'social-network','2025-01-21 09:39:33','2025-01-21 09:39:33');
/*!40000 ALTER TABLE `menu_locations` ENABLE KEYS */;
UNLOCK TABLES;

--
-- Table structure for table `menu_nodes`
--

DROP TABLE IF EXISTS `menu_nodes`;
/*!40101 SET @saved_cs_client     = @@character_set_client */;
/*!40101 SET character_set_client = utf8 */;
CREATE TABLE `menu_nodes` (
  `id` bigint unsigned NOT NULL AUTO_INCREMENT,
  `menu_id` bigint unsigned NOT NULL,
  `parent_id` bigint unsigned NOT NULL DEFAULT '0',
  `reference_id` bigint unsigned DEFAULT NULL,
  `reference_type` varchar(191) COLLATE utf8mb4_unicode_ci DEFAULT NULL,
  `url` varchar(191) COLLATE utf8mb4_unicode_ci DEFAULT NULL,
  `icon_font` varchar(191) COLLATE utf8mb4_unicode_ci DEFAULT NULL,
  `position` tinyint unsigned NOT NULL DEFAULT '0',
  `title` varchar(191) COLLATE utf8mb4_unicode_ci DEFAULT NULL,
  `css_class` varchar(191) COLLATE utf8mb4_unicode_ci DEFAULT NULL,
  `target` varchar(20) COLLATE utf8mb4_unicode_ci NOT NULL DEFAULT '_self',
  `has_child` tinyint unsigned NOT NULL DEFAULT '0',
  `created_at` timestamp NULL DEFAULT NULL,
  `updated_at` timestamp NULL DEFAULT NULL,
  PRIMARY KEY (`id`),
  KEY `menu_nodes_menu_id_index` (`menu_id`),
  KEY `menu_nodes_parent_id_index` (`parent_id`),
  KEY `reference_id` (`reference_id`),
  KEY `reference_type` (`reference_type`)
) ENGINE=InnoDB AUTO_INCREMENT=40 DEFAULT CHARSET=utf8mb4 COLLATE=utf8mb4_unicode_ci;
/*!40101 SET character_set_client = @saved_cs_client */;

--
-- Dumping data for table `menu_nodes`
--

LOCK TABLES `menu_nodes` WRITE;
/*!40000 ALTER TABLE `menu_nodes` DISABLE KEYS */;
INSERT INTO `menu_nodes` VALUES (1,1,0,NULL,NULL,'/',NULL,0,'Home',NULL,'_self',1,'2025-01-21 09:39:33','2025-01-21 09:39:33'),(2,1,1,1,'Botble\\Page\\Models\\Page','/',NULL,0,'Wooden Home',NULL,'_self',0,'2025-01-21 09:39:33','2025-01-21 09:39:33'),(3,1,1,2,'Botble\\Page\\Models\\Page','/fashion-home',NULL,0,'Fashion Home',NULL,'_self',0,'2025-01-21 09:39:33','2025-01-21 09:39:33'),(4,1,1,3,'Botble\\Page\\Models\\Page','/furniture-home',NULL,0,'Furniture Home',NULL,'_self',0,'2025-01-21 09:39:33','2025-01-21 09:39:33'),(5,1,1,4,'Botble\\Page\\Models\\Page','/cosmetics-home',NULL,0,'Cosmetics Home',NULL,'_self',0,'2025-01-21 09:39:33','2025-01-21 09:39:33'),(6,1,1,5,'Botble\\Page\\Models\\Page','/food-grocery-home',NULL,0,'Food Grocery',NULL,'_self',0,'2025-01-21 09:39:33','2025-01-21 09:39:33'),(7,1,0,NULL,NULL,'/',NULL,0,'Shop',NULL,'_self',1,'2025-01-21 09:39:33','2025-01-21 09:39:33'),(8,1,7,NULL,NULL,'/products',NULL,0,'Shop Grid',NULL,'_self',0,'2025-01-21 09:39:33','2025-01-21 09:39:33'),(9,1,7,NULL,NULL,'/products?layout=list',NULL,0,'Shop List',NULL,'_self',0,'2025-01-21 09:39:33','2025-01-21 09:39:33'),(10,1,7,NULL,NULL,'',NULL,0,'Shop Detail',NULL,'_self',0,'2025-01-21 09:39:33','2025-01-21 09:39:33'),(11,1,7,10,'Botble\\Page\\Models\\Page','/store-locator',NULL,0,'Shop Location',NULL,'_self',0,'2025-01-21 09:39:33','2025-01-21 09:39:33'),(12,1,7,NULL,NULL,'/cart',NULL,0,'Cart',NULL,'_self',0,'2025-01-21 09:39:33','2025-01-21 09:39:33'),(13,1,7,NULL,NULL,'/wishlist',NULL,0,'Wishlist',NULL,'_self',0,'2025-01-21 09:39:33','2025-01-21 09:39:33'),(14,1,0,NULL,NULL,'/',NULL,0,'Pages',NULL,'_self',1,'2025-01-21 09:39:33','2025-01-21 09:39:33'),(15,1,14,NULL,NULL,'/orders/tracking',NULL,0,'Order Tracking',NULL,'_self',0,'2025-01-21 09:39:33','2025-01-21 09:39:33'),(16,1,14,7,'Botble\\Page\\Models\\Page','/about',NULL,0,'About',NULL,'_self',0,'2025-01-21 09:39:33','2025-01-21 09:39:33'),(17,1,14,NULL,NULL,'/register',NULL,0,'Sign up',NULL,'_self',0,'2025-01-21 09:39:33','2025-01-21 09:39:33'),(18,1,14,NULL,NULL,'/login',NULL,0,'Login',NULL,'_self',0,'2025-01-21 09:39:33','2025-01-21 09:39:33'),(19,1,14,NULL,NULL,'/404',NULL,0,'404 / Error',NULL,'_self',0,'2025-01-21 09:39:33','2025-01-21 09:39:33'),(20,1,14,9,'Botble\\Page\\Models\\Page','/coming-soon',NULL,0,'Coming soon',NULL,'_self',0,'2025-01-21 09:39:33','2025-01-21 09:39:33'),(21,1,0,NULL,NULL,'/',NULL,0,'Blog',NULL,'_self',1,'2025-01-21 09:39:33','2025-01-21 09:39:33'),(22,1,21,6,'Botble\\Page\\Models\\Page','/blog',NULL,0,'Blog',NULL,'_self',0,'2025-01-21 09:39:33','2025-01-21 09:39:33'),(23,1,21,NULL,NULL,'',NULL,0,'Blog Detail',NULL,'_self',0,'2025-01-21 09:39:33','2025-01-21 09:39:33'),(24,1,0,8,'Botble\\Page\\Models\\Page','/contact',NULL,0,'Contact',NULL,'_self',0,'2025-01-21 09:39:33','2025-01-21 09:39:33'),(25,2,0,NULL,NULL,'/',NULL,1,'Custom Service',NULL,'_self',0,'2025-01-21 09:39:33','2025-01-21 09:39:33'),(26,2,0,11,'Botble\\Page\\Models\\Page','/faqs',NULL,1,'FAQs',NULL,'_self',0,'2025-01-21 09:39:33','2025-01-21 09:39:33'),(27,2,0,NULL,NULL,'orders/tracking',NULL,1,'Order Tracking',NULL,'_self',0,'2025-01-21 09:39:33','2025-01-21 09:39:33'),(28,2,0,8,'Botble\\Page\\Models\\Page','/contact',NULL,1,'Contact',NULL,'_self',0,'2025-01-21 09:39:33','2025-01-21 09:39:33'),(29,2,0,NULL,NULL,'/',NULL,1,'Events',NULL,'_self',0,'2025-01-21 09:39:33','2025-01-21 09:39:33'),(30,3,0,NULL,NULL,'/',NULL,2,'Delivery Information',NULL,'_self',0,'2025-01-21 09:39:33','2025-01-21 09:39:33'),(31,3,0,NULL,NULL,'/',NULL,2,'Privacy Policy',NULL,'_self',0,'2025-01-21 09:39:33','2025-01-21 09:39:33'),(32,3,0,NULL,NULL,'/',NULL,2,'Discount',NULL,'_self',0,'2025-01-21 09:39:33','2025-01-21 09:39:33'),(33,3,0,NULL,NULL,'/',NULL,2,'Custom Service',NULL,'_self',0,'2025-01-21 09:39:33','2025-01-21 09:39:33'),(34,3,0,NULL,NULL,'/',NULL,2,'Terms & Condition',NULL,'_self',0,'2025-01-21 09:39:33','2025-01-21 09:39:33'),(35,4,0,NULL,NULL,'https://facebook.com','ti ti-brand-facebook',3,'Facebook',NULL,'_self',0,'2025-01-21 09:39:33','2025-01-21 09:39:33'),(36,4,0,NULL,NULL,'https://dribbble.com','ti ti-brand-dribbble',3,'Dribble',NULL,'_self',0,'2025-01-21 09:39:33','2025-01-21 09:39:33'),(37,4,0,NULL,NULL,'https://x.com','ti ti-brand-x',3,'X (Twitter)',NULL,'_self',0,'2025-01-21 09:39:33','2025-01-21 09:39:33'),(38,4,0,NULL,NULL,'https://behance.com','ti ti-brand-behance',3,'Behance',NULL,'_self',0,'2025-01-21 09:39:33','2025-01-21 09:39:33'),(39,4,0,NULL,NULL,'https://youtube.com','ti ti-brand-youtube',3,'YouTube',NULL,'_self',0,'2025-01-21 09:39:33','2025-01-21 09:39:33');
/*!40000 ALTER TABLE `menu_nodes` ENABLE KEYS */;
UNLOCK TABLES;

--
-- Table structure for table `menus`
--

DROP TABLE IF EXISTS `menus`;
/*!40101 SET @saved_cs_client     = @@character_set_client */;
/*!40101 SET character_set_client = utf8 */;
CREATE TABLE `menus` (
  `id` bigint unsigned NOT NULL AUTO_INCREMENT,
  `name` varchar(120) COLLATE utf8mb4_unicode_ci NOT NULL,
  `slug` varchar(120) COLLATE utf8mb4_unicode_ci DEFAULT NULL,
  `status` varchar(60) COLLATE utf8mb4_unicode_ci NOT NULL DEFAULT 'published',
  `created_at` timestamp NULL DEFAULT NULL,
  `updated_at` timestamp NULL DEFAULT NULL,
  PRIMARY KEY (`id`),
  UNIQUE KEY `menus_slug_unique` (`slug`)
) ENGINE=InnoDB AUTO_INCREMENT=5 DEFAULT CHARSET=utf8mb4 COLLATE=utf8mb4_unicode_ci;
/*!40101 SET character_set_client = @saved_cs_client */;

--
-- Dumping data for table `menus`
--

LOCK TABLES `menus` WRITE;
/*!40000 ALTER TABLE `menus` DISABLE KEYS */;
INSERT INTO `menus` VALUES (1,'Main menu','main-menu','published','2025-01-21 09:39:33','2025-01-21 09:39:33'),(2,'Information','information','published','2025-01-21 09:39:33','2025-01-21 09:39:33'),(3,'My Account','my-account','published','2025-01-21 09:39:33','2025-01-21 09:39:33'),(4,'Social Network','social-network','published','2025-01-21 09:39:33','2025-01-21 09:39:33');
/*!40000 ALTER TABLE `menus` ENABLE KEYS */;
UNLOCK TABLES;

--
-- Table structure for table `meta_boxes`
--

DROP TABLE IF EXISTS `meta_boxes`;
/*!40101 SET @saved_cs_client     = @@character_set_client */;
/*!40101 SET character_set_client = utf8 */;
CREATE TABLE `meta_boxes` (
  `id` bigint unsigned NOT NULL AUTO_INCREMENT,
  `meta_key` varchar(191) COLLATE utf8mb4_unicode_ci NOT NULL,
  `meta_value` text COLLATE utf8mb4_unicode_ci,
  `reference_id` bigint unsigned NOT NULL,
  `reference_type` varchar(120) COLLATE utf8mb4_unicode_ci NOT NULL,
  `created_at` timestamp NULL DEFAULT NULL,
  `updated_at` timestamp NULL DEFAULT NULL,
  PRIMARY KEY (`id`),
  KEY `meta_boxes_reference_id_index` (`reference_id`)
) ENGINE=InnoDB AUTO_INCREMENT=145 DEFAULT CHARSET=utf8mb4 COLLATE=utf8mb4_unicode_ci;
/*!40101 SET character_set_client = @saved_cs_client */;

--
-- Dumping data for table `meta_boxes`
--

LOCK TABLES `meta_boxes` WRITE;
/*!40000 ALTER TABLE `meta_boxes` DISABLE KEYS */;
INSERT INTO `meta_boxes` VALUES (1,'header_style','[\"collapsed\"]',1,'Botble\\Page\\Models\\Page','2025-01-21 09:39:02','2025-01-21 09:39:02'),(2,'customize_footer','[\"custom\"]',2,'Botble\\Page\\Models\\Page','2025-01-21 09:39:02','2025-01-21 09:39:02'),(3,'footer_background_color','[\"#040404\"]',2,'Botble\\Page\\Models\\Page','2025-01-21 09:39:02','2025-01-21 09:39:02'),(4,'footer_text_color','[\"#fff\"]',2,'Botble\\Page\\Models\\Page','2025-01-21 09:39:02','2025-01-21 09:39:02'),(5,'footer_text_muted_color','[\"#a0a0a0\"]',2,'Botble\\Page\\Models\\Page','2025-01-21 09:39:02','2025-01-21 09:39:02'),(6,'footer_logo','[\"general\\/logo-white.png\"]',2,'Botble\\Page\\Models\\Page','2025-01-21 09:39:02','2025-01-21 09:39:02'),(7,'footer_border_color','[\"#282828\"]',2,'Botble\\Page\\Models\\Page','2025-01-21 09:39:02','2025-01-21 09:39:02'),(8,'footer_bottom_background_color','[\"#040404\"]',2,'Botble\\Page\\Models\\Page','2025-01-21 09:39:02','2025-01-21 09:39:02'),(9,'customize_footer','[\"custom\"]',3,'Botble\\Page\\Models\\Page','2025-01-21 09:39:02','2025-01-21 09:39:02'),(10,'footer_bottom_background_color','[\"#f8f8f8\"]',3,'Botble\\Page\\Models\\Page','2025-01-21 09:39:02','2025-01-21 09:39:02'),(11,'header_style','[\"centered-logo\"]',4,'Botble\\Page\\Models\\Page','2025-01-21 09:39:02','2025-01-21 09:39:02'),(12,'customize_footer','[\"custom\"]',4,'Botble\\Page\\Models\\Page','2025-01-21 09:39:02','2025-01-21 09:39:02'),(13,'footer_background_color','[\"#F7EFEC\"]',4,'Botble\\Page\\Models\\Page','2025-01-21 09:39:02','2025-01-21 09:39:02'),(14,'footer_bottom_background_color','[\"#F7EFEC\"]',4,'Botble\\Page\\Models\\Page','2025-01-21 09:39:02','2025-01-21 09:39:02'),(15,'customize_footer','[\"custom\"]',5,'Botble\\Page\\Models\\Page','2025-01-21 09:39:02','2025-01-21 09:39:02'),(16,'footer_background_color','[\"#F7EFEC\"]',5,'Botble\\Page\\Models\\Page','2025-01-21 09:39:02','2025-01-21 09:39:02'),(17,'footer_bottom_background_color','[\"#F7EFEC\"]',5,'Botble\\Page\\Models\\Page','2025-01-21 09:39:02','2025-01-21 09:39:02'),(18,'customize_footer','[\"custom\"]',7,'Botble\\Page\\Models\\Page','2025-01-21 09:39:02','2025-01-21 09:39:02'),(19,'footer_background_color','[\"#040404\"]',7,'Botble\\Page\\Models\\Page','2025-01-21 09:39:02','2025-01-21 09:39:02'),(20,'footer_text_color','[\"#fff\"]',7,'Botble\\Page\\Models\\Page','2025-01-21 09:39:02','2025-01-21 09:39:02'),(21,'footer_text_muted_color','[\"#a0a0a0\"]',7,'Botble\\Page\\Models\\Page','2025-01-21 09:39:02','2025-01-21 09:39:02'),(22,'footer_logo','[\"general\\/logo-white.png\"]',7,'Botble\\Page\\Models\\Page','2025-01-21 09:39:02','2025-01-21 09:39:02'),(23,'footer_border_color','[\"#282828\"]',7,'Botble\\Page\\Models\\Page','2025-01-21 09:39:02','2025-01-21 09:39:02'),(24,'footer_bottom_background_color','[\"#040404\"]',7,'Botble\\Page\\Models\\Page','2025-01-21 09:39:02','2025-01-21 09:39:02'),(25,'subtitle','[\"Accessories\"]',1,'Botble\\SimpleSlider\\Models\\SimpleSliderItem','2025-01-21 09:39:08','2025-01-21 09:39:08'),(26,'action_label','[\"Shop Now\"]',1,'Botble\\SimpleSlider\\Models\\SimpleSliderItem','2025-01-21 09:39:08','2025-01-21 09:39:08'),(27,'subtitle','[\"Accessories\"]',2,'Botble\\SimpleSlider\\Models\\SimpleSliderItem','2025-01-21 09:39:08','2025-01-21 09:39:08'),(28,'action_label','[\"Shop Now\"]',2,'Botble\\SimpleSlider\\Models\\SimpleSliderItem','2025-01-21 09:39:08','2025-01-21 09:39:08'),(29,'subtitle','[\"Accessories\"]',3,'Botble\\SimpleSlider\\Models\\SimpleSliderItem','2025-01-21 09:39:08','2025-01-21 09:39:08'),(30,'action_label','[\"Shop Now\"]',3,'Botble\\SimpleSlider\\Models\\SimpleSliderItem','2025-01-21 09:39:08','2025-01-21 09:39:08'),(31,'subtitle','[\"Winter\"]',4,'Botble\\SimpleSlider\\Models\\SimpleSliderItem','2025-01-21 09:39:08','2025-01-21 09:39:08'),(32,'action_label','[\"Shop Now\"]',4,'Botble\\SimpleSlider\\Models\\SimpleSliderItem','2025-01-21 09:39:08','2025-01-21 09:39:08'),(33,'subtitle','[\"Winter\"]',5,'Botble\\SimpleSlider\\Models\\SimpleSliderItem','2025-01-21 09:39:08','2025-01-21 09:39:08'),(34,'action_label','[\"Shop Now\"]',5,'Botble\\SimpleSlider\\Models\\SimpleSliderItem','2025-01-21 09:39:08','2025-01-21 09:39:08'),(35,'subtitle','[\"Winter\"]',6,'Botble\\SimpleSlider\\Models\\SimpleSliderItem','2025-01-21 09:39:08','2025-01-21 09:39:08'),(36,'action_label','[\"Shop Now\"]',6,'Botble\\SimpleSlider\\Models\\SimpleSliderItem','2025-01-21 09:39:08','2025-01-21 09:39:08'),(37,'subtitle','[null]',7,'Botble\\SimpleSlider\\Models\\SimpleSliderItem','2025-01-21 09:39:08','2025-01-21 09:39:08'),(38,'action_label','[\"Shop Now\"]',7,'Botble\\SimpleSlider\\Models\\SimpleSliderItem','2025-01-21 09:39:08','2025-01-21 09:39:08'),(39,'subtitle','[\"New Modern Stylist Fashionable Women\'s Wear holder\"]',8,'Botble\\SimpleSlider\\Models\\SimpleSliderItem','2025-01-21 09:39:08','2025-01-21 09:39:08'),(40,'action_label','[\"Shop Now\"]',8,'Botble\\SimpleSlider\\Models\\SimpleSliderItem','2025-01-21 09:39:08','2025-01-21 09:39:08'),(41,'subtitle','[\"New Modern Stylist Fashionable Women\'s Wear holder\"]',9,'Botble\\SimpleSlider\\Models\\SimpleSliderItem','2025-01-21 09:39:08','2025-01-21 09:39:08'),(42,'action_label','[\"Shop Now\"]',9,'Botble\\SimpleSlider\\Models\\SimpleSliderItem','2025-01-21 09:39:08','2025-01-21 09:39:08'),(43,'subtitle','[null]',10,'Botble\\SimpleSlider\\Models\\SimpleSliderItem','2025-01-21 09:39:08','2025-01-21 09:39:08'),(44,'action_label','[\"Shop Now\"]',10,'Botble\\SimpleSlider\\Models\\SimpleSliderItem','2025-01-21 09:39:08','2025-01-21 09:39:08'),(45,'subtitle','[null]',11,'Botble\\SimpleSlider\\Models\\SimpleSliderItem','2025-01-21 09:39:08','2025-01-21 09:39:08'),(46,'action_label','[\"Shop Now\"]',11,'Botble\\SimpleSlider\\Models\\SimpleSliderItem','2025-01-21 09:39:08','2025-01-21 09:39:08'),(47,'subtitle','[null]',12,'Botble\\SimpleSlider\\Models\\SimpleSliderItem','2025-01-21 09:39:08','2025-01-21 09:39:08'),(48,'action_label','[\"Shop Now\"]',12,'Botble\\SimpleSlider\\Models\\SimpleSliderItem','2025-01-21 09:39:08','2025-01-21 09:39:08'),(49,'subtitle','[null]',13,'Botble\\SimpleSlider\\Models\\SimpleSliderItem','2025-01-21 09:39:08','2025-01-21 09:39:08'),(50,'action_label','[\"Shop Now\"]',13,'Botble\\SimpleSlider\\Models\\SimpleSliderItem','2025-01-21 09:39:08','2025-01-21 09:39:08'),(51,'subtitle','[null]',14,'Botble\\SimpleSlider\\Models\\SimpleSliderItem','2025-01-21 09:39:08','2025-01-21 09:39:08'),(52,'action_label','[\"Shop Now\"]',14,'Botble\\SimpleSlider\\Models\\SimpleSliderItem','2025-01-21 09:39:08','2025-01-21 09:39:08'),(53,'subtitle','[null]',15,'Botble\\SimpleSlider\\Models\\SimpleSliderItem','2025-01-21 09:39:08','2025-01-21 09:39:08'),(54,'action_label','[\"Shop Now\"]',15,'Botble\\SimpleSlider\\Models\\SimpleSliderItem','2025-01-21 09:39:08','2025-01-21 09:39:08'),(55,'subtitle','[\"Collection\"]',3,'Botble\\Ads\\Models\\Ads','2025-01-21 09:39:08','2025-01-21 09:39:08'),(56,'subtitle','[\"New Modern Stylist Fashionable <br> Women\'s Wear holder\"]',4,'Botble\\Ads\\Models\\Ads','2025-01-21 09:39:08','2025-01-21 09:39:08'),(57,'subtitle','[\"Furniture\"]',5,'Botble\\Ads\\Models\\Ads','2025-01-21 09:39:08','2025-01-21 09:39:08'),(58,'subtitle','[\"100 Added\"]',6,'Botble\\Ads\\Models\\Ads','2025-01-21 09:39:08','2025-01-21 09:39:08'),(59,'subtitle','[\"-60% Offer\"]',7,'Botble\\Ads\\Models\\Ads','2025-01-21 09:39:08','2025-01-21 09:39:08'),(60,'subtitle','[\"Best Bakery Products\"]',8,'Botble\\Ads\\Models\\Ads','2025-01-21 09:39:08','2025-01-21 09:39:08'),(61,'subtitle','[\"Best Bakery Products\"]',9,'Botble\\Ads\\Models\\Ads','2025-01-21 09:39:08','2025-01-21 09:39:08'),(62,'faq_schema_config','[[[{\"key\":\"question\",\"value\":\"What Shipping Methods Are Available?\"},{\"key\":\"answer\",\"value\":\"Ex Portland Pitchfork irure mustache. Eutra fap before they sold out literally. Aliquip ugh bicycle rights actually mlkshk, seitan squid craft beer tempor.\"}],[{\"key\":\"question\",\"value\":\"Do You Ship Internationally?\"},{\"key\":\"answer\",\"value\":\"Hoodie tote bag mixtape tofu. Typewriter jean shorts wolf quinoa, messenger bag organic freegan cray.\"}],[{\"key\":\"question\",\"value\":\"How Long Will It Take To Get My Package?\"},{\"key\":\"answer\",\"value\":\"Swag slow-carb quinoa VHS typewriter pork belly brunch, paleo single-origin coffee Wes Anderson. Flexitarian Pitchfork forage, literally paleo fap pour-over. Wes Anderson Pinterest YOLO fanny pack meggings, deep v XOXO chambray sustainable slow-carb raw denim church-key fap chillwave Etsy. +1 typewriter kitsch, American Apparel tofu Banksy Vice.\"}],[{\"key\":\"question\",\"value\":\"What Payment Methods Are Accepted?\"},{\"key\":\"answer\",\"value\":\"Fashion axe DIY jean shorts, swag kale chips meh polaroid kogi butcher Wes Anderson chambray next level semiotics gentrify yr. Voluptate photo booth fugiat Vice. Austin sed Williamsburg, ea labore raw denim voluptate cred proident mixtape excepteur mustache. Twee chia photo booth readymade food truck, hoodie roof party swag keytar PBR DIY.\"}],[{\"key\":\"question\",\"value\":\"Is Buying On-Line Safe?\"},{\"key\":\"answer\",\"value\":\"Art party authentic freegan semiotics jean shorts chia cred. Neutra Austin roof party Brooklyn, synth Thundercats swag 8-bit photo booth. Plaid letterpress leggings craft beer meh ethical Pinterest.\"}]]]',1,'Botble\\Ecommerce\\Models\\Product','2025-01-21 09:39:21','2025-01-21 09:39:21'),(63,'faq_schema_config','[[[{\"key\":\"question\",\"value\":\"What Shipping Methods Are Available?\"},{\"key\":\"answer\",\"value\":\"Ex Portland Pitchfork irure mustache. Eutra fap before they sold out literally. Aliquip ugh bicycle rights actually mlkshk, seitan squid craft beer tempor.\"}],[{\"key\":\"question\",\"value\":\"Do You Ship Internationally?\"},{\"key\":\"answer\",\"value\":\"Hoodie tote bag mixtape tofu. Typewriter jean shorts wolf quinoa, messenger bag organic freegan cray.\"}],[{\"key\":\"question\",\"value\":\"How Long Will It Take To Get My Package?\"},{\"key\":\"answer\",\"value\":\"Swag slow-carb quinoa VHS typewriter pork belly brunch, paleo single-origin coffee Wes Anderson. Flexitarian Pitchfork forage, literally paleo fap pour-over. Wes Anderson Pinterest YOLO fanny pack meggings, deep v XOXO chambray sustainable slow-carb raw denim church-key fap chillwave Etsy. +1 typewriter kitsch, American Apparel tofu Banksy Vice.\"}],[{\"key\":\"question\",\"value\":\"What Payment Methods Are Accepted?\"},{\"key\":\"answer\",\"value\":\"Fashion axe DIY jean shorts, swag kale chips meh polaroid kogi butcher Wes Anderson chambray next level semiotics gentrify yr. Voluptate photo booth fugiat Vice. Austin sed Williamsburg, ea labore raw denim voluptate cred proident mixtape excepteur mustache. Twee chia photo booth readymade food truck, hoodie roof party swag keytar PBR DIY.\"}],[{\"key\":\"question\",\"value\":\"Is Buying On-Line Safe?\"},{\"key\":\"answer\",\"value\":\"Art party authentic freegan semiotics jean shorts chia cred. Neutra Austin roof party Brooklyn, synth Thundercats swag 8-bit photo booth. Plaid letterpress leggings craft beer meh ethical Pinterest.\"}]]]',2,'Botble\\Ecommerce\\Models\\Product','2025-01-21 09:39:21','2025-01-21 09:39:21'),(64,'faq_schema_config','[[[{\"key\":\"question\",\"value\":\"What Shipping Methods Are Available?\"},{\"key\":\"answer\",\"value\":\"Ex Portland Pitchfork irure mustache. Eutra fap before they sold out literally. Aliquip ugh bicycle rights actually mlkshk, seitan squid craft beer tempor.\"}],[{\"key\":\"question\",\"value\":\"Do You Ship Internationally?\"},{\"key\":\"answer\",\"value\":\"Hoodie tote bag mixtape tofu. Typewriter jean shorts wolf quinoa, messenger bag organic freegan cray.\"}],[{\"key\":\"question\",\"value\":\"How Long Will It Take To Get My Package?\"},{\"key\":\"answer\",\"value\":\"Swag slow-carb quinoa VHS typewriter pork belly brunch, paleo single-origin coffee Wes Anderson. Flexitarian Pitchfork forage, literally paleo fap pour-over. Wes Anderson Pinterest YOLO fanny pack meggings, deep v XOXO chambray sustainable slow-carb raw denim church-key fap chillwave Etsy. +1 typewriter kitsch, American Apparel tofu Banksy Vice.\"}],[{\"key\":\"question\",\"value\":\"What Payment Methods Are Accepted?\"},{\"key\":\"answer\",\"value\":\"Fashion axe DIY jean shorts, swag kale chips meh polaroid kogi butcher Wes Anderson chambray next level semiotics gentrify yr. Voluptate photo booth fugiat Vice. Austin sed Williamsburg, ea labore raw denim voluptate cred proident mixtape excepteur mustache. Twee chia photo booth readymade food truck, hoodie roof party swag keytar PBR DIY.\"}],[{\"key\":\"question\",\"value\":\"Is Buying On-Line Safe?\"},{\"key\":\"answer\",\"value\":\"Art party authentic freegan semiotics jean shorts chia cred. Neutra Austin roof party Brooklyn, synth Thundercats swag 8-bit photo booth. Plaid letterpress leggings craft beer meh ethical Pinterest.\"}]]]',3,'Botble\\Ecommerce\\Models\\Product','2025-01-21 09:39:21','2025-01-21 09:39:21'),(65,'faq_schema_config','[[[{\"key\":\"question\",\"value\":\"What Shipping Methods Are Available?\"},{\"key\":\"answer\",\"value\":\"Ex Portland Pitchfork irure mustache. Eutra fap before they sold out literally. Aliquip ugh bicycle rights actually mlkshk, seitan squid craft beer tempor.\"}],[{\"key\":\"question\",\"value\":\"Do You Ship Internationally?\"},{\"key\":\"answer\",\"value\":\"Hoodie tote bag mixtape tofu. Typewriter jean shorts wolf quinoa, messenger bag organic freegan cray.\"}],[{\"key\":\"question\",\"value\":\"How Long Will It Take To Get My Package?\"},{\"key\":\"answer\",\"value\":\"Swag slow-carb quinoa VHS typewriter pork belly brunch, paleo single-origin coffee Wes Anderson. Flexitarian Pitchfork forage, literally paleo fap pour-over. Wes Anderson Pinterest YOLO fanny pack meggings, deep v XOXO chambray sustainable slow-carb raw denim church-key fap chillwave Etsy. +1 typewriter kitsch, American Apparel tofu Banksy Vice.\"}],[{\"key\":\"question\",\"value\":\"What Payment Methods Are Accepted?\"},{\"key\":\"answer\",\"value\":\"Fashion axe DIY jean shorts, swag kale chips meh polaroid kogi butcher Wes Anderson chambray next level semiotics gentrify yr. Voluptate photo booth fugiat Vice. Austin sed Williamsburg, ea labore raw denim voluptate cred proident mixtape excepteur mustache. Twee chia photo booth readymade food truck, hoodie roof party swag keytar PBR DIY.\"}],[{\"key\":\"question\",\"value\":\"Is Buying On-Line Safe?\"},{\"key\":\"answer\",\"value\":\"Art party authentic freegan semiotics jean shorts chia cred. Neutra Austin roof party Brooklyn, synth Thundercats swag 8-bit photo booth. Plaid letterpress leggings craft beer meh ethical Pinterest.\"}]]]',4,'Botble\\Ecommerce\\Models\\Product','2025-01-21 09:39:21','2025-01-21 09:39:21'),(66,'faq_schema_config','[[[{\"key\":\"question\",\"value\":\"What Shipping Methods Are Available?\"},{\"key\":\"answer\",\"value\":\"Ex Portland Pitchfork irure mustache. Eutra fap before they sold out literally. Aliquip ugh bicycle rights actually mlkshk, seitan squid craft beer tempor.\"}],[{\"key\":\"question\",\"value\":\"Do You Ship Internationally?\"},{\"key\":\"answer\",\"value\":\"Hoodie tote bag mixtape tofu. Typewriter jean shorts wolf quinoa, messenger bag organic freegan cray.\"}],[{\"key\":\"question\",\"value\":\"How Long Will It Take To Get My Package?\"},{\"key\":\"answer\",\"value\":\"Swag slow-carb quinoa VHS typewriter pork belly brunch, paleo single-origin coffee Wes Anderson. Flexitarian Pitchfork forage, literally paleo fap pour-over. Wes Anderson Pinterest YOLO fanny pack meggings, deep v XOXO chambray sustainable slow-carb raw denim church-key fap chillwave Etsy. +1 typewriter kitsch, American Apparel tofu Banksy Vice.\"}],[{\"key\":\"question\",\"value\":\"What Payment Methods Are Accepted?\"},{\"key\":\"answer\",\"value\":\"Fashion axe DIY jean shorts, swag kale chips meh polaroid kogi butcher Wes Anderson chambray next level semiotics gentrify yr. Voluptate photo booth fugiat Vice. Austin sed Williamsburg, ea labore raw denim voluptate cred proident mixtape excepteur mustache. Twee chia photo booth readymade food truck, hoodie roof party swag keytar PBR DIY.\"}],[{\"key\":\"question\",\"value\":\"Is Buying On-Line Safe?\"},{\"key\":\"answer\",\"value\":\"Art party authentic freegan semiotics jean shorts chia cred. Neutra Austin roof party Brooklyn, synth Thundercats swag 8-bit photo booth. Plaid letterpress leggings craft beer meh ethical Pinterest.\"}]]]',5,'Botble\\Ecommerce\\Models\\Product','2025-01-21 09:39:21','2025-01-21 09:39:21'),(67,'faq_schema_config','[[[{\"key\":\"question\",\"value\":\"What Shipping Methods Are Available?\"},{\"key\":\"answer\",\"value\":\"Ex Portland Pitchfork irure mustache. Eutra fap before they sold out literally. Aliquip ugh bicycle rights actually mlkshk, seitan squid craft beer tempor.\"}],[{\"key\":\"question\",\"value\":\"Do You Ship Internationally?\"},{\"key\":\"answer\",\"value\":\"Hoodie tote bag mixtape tofu. Typewriter jean shorts wolf quinoa, messenger bag organic freegan cray.\"}],[{\"key\":\"question\",\"value\":\"How Long Will It Take To Get My Package?\"},{\"key\":\"answer\",\"value\":\"Swag slow-carb quinoa VHS typewriter pork belly brunch, paleo single-origin coffee Wes Anderson. Flexitarian Pitchfork forage, literally paleo fap pour-over. Wes Anderson Pinterest YOLO fanny pack meggings, deep v XOXO chambray sustainable slow-carb raw denim church-key fap chillwave Etsy. +1 typewriter kitsch, American Apparel tofu Banksy Vice.\"}],[{\"key\":\"question\",\"value\":\"What Payment Methods Are Accepted?\"},{\"key\":\"answer\",\"value\":\"Fashion axe DIY jean shorts, swag kale chips meh polaroid kogi butcher Wes Anderson chambray next level semiotics gentrify yr. Voluptate photo booth fugiat Vice. Austin sed Williamsburg, ea labore raw denim voluptate cred proident mixtape excepteur mustache. Twee chia photo booth readymade food truck, hoodie roof party swag keytar PBR DIY.\"}],[{\"key\":\"question\",\"value\":\"Is Buying On-Line Safe?\"},{\"key\":\"answer\",\"value\":\"Art party authentic freegan semiotics jean shorts chia cred. Neutra Austin roof party Brooklyn, synth Thundercats swag 8-bit photo booth. Plaid letterpress leggings craft beer meh ethical Pinterest.\"}]]]',6,'Botble\\Ecommerce\\Models\\Product','2025-01-21 09:39:21','2025-01-21 09:39:21'),(68,'faq_schema_config','[[[{\"key\":\"question\",\"value\":\"What Shipping Methods Are Available?\"},{\"key\":\"answer\",\"value\":\"Ex Portland Pitchfork irure mustache. Eutra fap before they sold out literally. Aliquip ugh bicycle rights actually mlkshk, seitan squid craft beer tempor.\"}],[{\"key\":\"question\",\"value\":\"Do You Ship Internationally?\"},{\"key\":\"answer\",\"value\":\"Hoodie tote bag mixtape tofu. Typewriter jean shorts wolf quinoa, messenger bag organic freegan cray.\"}],[{\"key\":\"question\",\"value\":\"How Long Will It Take To Get My Package?\"},{\"key\":\"answer\",\"value\":\"Swag slow-carb quinoa VHS typewriter pork belly brunch, paleo single-origin coffee Wes Anderson. Flexitarian Pitchfork forage, literally paleo fap pour-over. Wes Anderson Pinterest YOLO fanny pack meggings, deep v XOXO chambray sustainable slow-carb raw denim church-key fap chillwave Etsy. +1 typewriter kitsch, American Apparel tofu Banksy Vice.\"}],[{\"key\":\"question\",\"value\":\"What Payment Methods Are Accepted?\"},{\"key\":\"answer\",\"value\":\"Fashion axe DIY jean shorts, swag kale chips meh polaroid kogi butcher Wes Anderson chambray next level semiotics gentrify yr. Voluptate photo booth fugiat Vice. Austin sed Williamsburg, ea labore raw denim voluptate cred proident mixtape excepteur mustache. Twee chia photo booth readymade food truck, hoodie roof party swag keytar PBR DIY.\"}],[{\"key\":\"question\",\"value\":\"Is Buying On-Line Safe?\"},{\"key\":\"answer\",\"value\":\"Art party authentic freegan semiotics jean shorts chia cred. Neutra Austin roof party Brooklyn, synth Thundercats swag 8-bit photo booth. Plaid letterpress leggings craft beer meh ethical Pinterest.\"}]]]',7,'Botble\\Ecommerce\\Models\\Product','2025-01-21 09:39:21','2025-01-21 09:39:21'),(69,'faq_schema_config','[[[{\"key\":\"question\",\"value\":\"What Shipping Methods Are Available?\"},{\"key\":\"answer\",\"value\":\"Ex Portland Pitchfork irure mustache. Eutra fap before they sold out literally. Aliquip ugh bicycle rights actually mlkshk, seitan squid craft beer tempor.\"}],[{\"key\":\"question\",\"value\":\"Do You Ship Internationally?\"},{\"key\":\"answer\",\"value\":\"Hoodie tote bag mixtape tofu. Typewriter jean shorts wolf quinoa, messenger bag organic freegan cray.\"}],[{\"key\":\"question\",\"value\":\"How Long Will It Take To Get My Package?\"},{\"key\":\"answer\",\"value\":\"Swag slow-carb quinoa VHS typewriter pork belly brunch, paleo single-origin coffee Wes Anderson. Flexitarian Pitchfork forage, literally paleo fap pour-over. Wes Anderson Pinterest YOLO fanny pack meggings, deep v XOXO chambray sustainable slow-carb raw denim church-key fap chillwave Etsy. +1 typewriter kitsch, American Apparel tofu Banksy Vice.\"}],[{\"key\":\"question\",\"value\":\"What Payment Methods Are Accepted?\"},{\"key\":\"answer\",\"value\":\"Fashion axe DIY jean shorts, swag kale chips meh polaroid kogi butcher Wes Anderson chambray next level semiotics gentrify yr. Voluptate photo booth fugiat Vice. Austin sed Williamsburg, ea labore raw denim voluptate cred proident mixtape excepteur mustache. Twee chia photo booth readymade food truck, hoodie roof party swag keytar PBR DIY.\"}],[{\"key\":\"question\",\"value\":\"Is Buying On-Line Safe?\"},{\"key\":\"answer\",\"value\":\"Art party authentic freegan semiotics jean shorts chia cred. Neutra Austin roof party Brooklyn, synth Thundercats swag 8-bit photo booth. Plaid letterpress leggings craft beer meh ethical Pinterest.\"}]]]',8,'Botble\\Ecommerce\\Models\\Product','2025-01-21 09:39:21','2025-01-21 09:39:21'),(70,'faq_schema_config','[[[{\"key\":\"question\",\"value\":\"What Shipping Methods Are Available?\"},{\"key\":\"answer\",\"value\":\"Ex Portland Pitchfork irure mustache. Eutra fap before they sold out literally. Aliquip ugh bicycle rights actually mlkshk, seitan squid craft beer tempor.\"}],[{\"key\":\"question\",\"value\":\"Do You Ship Internationally?\"},{\"key\":\"answer\",\"value\":\"Hoodie tote bag mixtape tofu. Typewriter jean shorts wolf quinoa, messenger bag organic freegan cray.\"}],[{\"key\":\"question\",\"value\":\"How Long Will It Take To Get My Package?\"},{\"key\":\"answer\",\"value\":\"Swag slow-carb quinoa VHS typewriter pork belly brunch, paleo single-origin coffee Wes Anderson. Flexitarian Pitchfork forage, literally paleo fap pour-over. Wes Anderson Pinterest YOLO fanny pack meggings, deep v XOXO chambray sustainable slow-carb raw denim church-key fap chillwave Etsy. +1 typewriter kitsch, American Apparel tofu Banksy Vice.\"}],[{\"key\":\"question\",\"value\":\"What Payment Methods Are Accepted?\"},{\"key\":\"answer\",\"value\":\"Fashion axe DIY jean shorts, swag kale chips meh polaroid kogi butcher Wes Anderson chambray next level semiotics gentrify yr. Voluptate photo booth fugiat Vice. Austin sed Williamsburg, ea labore raw denim voluptate cred proident mixtape excepteur mustache. Twee chia photo booth readymade food truck, hoodie roof party swag keytar PBR DIY.\"}],[{\"key\":\"question\",\"value\":\"Is Buying On-Line Safe?\"},{\"key\":\"answer\",\"value\":\"Art party authentic freegan semiotics jean shorts chia cred. Neutra Austin roof party Brooklyn, synth Thundercats swag 8-bit photo booth. Plaid letterpress leggings craft beer meh ethical Pinterest.\"}]]]',9,'Botble\\Ecommerce\\Models\\Product','2025-01-21 09:39:21','2025-01-21 09:39:21'),(71,'faq_schema_config','[[[{\"key\":\"question\",\"value\":\"What Shipping Methods Are Available?\"},{\"key\":\"answer\",\"value\":\"Ex Portland Pitchfork irure mustache. Eutra fap before they sold out literally. Aliquip ugh bicycle rights actually mlkshk, seitan squid craft beer tempor.\"}],[{\"key\":\"question\",\"value\":\"Do You Ship Internationally?\"},{\"key\":\"answer\",\"value\":\"Hoodie tote bag mixtape tofu. Typewriter jean shorts wolf quinoa, messenger bag organic freegan cray.\"}],[{\"key\":\"question\",\"value\":\"How Long Will It Take To Get My Package?\"},{\"key\":\"answer\",\"value\":\"Swag slow-carb quinoa VHS typewriter pork belly brunch, paleo single-origin coffee Wes Anderson. Flexitarian Pitchfork forage, literally paleo fap pour-over. Wes Anderson Pinterest YOLO fanny pack meggings, deep v XOXO chambray sustainable slow-carb raw denim church-key fap chillwave Etsy. +1 typewriter kitsch, American Apparel tofu Banksy Vice.\"}],[{\"key\":\"question\",\"value\":\"What Payment Methods Are Accepted?\"},{\"key\":\"answer\",\"value\":\"Fashion axe DIY jean shorts, swag kale chips meh polaroid kogi butcher Wes Anderson chambray next level semiotics gentrify yr. Voluptate photo booth fugiat Vice. Austin sed Williamsburg, ea labore raw denim voluptate cred proident mixtape excepteur mustache. Twee chia photo booth readymade food truck, hoodie roof party swag keytar PBR DIY.\"}],[{\"key\":\"question\",\"value\":\"Is Buying On-Line Safe?\"},{\"key\":\"answer\",\"value\":\"Art party authentic freegan semiotics jean shorts chia cred. Neutra Austin roof party Brooklyn, synth Thundercats swag 8-bit photo booth. Plaid letterpress leggings craft beer meh ethical Pinterest.\"}]]]',10,'Botble\\Ecommerce\\Models\\Product','2025-01-21 09:39:21','2025-01-21 09:39:21'),(72,'faq_schema_config','[[[{\"key\":\"question\",\"value\":\"What Shipping Methods Are Available?\"},{\"key\":\"answer\",\"value\":\"Ex Portland Pitchfork irure mustache. Eutra fap before they sold out literally. Aliquip ugh bicycle rights actually mlkshk, seitan squid craft beer tempor.\"}],[{\"key\":\"question\",\"value\":\"Do You Ship Internationally?\"},{\"key\":\"answer\",\"value\":\"Hoodie tote bag mixtape tofu. Typewriter jean shorts wolf quinoa, messenger bag organic freegan cray.\"}],[{\"key\":\"question\",\"value\":\"How Long Will It Take To Get My Package?\"},{\"key\":\"answer\",\"value\":\"Swag slow-carb quinoa VHS typewriter pork belly brunch, paleo single-origin coffee Wes Anderson. Flexitarian Pitchfork forage, literally paleo fap pour-over. Wes Anderson Pinterest YOLO fanny pack meggings, deep v XOXO chambray sustainable slow-carb raw denim church-key fap chillwave Etsy. +1 typewriter kitsch, American Apparel tofu Banksy Vice.\"}],[{\"key\":\"question\",\"value\":\"What Payment Methods Are Accepted?\"},{\"key\":\"answer\",\"value\":\"Fashion axe DIY jean shorts, swag kale chips meh polaroid kogi butcher Wes Anderson chambray next level semiotics gentrify yr. Voluptate photo booth fugiat Vice. Austin sed Williamsburg, ea labore raw denim voluptate cred proident mixtape excepteur mustache. Twee chia photo booth readymade food truck, hoodie roof party swag keytar PBR DIY.\"}],[{\"key\":\"question\",\"value\":\"Is Buying On-Line Safe?\"},{\"key\":\"answer\",\"value\":\"Art party authentic freegan semiotics jean shorts chia cred. Neutra Austin roof party Brooklyn, synth Thundercats swag 8-bit photo booth. Plaid letterpress leggings craft beer meh ethical Pinterest.\"}]]]',11,'Botble\\Ecommerce\\Models\\Product','2025-01-21 09:39:21','2025-01-21 09:39:21'),(73,'faq_schema_config','[[[{\"key\":\"question\",\"value\":\"What Shipping Methods Are Available?\"},{\"key\":\"answer\",\"value\":\"Ex Portland Pitchfork irure mustache. Eutra fap before they sold out literally. Aliquip ugh bicycle rights actually mlkshk, seitan squid craft beer tempor.\"}],[{\"key\":\"question\",\"value\":\"Do You Ship Internationally?\"},{\"key\":\"answer\",\"value\":\"Hoodie tote bag mixtape tofu. Typewriter jean shorts wolf quinoa, messenger bag organic freegan cray.\"}],[{\"key\":\"question\",\"value\":\"How Long Will It Take To Get My Package?\"},{\"key\":\"answer\",\"value\":\"Swag slow-carb quinoa VHS typewriter pork belly brunch, paleo single-origin coffee Wes Anderson. Flexitarian Pitchfork forage, literally paleo fap pour-over. Wes Anderson Pinterest YOLO fanny pack meggings, deep v XOXO chambray sustainable slow-carb raw denim church-key fap chillwave Etsy. +1 typewriter kitsch, American Apparel tofu Banksy Vice.\"}],[{\"key\":\"question\",\"value\":\"What Payment Methods Are Accepted?\"},{\"key\":\"answer\",\"value\":\"Fashion axe DIY jean shorts, swag kale chips meh polaroid kogi butcher Wes Anderson chambray next level semiotics gentrify yr. Voluptate photo booth fugiat Vice. Austin sed Williamsburg, ea labore raw denim voluptate cred proident mixtape excepteur mustache. Twee chia photo booth readymade food truck, hoodie roof party swag keytar PBR DIY.\"}],[{\"key\":\"question\",\"value\":\"Is Buying On-Line Safe?\"},{\"key\":\"answer\",\"value\":\"Art party authentic freegan semiotics jean shorts chia cred. Neutra Austin roof party Brooklyn, synth Thundercats swag 8-bit photo booth. Plaid letterpress leggings craft beer meh ethical Pinterest.\"}]]]',12,'Botble\\Ecommerce\\Models\\Product','2025-01-21 09:39:21','2025-01-21 09:39:21'),(74,'faq_schema_config','[[[{\"key\":\"question\",\"value\":\"What Shipping Methods Are Available?\"},{\"key\":\"answer\",\"value\":\"Ex Portland Pitchfork irure mustache. Eutra fap before they sold out literally. Aliquip ugh bicycle rights actually mlkshk, seitan squid craft beer tempor.\"}],[{\"key\":\"question\",\"value\":\"Do You Ship Internationally?\"},{\"key\":\"answer\",\"value\":\"Hoodie tote bag mixtape tofu. Typewriter jean shorts wolf quinoa, messenger bag organic freegan cray.\"}],[{\"key\":\"question\",\"value\":\"How Long Will It Take To Get My Package?\"},{\"key\":\"answer\",\"value\":\"Swag slow-carb quinoa VHS typewriter pork belly brunch, paleo single-origin coffee Wes Anderson. Flexitarian Pitchfork forage, literally paleo fap pour-over. Wes Anderson Pinterest YOLO fanny pack meggings, deep v XOXO chambray sustainable slow-carb raw denim church-key fap chillwave Etsy. +1 typewriter kitsch, American Apparel tofu Banksy Vice.\"}],[{\"key\":\"question\",\"value\":\"What Payment Methods Are Accepted?\"},{\"key\":\"answer\",\"value\":\"Fashion axe DIY jean shorts, swag kale chips meh polaroid kogi butcher Wes Anderson chambray next level semiotics gentrify yr. Voluptate photo booth fugiat Vice. Austin sed Williamsburg, ea labore raw denim voluptate cred proident mixtape excepteur mustache. Twee chia photo booth readymade food truck, hoodie roof party swag keytar PBR DIY.\"}],[{\"key\":\"question\",\"value\":\"Is Buying On-Line Safe?\"},{\"key\":\"answer\",\"value\":\"Art party authentic freegan semiotics jean shorts chia cred. Neutra Austin roof party Brooklyn, synth Thundercats swag 8-bit photo booth. Plaid letterpress leggings craft beer meh ethical Pinterest.\"}]]]',13,'Botble\\Ecommerce\\Models\\Product','2025-01-21 09:39:21','2025-01-21 09:39:21'),(75,'faq_schema_config','[[[{\"key\":\"question\",\"value\":\"What Shipping Methods Are Available?\"},{\"key\":\"answer\",\"value\":\"Ex Portland Pitchfork irure mustache. Eutra fap before they sold out literally. Aliquip ugh bicycle rights actually mlkshk, seitan squid craft beer tempor.\"}],[{\"key\":\"question\",\"value\":\"Do You Ship Internationally?\"},{\"key\":\"answer\",\"value\":\"Hoodie tote bag mixtape tofu. Typewriter jean shorts wolf quinoa, messenger bag organic freegan cray.\"}],[{\"key\":\"question\",\"value\":\"How Long Will It Take To Get My Package?\"},{\"key\":\"answer\",\"value\":\"Swag slow-carb quinoa VHS typewriter pork belly brunch, paleo single-origin coffee Wes Anderson. Flexitarian Pitchfork forage, literally paleo fap pour-over. Wes Anderson Pinterest YOLO fanny pack meggings, deep v XOXO chambray sustainable slow-carb raw denim church-key fap chillwave Etsy. +1 typewriter kitsch, American Apparel tofu Banksy Vice.\"}],[{\"key\":\"question\",\"value\":\"What Payment Methods Are Accepted?\"},{\"key\":\"answer\",\"value\":\"Fashion axe DIY jean shorts, swag kale chips meh polaroid kogi butcher Wes Anderson chambray next level semiotics gentrify yr. Voluptate photo booth fugiat Vice. Austin sed Williamsburg, ea labore raw denim voluptate cred proident mixtape excepteur mustache. Twee chia photo booth readymade food truck, hoodie roof party swag keytar PBR DIY.\"}],[{\"key\":\"question\",\"value\":\"Is Buying On-Line Safe?\"},{\"key\":\"answer\",\"value\":\"Art party authentic freegan semiotics jean shorts chia cred. Neutra Austin roof party Brooklyn, synth Thundercats swag 8-bit photo booth. Plaid letterpress leggings craft beer meh ethical Pinterest.\"}]]]',14,'Botble\\Ecommerce\\Models\\Product','2025-01-21 09:39:21','2025-01-21 09:39:21'),(76,'faq_schema_config','[[[{\"key\":\"question\",\"value\":\"What Shipping Methods Are Available?\"},{\"key\":\"answer\",\"value\":\"Ex Portland Pitchfork irure mustache. Eutra fap before they sold out literally. Aliquip ugh bicycle rights actually mlkshk, seitan squid craft beer tempor.\"}],[{\"key\":\"question\",\"value\":\"Do You Ship Internationally?\"},{\"key\":\"answer\",\"value\":\"Hoodie tote bag mixtape tofu. Typewriter jean shorts wolf quinoa, messenger bag organic freegan cray.\"}],[{\"key\":\"question\",\"value\":\"How Long Will It Take To Get My Package?\"},{\"key\":\"answer\",\"value\":\"Swag slow-carb quinoa VHS typewriter pork belly brunch, paleo single-origin coffee Wes Anderson. Flexitarian Pitchfork forage, literally paleo fap pour-over. Wes Anderson Pinterest YOLO fanny pack meggings, deep v XOXO chambray sustainable slow-carb raw denim church-key fap chillwave Etsy. +1 typewriter kitsch, American Apparel tofu Banksy Vice.\"}],[{\"key\":\"question\",\"value\":\"What Payment Methods Are Accepted?\"},{\"key\":\"answer\",\"value\":\"Fashion axe DIY jean shorts, swag kale chips meh polaroid kogi butcher Wes Anderson chambray next level semiotics gentrify yr. Voluptate photo booth fugiat Vice. Austin sed Williamsburg, ea labore raw denim voluptate cred proident mixtape excepteur mustache. Twee chia photo booth readymade food truck, hoodie roof party swag keytar PBR DIY.\"}],[{\"key\":\"question\",\"value\":\"Is Buying On-Line Safe?\"},{\"key\":\"answer\",\"value\":\"Art party authentic freegan semiotics jean shorts chia cred. Neutra Austin roof party Brooklyn, synth Thundercats swag 8-bit photo booth. Plaid letterpress leggings craft beer meh ethical Pinterest.\"}]]]',15,'Botble\\Ecommerce\\Models\\Product','2025-01-21 09:39:21','2025-01-21 09:39:21'),(77,'faq_schema_config','[[[{\"key\":\"question\",\"value\":\"What Shipping Methods Are Available?\"},{\"key\":\"answer\",\"value\":\"Ex Portland Pitchfork irure mustache. Eutra fap before they sold out literally. Aliquip ugh bicycle rights actually mlkshk, seitan squid craft beer tempor.\"}],[{\"key\":\"question\",\"value\":\"Do You Ship Internationally?\"},{\"key\":\"answer\",\"value\":\"Hoodie tote bag mixtape tofu. Typewriter jean shorts wolf quinoa, messenger bag organic freegan cray.\"}],[{\"key\":\"question\",\"value\":\"How Long Will It Take To Get My Package?\"},{\"key\":\"answer\",\"value\":\"Swag slow-carb quinoa VHS typewriter pork belly brunch, paleo single-origin coffee Wes Anderson. Flexitarian Pitchfork forage, literally paleo fap pour-over. Wes Anderson Pinterest YOLO fanny pack meggings, deep v XOXO chambray sustainable slow-carb raw denim church-key fap chillwave Etsy. +1 typewriter kitsch, American Apparel tofu Banksy Vice.\"}],[{\"key\":\"question\",\"value\":\"What Payment Methods Are Accepted?\"},{\"key\":\"answer\",\"value\":\"Fashion axe DIY jean shorts, swag kale chips meh polaroid kogi butcher Wes Anderson chambray next level semiotics gentrify yr. Voluptate photo booth fugiat Vice. Austin sed Williamsburg, ea labore raw denim voluptate cred proident mixtape excepteur mustache. Twee chia photo booth readymade food truck, hoodie roof party swag keytar PBR DIY.\"}],[{\"key\":\"question\",\"value\":\"Is Buying On-Line Safe?\"},{\"key\":\"answer\",\"value\":\"Art party authentic freegan semiotics jean shorts chia cred. Neutra Austin roof party Brooklyn, synth Thundercats swag 8-bit photo booth. Plaid letterpress leggings craft beer meh ethical Pinterest.\"}]]]',16,'Botble\\Ecommerce\\Models\\Product','2025-01-21 09:39:21','2025-01-21 09:39:21'),(78,'faq_schema_config','[[[{\"key\":\"question\",\"value\":\"What Shipping Methods Are Available?\"},{\"key\":\"answer\",\"value\":\"Ex Portland Pitchfork irure mustache. Eutra fap before they sold out literally. Aliquip ugh bicycle rights actually mlkshk, seitan squid craft beer tempor.\"}],[{\"key\":\"question\",\"value\":\"Do You Ship Internationally?\"},{\"key\":\"answer\",\"value\":\"Hoodie tote bag mixtape tofu. Typewriter jean shorts wolf quinoa, messenger bag organic freegan cray.\"}],[{\"key\":\"question\",\"value\":\"How Long Will It Take To Get My Package?\"},{\"key\":\"answer\",\"value\":\"Swag slow-carb quinoa VHS typewriter pork belly brunch, paleo single-origin coffee Wes Anderson. Flexitarian Pitchfork forage, literally paleo fap pour-over. Wes Anderson Pinterest YOLO fanny pack meggings, deep v XOXO chambray sustainable slow-carb raw denim church-key fap chillwave Etsy. +1 typewriter kitsch, American Apparel tofu Banksy Vice.\"}],[{\"key\":\"question\",\"value\":\"What Payment Methods Are Accepted?\"},{\"key\":\"answer\",\"value\":\"Fashion axe DIY jean shorts, swag kale chips meh polaroid kogi butcher Wes Anderson chambray next level semiotics gentrify yr. Voluptate photo booth fugiat Vice. Austin sed Williamsburg, ea labore raw denim voluptate cred proident mixtape excepteur mustache. Twee chia photo booth readymade food truck, hoodie roof party swag keytar PBR DIY.\"}],[{\"key\":\"question\",\"value\":\"Is Buying On-Line Safe?\"},{\"key\":\"answer\",\"value\":\"Art party authentic freegan semiotics jean shorts chia cred. Neutra Austin roof party Brooklyn, synth Thundercats swag 8-bit photo booth. Plaid letterpress leggings craft beer meh ethical Pinterest.\"}]]]',17,'Botble\\Ecommerce\\Models\\Product','2025-01-21 09:39:21','2025-01-21 09:39:21'),(79,'faq_schema_config','[[[{\"key\":\"question\",\"value\":\"What Shipping Methods Are Available?\"},{\"key\":\"answer\",\"value\":\"Ex Portland Pitchfork irure mustache. Eutra fap before they sold out literally. Aliquip ugh bicycle rights actually mlkshk, seitan squid craft beer tempor.\"}],[{\"key\":\"question\",\"value\":\"Do You Ship Internationally?\"},{\"key\":\"answer\",\"value\":\"Hoodie tote bag mixtape tofu. Typewriter jean shorts wolf quinoa, messenger bag organic freegan cray.\"}],[{\"key\":\"question\",\"value\":\"How Long Will It Take To Get My Package?\"},{\"key\":\"answer\",\"value\":\"Swag slow-carb quinoa VHS typewriter pork belly brunch, paleo single-origin coffee Wes Anderson. Flexitarian Pitchfork forage, literally paleo fap pour-over. Wes Anderson Pinterest YOLO fanny pack meggings, deep v XOXO chambray sustainable slow-carb raw denim church-key fap chillwave Etsy. +1 typewriter kitsch, American Apparel tofu Banksy Vice.\"}],[{\"key\":\"question\",\"value\":\"What Payment Methods Are Accepted?\"},{\"key\":\"answer\",\"value\":\"Fashion axe DIY jean shorts, swag kale chips meh polaroid kogi butcher Wes Anderson chambray next level semiotics gentrify yr. Voluptate photo booth fugiat Vice. Austin sed Williamsburg, ea labore raw denim voluptate cred proident mixtape excepteur mustache. Twee chia photo booth readymade food truck, hoodie roof party swag keytar PBR DIY.\"}],[{\"key\":\"question\",\"value\":\"Is Buying On-Line Safe?\"},{\"key\":\"answer\",\"value\":\"Art party authentic freegan semiotics jean shorts chia cred. Neutra Austin roof party Brooklyn, synth Thundercats swag 8-bit photo booth. Plaid letterpress leggings craft beer meh ethical Pinterest.\"}]]]',18,'Botble\\Ecommerce\\Models\\Product','2025-01-21 09:39:21','2025-01-21 09:39:21'),(80,'faq_schema_config','[[[{\"key\":\"question\",\"value\":\"What Shipping Methods Are Available?\"},{\"key\":\"answer\",\"value\":\"Ex Portland Pitchfork irure mustache. Eutra fap before they sold out literally. Aliquip ugh bicycle rights actually mlkshk, seitan squid craft beer tempor.\"}],[{\"key\":\"question\",\"value\":\"Do You Ship Internationally?\"},{\"key\":\"answer\",\"value\":\"Hoodie tote bag mixtape tofu. Typewriter jean shorts wolf quinoa, messenger bag organic freegan cray.\"}],[{\"key\":\"question\",\"value\":\"How Long Will It Take To Get My Package?\"},{\"key\":\"answer\",\"value\":\"Swag slow-carb quinoa VHS typewriter pork belly brunch, paleo single-origin coffee Wes Anderson. Flexitarian Pitchfork forage, literally paleo fap pour-over. Wes Anderson Pinterest YOLO fanny pack meggings, deep v XOXO chambray sustainable slow-carb raw denim church-key fap chillwave Etsy. +1 typewriter kitsch, American Apparel tofu Banksy Vice.\"}],[{\"key\":\"question\",\"value\":\"What Payment Methods Are Accepted?\"},{\"key\":\"answer\",\"value\":\"Fashion axe DIY jean shorts, swag kale chips meh polaroid kogi butcher Wes Anderson chambray next level semiotics gentrify yr. Voluptate photo booth fugiat Vice. Austin sed Williamsburg, ea labore raw denim voluptate cred proident mixtape excepteur mustache. Twee chia photo booth readymade food truck, hoodie roof party swag keytar PBR DIY.\"}],[{\"key\":\"question\",\"value\":\"Is Buying On-Line Safe?\"},{\"key\":\"answer\",\"value\":\"Art party authentic freegan semiotics jean shorts chia cred. Neutra Austin roof party Brooklyn, synth Thundercats swag 8-bit photo booth. Plaid letterpress leggings craft beer meh ethical Pinterest.\"}]]]',19,'Botble\\Ecommerce\\Models\\Product','2025-01-21 09:39:21','2025-01-21 09:39:21'),(81,'faq_schema_config','[[[{\"key\":\"question\",\"value\":\"What Shipping Methods Are Available?\"},{\"key\":\"answer\",\"value\":\"Ex Portland Pitchfork irure mustache. Eutra fap before they sold out literally. Aliquip ugh bicycle rights actually mlkshk, seitan squid craft beer tempor.\"}],[{\"key\":\"question\",\"value\":\"Do You Ship Internationally?\"},{\"key\":\"answer\",\"value\":\"Hoodie tote bag mixtape tofu. Typewriter jean shorts wolf quinoa, messenger bag organic freegan cray.\"}],[{\"key\":\"question\",\"value\":\"How Long Will It Take To Get My Package?\"},{\"key\":\"answer\",\"value\":\"Swag slow-carb quinoa VHS typewriter pork belly brunch, paleo single-origin coffee Wes Anderson. Flexitarian Pitchfork forage, literally paleo fap pour-over. Wes Anderson Pinterest YOLO fanny pack meggings, deep v XOXO chambray sustainable slow-carb raw denim church-key fap chillwave Etsy. +1 typewriter kitsch, American Apparel tofu Banksy Vice.\"}],[{\"key\":\"question\",\"value\":\"What Payment Methods Are Accepted?\"},{\"key\":\"answer\",\"value\":\"Fashion axe DIY jean shorts, swag kale chips meh polaroid kogi butcher Wes Anderson chambray next level semiotics gentrify yr. Voluptate photo booth fugiat Vice. Austin sed Williamsburg, ea labore raw denim voluptate cred proident mixtape excepteur mustache. Twee chia photo booth readymade food truck, hoodie roof party swag keytar PBR DIY.\"}],[{\"key\":\"question\",\"value\":\"Is Buying On-Line Safe?\"},{\"key\":\"answer\",\"value\":\"Art party authentic freegan semiotics jean shorts chia cred. Neutra Austin roof party Brooklyn, synth Thundercats swag 8-bit photo booth. Plaid letterpress leggings craft beer meh ethical Pinterest.\"}]]]',20,'Botble\\Ecommerce\\Models\\Product','2025-01-21 09:39:21','2025-01-21 09:39:21'),(82,'faq_schema_config','[[[{\"key\":\"question\",\"value\":\"What Shipping Methods Are Available?\"},{\"key\":\"answer\",\"value\":\"Ex Portland Pitchfork irure mustache. Eutra fap before they sold out literally. Aliquip ugh bicycle rights actually mlkshk, seitan squid craft beer tempor.\"}],[{\"key\":\"question\",\"value\":\"Do You Ship Internationally?\"},{\"key\":\"answer\",\"value\":\"Hoodie tote bag mixtape tofu. Typewriter jean shorts wolf quinoa, messenger bag organic freegan cray.\"}],[{\"key\":\"question\",\"value\":\"How Long Will It Take To Get My Package?\"},{\"key\":\"answer\",\"value\":\"Swag slow-carb quinoa VHS typewriter pork belly brunch, paleo single-origin coffee Wes Anderson. Flexitarian Pitchfork forage, literally paleo fap pour-over. Wes Anderson Pinterest YOLO fanny pack meggings, deep v XOXO chambray sustainable slow-carb raw denim church-key fap chillwave Etsy. +1 typewriter kitsch, American Apparel tofu Banksy Vice.\"}],[{\"key\":\"question\",\"value\":\"What Payment Methods Are Accepted?\"},{\"key\":\"answer\",\"value\":\"Fashion axe DIY jean shorts, swag kale chips meh polaroid kogi butcher Wes Anderson chambray next level semiotics gentrify yr. Voluptate photo booth fugiat Vice. Austin sed Williamsburg, ea labore raw denim voluptate cred proident mixtape excepteur mustache. Twee chia photo booth readymade food truck, hoodie roof party swag keytar PBR DIY.\"}],[{\"key\":\"question\",\"value\":\"Is Buying On-Line Safe?\"},{\"key\":\"answer\",\"value\":\"Art party authentic freegan semiotics jean shorts chia cred. Neutra Austin roof party Brooklyn, synth Thundercats swag 8-bit photo booth. Plaid letterpress leggings craft beer meh ethical Pinterest.\"}]]]',21,'Botble\\Ecommerce\\Models\\Product','2025-01-21 09:39:21','2025-01-21 09:39:21'),(83,'faq_schema_config','[[[{\"key\":\"question\",\"value\":\"What Shipping Methods Are Available?\"},{\"key\":\"answer\",\"value\":\"Ex Portland Pitchfork irure mustache. Eutra fap before they sold out literally. Aliquip ugh bicycle rights actually mlkshk, seitan squid craft beer tempor.\"}],[{\"key\":\"question\",\"value\":\"Do You Ship Internationally?\"},{\"key\":\"answer\",\"value\":\"Hoodie tote bag mixtape tofu. Typewriter jean shorts wolf quinoa, messenger bag organic freegan cray.\"}],[{\"key\":\"question\",\"value\":\"How Long Will It Take To Get My Package?\"},{\"key\":\"answer\",\"value\":\"Swag slow-carb quinoa VHS typewriter pork belly brunch, paleo single-origin coffee Wes Anderson. Flexitarian Pitchfork forage, literally paleo fap pour-over. Wes Anderson Pinterest YOLO fanny pack meggings, deep v XOXO chambray sustainable slow-carb raw denim church-key fap chillwave Etsy. +1 typewriter kitsch, American Apparel tofu Banksy Vice.\"}],[{\"key\":\"question\",\"value\":\"What Payment Methods Are Accepted?\"},{\"key\":\"answer\",\"value\":\"Fashion axe DIY jean shorts, swag kale chips meh polaroid kogi butcher Wes Anderson chambray next level semiotics gentrify yr. Voluptate photo booth fugiat Vice. Austin sed Williamsburg, ea labore raw denim voluptate cred proident mixtape excepteur mustache. Twee chia photo booth readymade food truck, hoodie roof party swag keytar PBR DIY.\"}],[{\"key\":\"question\",\"value\":\"Is Buying On-Line Safe?\"},{\"key\":\"answer\",\"value\":\"Art party authentic freegan semiotics jean shorts chia cred. Neutra Austin roof party Brooklyn, synth Thundercats swag 8-bit photo booth. Plaid letterpress leggings craft beer meh ethical Pinterest.\"}]]]',22,'Botble\\Ecommerce\\Models\\Product','2025-01-21 09:39:21','2025-01-21 09:39:21'),(84,'faq_schema_config','[[[{\"key\":\"question\",\"value\":\"What Shipping Methods Are Available?\"},{\"key\":\"answer\",\"value\":\"Ex Portland Pitchfork irure mustache. Eutra fap before they sold out literally. Aliquip ugh bicycle rights actually mlkshk, seitan squid craft beer tempor.\"}],[{\"key\":\"question\",\"value\":\"Do You Ship Internationally?\"},{\"key\":\"answer\",\"value\":\"Hoodie tote bag mixtape tofu. Typewriter jean shorts wolf quinoa, messenger bag organic freegan cray.\"}],[{\"key\":\"question\",\"value\":\"How Long Will It Take To Get My Package?\"},{\"key\":\"answer\",\"value\":\"Swag slow-carb quinoa VHS typewriter pork belly brunch, paleo single-origin coffee Wes Anderson. Flexitarian Pitchfork forage, literally paleo fap pour-over. Wes Anderson Pinterest YOLO fanny pack meggings, deep v XOXO chambray sustainable slow-carb raw denim church-key fap chillwave Etsy. +1 typewriter kitsch, American Apparel tofu Banksy Vice.\"}],[{\"key\":\"question\",\"value\":\"What Payment Methods Are Accepted?\"},{\"key\":\"answer\",\"value\":\"Fashion axe DIY jean shorts, swag kale chips meh polaroid kogi butcher Wes Anderson chambray next level semiotics gentrify yr. Voluptate photo booth fugiat Vice. Austin sed Williamsburg, ea labore raw denim voluptate cred proident mixtape excepteur mustache. Twee chia photo booth readymade food truck, hoodie roof party swag keytar PBR DIY.\"}],[{\"key\":\"question\",\"value\":\"Is Buying On-Line Safe?\"},{\"key\":\"answer\",\"value\":\"Art party authentic freegan semiotics jean shorts chia cred. Neutra Austin roof party Brooklyn, synth Thundercats swag 8-bit photo booth. Plaid letterpress leggings craft beer meh ethical Pinterest.\"}]]]',23,'Botble\\Ecommerce\\Models\\Product','2025-01-21 09:39:21','2025-01-21 09:39:21'),(85,'faq_schema_config','[[[{\"key\":\"question\",\"value\":\"What Shipping Methods Are Available?\"},{\"key\":\"answer\",\"value\":\"Ex Portland Pitchfork irure mustache. Eutra fap before they sold out literally. Aliquip ugh bicycle rights actually mlkshk, seitan squid craft beer tempor.\"}],[{\"key\":\"question\",\"value\":\"Do You Ship Internationally?\"},{\"key\":\"answer\",\"value\":\"Hoodie tote bag mixtape tofu. Typewriter jean shorts wolf quinoa, messenger bag organic freegan cray.\"}],[{\"key\":\"question\",\"value\":\"How Long Will It Take To Get My Package?\"},{\"key\":\"answer\",\"value\":\"Swag slow-carb quinoa VHS typewriter pork belly brunch, paleo single-origin coffee Wes Anderson. Flexitarian Pitchfork forage, literally paleo fap pour-over. Wes Anderson Pinterest YOLO fanny pack meggings, deep v XOXO chambray sustainable slow-carb raw denim church-key fap chillwave Etsy. +1 typewriter kitsch, American Apparel tofu Banksy Vice.\"}],[{\"key\":\"question\",\"value\":\"What Payment Methods Are Accepted?\"},{\"key\":\"answer\",\"value\":\"Fashion axe DIY jean shorts, swag kale chips meh polaroid kogi butcher Wes Anderson chambray next level semiotics gentrify yr. Voluptate photo booth fugiat Vice. Austin sed Williamsburg, ea labore raw denim voluptate cred proident mixtape excepteur mustache. Twee chia photo booth readymade food truck, hoodie roof party swag keytar PBR DIY.\"}],[{\"key\":\"question\",\"value\":\"Is Buying On-Line Safe?\"},{\"key\":\"answer\",\"value\":\"Art party authentic freegan semiotics jean shorts chia cred. Neutra Austin roof party Brooklyn, synth Thundercats swag 8-bit photo booth. Plaid letterpress leggings craft beer meh ethical Pinterest.\"}]]]',24,'Botble\\Ecommerce\\Models\\Product','2025-01-21 09:39:21','2025-01-21 09:39:21'),(86,'faq_schema_config','[[[{\"key\":\"question\",\"value\":\"What Shipping Methods Are Available?\"},{\"key\":\"answer\",\"value\":\"Ex Portland Pitchfork irure mustache. Eutra fap before they sold out literally. Aliquip ugh bicycle rights actually mlkshk, seitan squid craft beer tempor.\"}],[{\"key\":\"question\",\"value\":\"Do You Ship Internationally?\"},{\"key\":\"answer\",\"value\":\"Hoodie tote bag mixtape tofu. Typewriter jean shorts wolf quinoa, messenger bag organic freegan cray.\"}],[{\"key\":\"question\",\"value\":\"How Long Will It Take To Get My Package?\"},{\"key\":\"answer\",\"value\":\"Swag slow-carb quinoa VHS typewriter pork belly brunch, paleo single-origin coffee Wes Anderson. Flexitarian Pitchfork forage, literally paleo fap pour-over. Wes Anderson Pinterest YOLO fanny pack meggings, deep v XOXO chambray sustainable slow-carb raw denim church-key fap chillwave Etsy. +1 typewriter kitsch, American Apparel tofu Banksy Vice.\"}],[{\"key\":\"question\",\"value\":\"What Payment Methods Are Accepted?\"},{\"key\":\"answer\",\"value\":\"Fashion axe DIY jean shorts, swag kale chips meh polaroid kogi butcher Wes Anderson chambray next level semiotics gentrify yr. Voluptate photo booth fugiat Vice. Austin sed Williamsburg, ea labore raw denim voluptate cred proident mixtape excepteur mustache. Twee chia photo booth readymade food truck, hoodie roof party swag keytar PBR DIY.\"}],[{\"key\":\"question\",\"value\":\"Is Buying On-Line Safe?\"},{\"key\":\"answer\",\"value\":\"Art party authentic freegan semiotics jean shorts chia cred. Neutra Austin roof party Brooklyn, synth Thundercats swag 8-bit photo booth. Plaid letterpress leggings craft beer meh ethical Pinterest.\"}]]]',25,'Botble\\Ecommerce\\Models\\Product','2025-01-21 09:39:21','2025-01-21 09:39:21'),(87,'faq_schema_config','[[[{\"key\":\"question\",\"value\":\"What Shipping Methods Are Available?\"},{\"key\":\"answer\",\"value\":\"Ex Portland Pitchfork irure mustache. Eutra fap before they sold out literally. Aliquip ugh bicycle rights actually mlkshk, seitan squid craft beer tempor.\"}],[{\"key\":\"question\",\"value\":\"Do You Ship Internationally?\"},{\"key\":\"answer\",\"value\":\"Hoodie tote bag mixtape tofu. Typewriter jean shorts wolf quinoa, messenger bag organic freegan cray.\"}],[{\"key\":\"question\",\"value\":\"How Long Will It Take To Get My Package?\"},{\"key\":\"answer\",\"value\":\"Swag slow-carb quinoa VHS typewriter pork belly brunch, paleo single-origin coffee Wes Anderson. Flexitarian Pitchfork forage, literally paleo fap pour-over. Wes Anderson Pinterest YOLO fanny pack meggings, deep v XOXO chambray sustainable slow-carb raw denim church-key fap chillwave Etsy. +1 typewriter kitsch, American Apparel tofu Banksy Vice.\"}],[{\"key\":\"question\",\"value\":\"What Payment Methods Are Accepted?\"},{\"key\":\"answer\",\"value\":\"Fashion axe DIY jean shorts, swag kale chips meh polaroid kogi butcher Wes Anderson chambray next level semiotics gentrify yr. Voluptate photo booth fugiat Vice. Austin sed Williamsburg, ea labore raw denim voluptate cred proident mixtape excepteur mustache. Twee chia photo booth readymade food truck, hoodie roof party swag keytar PBR DIY.\"}],[{\"key\":\"question\",\"value\":\"Is Buying On-Line Safe?\"},{\"key\":\"answer\",\"value\":\"Art party authentic freegan semiotics jean shorts chia cred. Neutra Austin roof party Brooklyn, synth Thundercats swag 8-bit photo booth. Plaid letterpress leggings craft beer meh ethical Pinterest.\"}]]]',26,'Botble\\Ecommerce\\Models\\Product','2025-01-21 09:39:21','2025-01-21 09:39:21'),(88,'faq_schema_config','[[[{\"key\":\"question\",\"value\":\"What Shipping Methods Are Available?\"},{\"key\":\"answer\",\"value\":\"Ex Portland Pitchfork irure mustache. Eutra fap before they sold out literally. Aliquip ugh bicycle rights actually mlkshk, seitan squid craft beer tempor.\"}],[{\"key\":\"question\",\"value\":\"Do You Ship Internationally?\"},{\"key\":\"answer\",\"value\":\"Hoodie tote bag mixtape tofu. Typewriter jean shorts wolf quinoa, messenger bag organic freegan cray.\"}],[{\"key\":\"question\",\"value\":\"How Long Will It Take To Get My Package?\"},{\"key\":\"answer\",\"value\":\"Swag slow-carb quinoa VHS typewriter pork belly brunch, paleo single-origin coffee Wes Anderson. Flexitarian Pitchfork forage, literally paleo fap pour-over. Wes Anderson Pinterest YOLO fanny pack meggings, deep v XOXO chambray sustainable slow-carb raw denim church-key fap chillwave Etsy. +1 typewriter kitsch, American Apparel tofu Banksy Vice.\"}],[{\"key\":\"question\",\"value\":\"What Payment Methods Are Accepted?\"},{\"key\":\"answer\",\"value\":\"Fashion axe DIY jean shorts, swag kale chips meh polaroid kogi butcher Wes Anderson chambray next level semiotics gentrify yr. Voluptate photo booth fugiat Vice. Austin sed Williamsburg, ea labore raw denim voluptate cred proident mixtape excepteur mustache. Twee chia photo booth readymade food truck, hoodie roof party swag keytar PBR DIY.\"}],[{\"key\":\"question\",\"value\":\"Is Buying On-Line Safe?\"},{\"key\":\"answer\",\"value\":\"Art party authentic freegan semiotics jean shorts chia cred. Neutra Austin roof party Brooklyn, synth Thundercats swag 8-bit photo booth. Plaid letterpress leggings craft beer meh ethical Pinterest.\"}]]]',27,'Botble\\Ecommerce\\Models\\Product','2025-01-21 09:39:21','2025-01-21 09:39:21'),(89,'faq_schema_config','[[[{\"key\":\"question\",\"value\":\"What Shipping Methods Are Available?\"},{\"key\":\"answer\",\"value\":\"Ex Portland Pitchfork irure mustache. Eutra fap before they sold out literally. Aliquip ugh bicycle rights actually mlkshk, seitan squid craft beer tempor.\"}],[{\"key\":\"question\",\"value\":\"Do You Ship Internationally?\"},{\"key\":\"answer\",\"value\":\"Hoodie tote bag mixtape tofu. Typewriter jean shorts wolf quinoa, messenger bag organic freegan cray.\"}],[{\"key\":\"question\",\"value\":\"How Long Will It Take To Get My Package?\"},{\"key\":\"answer\",\"value\":\"Swag slow-carb quinoa VHS typewriter pork belly brunch, paleo single-origin coffee Wes Anderson. Flexitarian Pitchfork forage, literally paleo fap pour-over. Wes Anderson Pinterest YOLO fanny pack meggings, deep v XOXO chambray sustainable slow-carb raw denim church-key fap chillwave Etsy. +1 typewriter kitsch, American Apparel tofu Banksy Vice.\"}],[{\"key\":\"question\",\"value\":\"What Payment Methods Are Accepted?\"},{\"key\":\"answer\",\"value\":\"Fashion axe DIY jean shorts, swag kale chips meh polaroid kogi butcher Wes Anderson chambray next level semiotics gentrify yr. Voluptate photo booth fugiat Vice. Austin sed Williamsburg, ea labore raw denim voluptate cred proident mixtape excepteur mustache. Twee chia photo booth readymade food truck, hoodie roof party swag keytar PBR DIY.\"}],[{\"key\":\"question\",\"value\":\"Is Buying On-Line Safe?\"},{\"key\":\"answer\",\"value\":\"Art party authentic freegan semiotics jean shorts chia cred. Neutra Austin roof party Brooklyn, synth Thundercats swag 8-bit photo booth. Plaid letterpress leggings craft beer meh ethical Pinterest.\"}]]]',28,'Botble\\Ecommerce\\Models\\Product','2025-01-21 09:39:21','2025-01-21 09:39:21'),(90,'faq_schema_config','[[[{\"key\":\"question\",\"value\":\"What Shipping Methods Are Available?\"},{\"key\":\"answer\",\"value\":\"Ex Portland Pitchfork irure mustache. Eutra fap before they sold out literally. Aliquip ugh bicycle rights actually mlkshk, seitan squid craft beer tempor.\"}],[{\"key\":\"question\",\"value\":\"Do You Ship Internationally?\"},{\"key\":\"answer\",\"value\":\"Hoodie tote bag mixtape tofu. Typewriter jean shorts wolf quinoa, messenger bag organic freegan cray.\"}],[{\"key\":\"question\",\"value\":\"How Long Will It Take To Get My Package?\"},{\"key\":\"answer\",\"value\":\"Swag slow-carb quinoa VHS typewriter pork belly brunch, paleo single-origin coffee Wes Anderson. Flexitarian Pitchfork forage, literally paleo fap pour-over. Wes Anderson Pinterest YOLO fanny pack meggings, deep v XOXO chambray sustainable slow-carb raw denim church-key fap chillwave Etsy. +1 typewriter kitsch, American Apparel tofu Banksy Vice.\"}],[{\"key\":\"question\",\"value\":\"What Payment Methods Are Accepted?\"},{\"key\":\"answer\",\"value\":\"Fashion axe DIY jean shorts, swag kale chips meh polaroid kogi butcher Wes Anderson chambray next level semiotics gentrify yr. Voluptate photo booth fugiat Vice. Austin sed Williamsburg, ea labore raw denim voluptate cred proident mixtape excepteur mustache. Twee chia photo booth readymade food truck, hoodie roof party swag keytar PBR DIY.\"}],[{\"key\":\"question\",\"value\":\"Is Buying On-Line Safe?\"},{\"key\":\"answer\",\"value\":\"Art party authentic freegan semiotics jean shorts chia cred. Neutra Austin roof party Brooklyn, synth Thundercats swag 8-bit photo booth. Plaid letterpress leggings craft beer meh ethical Pinterest.\"}]]]',29,'Botble\\Ecommerce\\Models\\Product','2025-01-21 09:39:21','2025-01-21 09:39:21'),(91,'faq_schema_config','[[[{\"key\":\"question\",\"value\":\"What Shipping Methods Are Available?\"},{\"key\":\"answer\",\"value\":\"Ex Portland Pitchfork irure mustache. Eutra fap before they sold out literally. Aliquip ugh bicycle rights actually mlkshk, seitan squid craft beer tempor.\"}],[{\"key\":\"question\",\"value\":\"Do You Ship Internationally?\"},{\"key\":\"answer\",\"value\":\"Hoodie tote bag mixtape tofu. Typewriter jean shorts wolf quinoa, messenger bag organic freegan cray.\"}],[{\"key\":\"question\",\"value\":\"How Long Will It Take To Get My Package?\"},{\"key\":\"answer\",\"value\":\"Swag slow-carb quinoa VHS typewriter pork belly brunch, paleo single-origin coffee Wes Anderson. Flexitarian Pitchfork forage, literally paleo fap pour-over. Wes Anderson Pinterest YOLO fanny pack meggings, deep v XOXO chambray sustainable slow-carb raw denim church-key fap chillwave Etsy. +1 typewriter kitsch, American Apparel tofu Banksy Vice.\"}],[{\"key\":\"question\",\"value\":\"What Payment Methods Are Accepted?\"},{\"key\":\"answer\",\"value\":\"Fashion axe DIY jean shorts, swag kale chips meh polaroid kogi butcher Wes Anderson chambray next level semiotics gentrify yr. Voluptate photo booth fugiat Vice. Austin sed Williamsburg, ea labore raw denim voluptate cred proident mixtape excepteur mustache. Twee chia photo booth readymade food truck, hoodie roof party swag keytar PBR DIY.\"}],[{\"key\":\"question\",\"value\":\"Is Buying On-Line Safe?\"},{\"key\":\"answer\",\"value\":\"Art party authentic freegan semiotics jean shorts chia cred. Neutra Austin roof party Brooklyn, synth Thundercats swag 8-bit photo booth. Plaid letterpress leggings craft beer meh ethical Pinterest.\"}]]]',30,'Botble\\Ecommerce\\Models\\Product','2025-01-21 09:39:21','2025-01-21 09:39:21'),(92,'faq_schema_config','[[[{\"key\":\"question\",\"value\":\"What Shipping Methods Are Available?\"},{\"key\":\"answer\",\"value\":\"Ex Portland Pitchfork irure mustache. Eutra fap before they sold out literally. Aliquip ugh bicycle rights actually mlkshk, seitan squid craft beer tempor.\"}],[{\"key\":\"question\",\"value\":\"Do You Ship Internationally?\"},{\"key\":\"answer\",\"value\":\"Hoodie tote bag mixtape tofu. Typewriter jean shorts wolf quinoa, messenger bag organic freegan cray.\"}],[{\"key\":\"question\",\"value\":\"How Long Will It Take To Get My Package?\"},{\"key\":\"answer\",\"value\":\"Swag slow-carb quinoa VHS typewriter pork belly brunch, paleo single-origin coffee Wes Anderson. Flexitarian Pitchfork forage, literally paleo fap pour-over. Wes Anderson Pinterest YOLO fanny pack meggings, deep v XOXO chambray sustainable slow-carb raw denim church-key fap chillwave Etsy. +1 typewriter kitsch, American Apparel tofu Banksy Vice.\"}],[{\"key\":\"question\",\"value\":\"What Payment Methods Are Accepted?\"},{\"key\":\"answer\",\"value\":\"Fashion axe DIY jean shorts, swag kale chips meh polaroid kogi butcher Wes Anderson chambray next level semiotics gentrify yr. Voluptate photo booth fugiat Vice. Austin sed Williamsburg, ea labore raw denim voluptate cred proident mixtape excepteur mustache. Twee chia photo booth readymade food truck, hoodie roof party swag keytar PBR DIY.\"}],[{\"key\":\"question\",\"value\":\"Is Buying On-Line Safe?\"},{\"key\":\"answer\",\"value\":\"Art party authentic freegan semiotics jean shorts chia cred. Neutra Austin roof party Brooklyn, synth Thundercats swag 8-bit photo booth. Plaid letterpress leggings craft beer meh ethical Pinterest.\"}]]]',31,'Botble\\Ecommerce\\Models\\Product','2025-01-21 09:39:21','2025-01-21 09:39:21'),(93,'faq_schema_config','[[[{\"key\":\"question\",\"value\":\"What Shipping Methods Are Available?\"},{\"key\":\"answer\",\"value\":\"Ex Portland Pitchfork irure mustache. Eutra fap before they sold out literally. Aliquip ugh bicycle rights actually mlkshk, seitan squid craft beer tempor.\"}],[{\"key\":\"question\",\"value\":\"Do You Ship Internationally?\"},{\"key\":\"answer\",\"value\":\"Hoodie tote bag mixtape tofu. Typewriter jean shorts wolf quinoa, messenger bag organic freegan cray.\"}],[{\"key\":\"question\",\"value\":\"How Long Will It Take To Get My Package?\"},{\"key\":\"answer\",\"value\":\"Swag slow-carb quinoa VHS typewriter pork belly brunch, paleo single-origin coffee Wes Anderson. Flexitarian Pitchfork forage, literally paleo fap pour-over. Wes Anderson Pinterest YOLO fanny pack meggings, deep v XOXO chambray sustainable slow-carb raw denim church-key fap chillwave Etsy. +1 typewriter kitsch, American Apparel tofu Banksy Vice.\"}],[{\"key\":\"question\",\"value\":\"What Payment Methods Are Accepted?\"},{\"key\":\"answer\",\"value\":\"Fashion axe DIY jean shorts, swag kale chips meh polaroid kogi butcher Wes Anderson chambray next level semiotics gentrify yr. Voluptate photo booth fugiat Vice. Austin sed Williamsburg, ea labore raw denim voluptate cred proident mixtape excepteur mustache. Twee chia photo booth readymade food truck, hoodie roof party swag keytar PBR DIY.\"}],[{\"key\":\"question\",\"value\":\"Is Buying On-Line Safe?\"},{\"key\":\"answer\",\"value\":\"Art party authentic freegan semiotics jean shorts chia cred. Neutra Austin roof party Brooklyn, synth Thundercats swag 8-bit photo booth. Plaid letterpress leggings craft beer meh ethical Pinterest.\"}]]]',32,'Botble\\Ecommerce\\Models\\Product','2025-01-21 09:39:22','2025-01-21 09:39:22'),(94,'faq_schema_config','[[[{\"key\":\"question\",\"value\":\"What Shipping Methods Are Available?\"},{\"key\":\"answer\",\"value\":\"Ex Portland Pitchfork irure mustache. Eutra fap before they sold out literally. Aliquip ugh bicycle rights actually mlkshk, seitan squid craft beer tempor.\"}],[{\"key\":\"question\",\"value\":\"Do You Ship Internationally?\"},{\"key\":\"answer\",\"value\":\"Hoodie tote bag mixtape tofu. Typewriter jean shorts wolf quinoa, messenger bag organic freegan cray.\"}],[{\"key\":\"question\",\"value\":\"How Long Will It Take To Get My Package?\"},{\"key\":\"answer\",\"value\":\"Swag slow-carb quinoa VHS typewriter pork belly brunch, paleo single-origin coffee Wes Anderson. Flexitarian Pitchfork forage, literally paleo fap pour-over. Wes Anderson Pinterest YOLO fanny pack meggings, deep v XOXO chambray sustainable slow-carb raw denim church-key fap chillwave Etsy. +1 typewriter kitsch, American Apparel tofu Banksy Vice.\"}],[{\"key\":\"question\",\"value\":\"What Payment Methods Are Accepted?\"},{\"key\":\"answer\",\"value\":\"Fashion axe DIY jean shorts, swag kale chips meh polaroid kogi butcher Wes Anderson chambray next level semiotics gentrify yr. Voluptate photo booth fugiat Vice. Austin sed Williamsburg, ea labore raw denim voluptate cred proident mixtape excepteur mustache. Twee chia photo booth readymade food truck, hoodie roof party swag keytar PBR DIY.\"}],[{\"key\":\"question\",\"value\":\"Is Buying On-Line Safe?\"},{\"key\":\"answer\",\"value\":\"Art party authentic freegan semiotics jean shorts chia cred. Neutra Austin roof party Brooklyn, synth Thundercats swag 8-bit photo booth. Plaid letterpress leggings craft beer meh ethical Pinterest.\"}]]]',33,'Botble\\Ecommerce\\Models\\Product','2025-01-21 09:39:22','2025-01-21 09:39:22'),(95,'faq_schema_config','[[[{\"key\":\"question\",\"value\":\"What Shipping Methods Are Available?\"},{\"key\":\"answer\",\"value\":\"Ex Portland Pitchfork irure mustache. Eutra fap before they sold out literally. Aliquip ugh bicycle rights actually mlkshk, seitan squid craft beer tempor.\"}],[{\"key\":\"question\",\"value\":\"Do You Ship Internationally?\"},{\"key\":\"answer\",\"value\":\"Hoodie tote bag mixtape tofu. Typewriter jean shorts wolf quinoa, messenger bag organic freegan cray.\"}],[{\"key\":\"question\",\"value\":\"How Long Will It Take To Get My Package?\"},{\"key\":\"answer\",\"value\":\"Swag slow-carb quinoa VHS typewriter pork belly brunch, paleo single-origin coffee Wes Anderson. Flexitarian Pitchfork forage, literally paleo fap pour-over. Wes Anderson Pinterest YOLO fanny pack meggings, deep v XOXO chambray sustainable slow-carb raw denim church-key fap chillwave Etsy. +1 typewriter kitsch, American Apparel tofu Banksy Vice.\"}],[{\"key\":\"question\",\"value\":\"What Payment Methods Are Accepted?\"},{\"key\":\"answer\",\"value\":\"Fashion axe DIY jean shorts, swag kale chips meh polaroid kogi butcher Wes Anderson chambray next level semiotics gentrify yr. Voluptate photo booth fugiat Vice. Austin sed Williamsburg, ea labore raw denim voluptate cred proident mixtape excepteur mustache. Twee chia photo booth readymade food truck, hoodie roof party swag keytar PBR DIY.\"}],[{\"key\":\"question\",\"value\":\"Is Buying On-Line Safe?\"},{\"key\":\"answer\",\"value\":\"Art party authentic freegan semiotics jean shorts chia cred. Neutra Austin roof party Brooklyn, synth Thundercats swag 8-bit photo booth. Plaid letterpress leggings craft beer meh ethical Pinterest.\"}]]]',34,'Botble\\Ecommerce\\Models\\Product','2025-01-21 09:39:22','2025-01-21 09:39:22'),(96,'faq_schema_config','[[[{\"key\":\"question\",\"value\":\"What Shipping Methods Are Available?\"},{\"key\":\"answer\",\"value\":\"Ex Portland Pitchfork irure mustache. Eutra fap before they sold out literally. Aliquip ugh bicycle rights actually mlkshk, seitan squid craft beer tempor.\"}],[{\"key\":\"question\",\"value\":\"Do You Ship Internationally?\"},{\"key\":\"answer\",\"value\":\"Hoodie tote bag mixtape tofu. Typewriter jean shorts wolf quinoa, messenger bag organic freegan cray.\"}],[{\"key\":\"question\",\"value\":\"How Long Will It Take To Get My Package?\"},{\"key\":\"answer\",\"value\":\"Swag slow-carb quinoa VHS typewriter pork belly brunch, paleo single-origin coffee Wes Anderson. Flexitarian Pitchfork forage, literally paleo fap pour-over. Wes Anderson Pinterest YOLO fanny pack meggings, deep v XOXO chambray sustainable slow-carb raw denim church-key fap chillwave Etsy. +1 typewriter kitsch, American Apparel tofu Banksy Vice.\"}],[{\"key\":\"question\",\"value\":\"What Payment Methods Are Accepted?\"},{\"key\":\"answer\",\"value\":\"Fashion axe DIY jean shorts, swag kale chips meh polaroid kogi butcher Wes Anderson chambray next level semiotics gentrify yr. Voluptate photo booth fugiat Vice. Austin sed Williamsburg, ea labore raw denim voluptate cred proident mixtape excepteur mustache. Twee chia photo booth readymade food truck, hoodie roof party swag keytar PBR DIY.\"}],[{\"key\":\"question\",\"value\":\"Is Buying On-Line Safe?\"},{\"key\":\"answer\",\"value\":\"Art party authentic freegan semiotics jean shorts chia cred. Neutra Austin roof party Brooklyn, synth Thundercats swag 8-bit photo booth. Plaid letterpress leggings craft beer meh ethical Pinterest.\"}]]]',35,'Botble\\Ecommerce\\Models\\Product','2025-01-21 09:39:22','2025-01-21 09:39:22'),(97,'faq_schema_config','[[[{\"key\":\"question\",\"value\":\"What Shipping Methods Are Available?\"},{\"key\":\"answer\",\"value\":\"Ex Portland Pitchfork irure mustache. Eutra fap before they sold out literally. Aliquip ugh bicycle rights actually mlkshk, seitan squid craft beer tempor.\"}],[{\"key\":\"question\",\"value\":\"Do You Ship Internationally?\"},{\"key\":\"answer\",\"value\":\"Hoodie tote bag mixtape tofu. Typewriter jean shorts wolf quinoa, messenger bag organic freegan cray.\"}],[{\"key\":\"question\",\"value\":\"How Long Will It Take To Get My Package?\"},{\"key\":\"answer\",\"value\":\"Swag slow-carb quinoa VHS typewriter pork belly brunch, paleo single-origin coffee Wes Anderson. Flexitarian Pitchfork forage, literally paleo fap pour-over. Wes Anderson Pinterest YOLO fanny pack meggings, deep v XOXO chambray sustainable slow-carb raw denim church-key fap chillwave Etsy. +1 typewriter kitsch, American Apparel tofu Banksy Vice.\"}],[{\"key\":\"question\",\"value\":\"What Payment Methods Are Accepted?\"},{\"key\":\"answer\",\"value\":\"Fashion axe DIY jean shorts, swag kale chips meh polaroid kogi butcher Wes Anderson chambray next level semiotics gentrify yr. Voluptate photo booth fugiat Vice. Austin sed Williamsburg, ea labore raw denim voluptate cred proident mixtape excepteur mustache. Twee chia photo booth readymade food truck, hoodie roof party swag keytar PBR DIY.\"}],[{\"key\":\"question\",\"value\":\"Is Buying On-Line Safe?\"},{\"key\":\"answer\",\"value\":\"Art party authentic freegan semiotics jean shorts chia cred. Neutra Austin roof party Brooklyn, synth Thundercats swag 8-bit photo booth. Plaid letterpress leggings craft beer meh ethical Pinterest.\"}]]]',36,'Botble\\Ecommerce\\Models\\Product','2025-01-21 09:39:22','2025-01-21 09:39:22'),(98,'faq_schema_config','[[[{\"key\":\"question\",\"value\":\"What Shipping Methods Are Available?\"},{\"key\":\"answer\",\"value\":\"Ex Portland Pitchfork irure mustache. Eutra fap before they sold out literally. Aliquip ugh bicycle rights actually mlkshk, seitan squid craft beer tempor.\"}],[{\"key\":\"question\",\"value\":\"Do You Ship Internationally?\"},{\"key\":\"answer\",\"value\":\"Hoodie tote bag mixtape tofu. Typewriter jean shorts wolf quinoa, messenger bag organic freegan cray.\"}],[{\"key\":\"question\",\"value\":\"How Long Will It Take To Get My Package?\"},{\"key\":\"answer\",\"value\":\"Swag slow-carb quinoa VHS typewriter pork belly brunch, paleo single-origin coffee Wes Anderson. Flexitarian Pitchfork forage, literally paleo fap pour-over. Wes Anderson Pinterest YOLO fanny pack meggings, deep v XOXO chambray sustainable slow-carb raw denim church-key fap chillwave Etsy. +1 typewriter kitsch, American Apparel tofu Banksy Vice.\"}],[{\"key\":\"question\",\"value\":\"What Payment Methods Are Accepted?\"},{\"key\":\"answer\",\"value\":\"Fashion axe DIY jean shorts, swag kale chips meh polaroid kogi butcher Wes Anderson chambray next level semiotics gentrify yr. Voluptate photo booth fugiat Vice. Austin sed Williamsburg, ea labore raw denim voluptate cred proident mixtape excepteur mustache. Twee chia photo booth readymade food truck, hoodie roof party swag keytar PBR DIY.\"}],[{\"key\":\"question\",\"value\":\"Is Buying On-Line Safe?\"},{\"key\":\"answer\",\"value\":\"Art party authentic freegan semiotics jean shorts chia cred. Neutra Austin roof party Brooklyn, synth Thundercats swag 8-bit photo booth. Plaid letterpress leggings craft beer meh ethical Pinterest.\"}]]]',37,'Botble\\Ecommerce\\Models\\Product','2025-01-21 09:39:22','2025-01-21 09:39:22'),(99,'faq_schema_config','[[[{\"key\":\"question\",\"value\":\"What Shipping Methods Are Available?\"},{\"key\":\"answer\",\"value\":\"Ex Portland Pitchfork irure mustache. Eutra fap before they sold out literally. Aliquip ugh bicycle rights actually mlkshk, seitan squid craft beer tempor.\"}],[{\"key\":\"question\",\"value\":\"Do You Ship Internationally?\"},{\"key\":\"answer\",\"value\":\"Hoodie tote bag mixtape tofu. Typewriter jean shorts wolf quinoa, messenger bag organic freegan cray.\"}],[{\"key\":\"question\",\"value\":\"How Long Will It Take To Get My Package?\"},{\"key\":\"answer\",\"value\":\"Swag slow-carb quinoa VHS typewriter pork belly brunch, paleo single-origin coffee Wes Anderson. Flexitarian Pitchfork forage, literally paleo fap pour-over. Wes Anderson Pinterest YOLO fanny pack meggings, deep v XOXO chambray sustainable slow-carb raw denim church-key fap chillwave Etsy. +1 typewriter kitsch, American Apparel tofu Banksy Vice.\"}],[{\"key\":\"question\",\"value\":\"What Payment Methods Are Accepted?\"},{\"key\":\"answer\",\"value\":\"Fashion axe DIY jean shorts, swag kale chips meh polaroid kogi butcher Wes Anderson chambray next level semiotics gentrify yr. Voluptate photo booth fugiat Vice. Austin sed Williamsburg, ea labore raw denim voluptate cred proident mixtape excepteur mustache. Twee chia photo booth readymade food truck, hoodie roof party swag keytar PBR DIY.\"}],[{\"key\":\"question\",\"value\":\"Is Buying On-Line Safe?\"},{\"key\":\"answer\",\"value\":\"Art party authentic freegan semiotics jean shorts chia cred. Neutra Austin roof party Brooklyn, synth Thundercats swag 8-bit photo booth. Plaid letterpress leggings craft beer meh ethical Pinterest.\"}]]]',38,'Botble\\Ecommerce\\Models\\Product','2025-01-21 09:39:22','2025-01-21 09:39:22'),(100,'faq_schema_config','[[[{\"key\":\"question\",\"value\":\"What Shipping Methods Are Available?\"},{\"key\":\"answer\",\"value\":\"Ex Portland Pitchfork irure mustache. Eutra fap before they sold out literally. Aliquip ugh bicycle rights actually mlkshk, seitan squid craft beer tempor.\"}],[{\"key\":\"question\",\"value\":\"Do You Ship Internationally?\"},{\"key\":\"answer\",\"value\":\"Hoodie tote bag mixtape tofu. Typewriter jean shorts wolf quinoa, messenger bag organic freegan cray.\"}],[{\"key\":\"question\",\"value\":\"How Long Will It Take To Get My Package?\"},{\"key\":\"answer\",\"value\":\"Swag slow-carb quinoa VHS typewriter pork belly brunch, paleo single-origin coffee Wes Anderson. Flexitarian Pitchfork forage, literally paleo fap pour-over. Wes Anderson Pinterest YOLO fanny pack meggings, deep v XOXO chambray sustainable slow-carb raw denim church-key fap chillwave Etsy. +1 typewriter kitsch, American Apparel tofu Banksy Vice.\"}],[{\"key\":\"question\",\"value\":\"What Payment Methods Are Accepted?\"},{\"key\":\"answer\",\"value\":\"Fashion axe DIY jean shorts, swag kale chips meh polaroid kogi butcher Wes Anderson chambray next level semiotics gentrify yr. Voluptate photo booth fugiat Vice. Austin sed Williamsburg, ea labore raw denim voluptate cred proident mixtape excepteur mustache. Twee chia photo booth readymade food truck, hoodie roof party swag keytar PBR DIY.\"}],[{\"key\":\"question\",\"value\":\"Is Buying On-Line Safe?\"},{\"key\":\"answer\",\"value\":\"Art party authentic freegan semiotics jean shorts chia cred. Neutra Austin roof party Brooklyn, synth Thundercats swag 8-bit photo booth. Plaid letterpress leggings craft beer meh ethical Pinterest.\"}]]]',39,'Botble\\Ecommerce\\Models\\Product','2025-01-21 09:39:22','2025-01-21 09:39:22'),(101,'faq_schema_config','[[[{\"key\":\"question\",\"value\":\"What Shipping Methods Are Available?\"},{\"key\":\"answer\",\"value\":\"Ex Portland Pitchfork irure mustache. Eutra fap before they sold out literally. Aliquip ugh bicycle rights actually mlkshk, seitan squid craft beer tempor.\"}],[{\"key\":\"question\",\"value\":\"Do You Ship Internationally?\"},{\"key\":\"answer\",\"value\":\"Hoodie tote bag mixtape tofu. Typewriter jean shorts wolf quinoa, messenger bag organic freegan cray.\"}],[{\"key\":\"question\",\"value\":\"How Long Will It Take To Get My Package?\"},{\"key\":\"answer\",\"value\":\"Swag slow-carb quinoa VHS typewriter pork belly brunch, paleo single-origin coffee Wes Anderson. Flexitarian Pitchfork forage, literally paleo fap pour-over. Wes Anderson Pinterest YOLO fanny pack meggings, deep v XOXO chambray sustainable slow-carb raw denim church-key fap chillwave Etsy. +1 typewriter kitsch, American Apparel tofu Banksy Vice.\"}],[{\"key\":\"question\",\"value\":\"What Payment Methods Are Accepted?\"},{\"key\":\"answer\",\"value\":\"Fashion axe DIY jean shorts, swag kale chips meh polaroid kogi butcher Wes Anderson chambray next level semiotics gentrify yr. Voluptate photo booth fugiat Vice. Austin sed Williamsburg, ea labore raw denim voluptate cred proident mixtape excepteur mustache. Twee chia photo booth readymade food truck, hoodie roof party swag keytar PBR DIY.\"}],[{\"key\":\"question\",\"value\":\"Is Buying On-Line Safe?\"},{\"key\":\"answer\",\"value\":\"Art party authentic freegan semiotics jean shorts chia cred. Neutra Austin roof party Brooklyn, synth Thundercats swag 8-bit photo booth. Plaid letterpress leggings craft beer meh ethical Pinterest.\"}]]]',40,'Botble\\Ecommerce\\Models\\Product','2025-01-21 09:39:22','2025-01-21 09:39:22'),(102,'faq_schema_config','[[[{\"key\":\"question\",\"value\":\"What Shipping Methods Are Available?\"},{\"key\":\"answer\",\"value\":\"Ex Portland Pitchfork irure mustache. Eutra fap before they sold out literally. Aliquip ugh bicycle rights actually mlkshk, seitan squid craft beer tempor.\"}],[{\"key\":\"question\",\"value\":\"Do You Ship Internationally?\"},{\"key\":\"answer\",\"value\":\"Hoodie tote bag mixtape tofu. Typewriter jean shorts wolf quinoa, messenger bag organic freegan cray.\"}],[{\"key\":\"question\",\"value\":\"How Long Will It Take To Get My Package?\"},{\"key\":\"answer\",\"value\":\"Swag slow-carb quinoa VHS typewriter pork belly brunch, paleo single-origin coffee Wes Anderson. Flexitarian Pitchfork forage, literally paleo fap pour-over. Wes Anderson Pinterest YOLO fanny pack meggings, deep v XOXO chambray sustainable slow-carb raw denim church-key fap chillwave Etsy. +1 typewriter kitsch, American Apparel tofu Banksy Vice.\"}],[{\"key\":\"question\",\"value\":\"What Payment Methods Are Accepted?\"},{\"key\":\"answer\",\"value\":\"Fashion axe DIY jean shorts, swag kale chips meh polaroid kogi butcher Wes Anderson chambray next level semiotics gentrify yr. Voluptate photo booth fugiat Vice. Austin sed Williamsburg, ea labore raw denim voluptate cred proident mixtape excepteur mustache. Twee chia photo booth readymade food truck, hoodie roof party swag keytar PBR DIY.\"}],[{\"key\":\"question\",\"value\":\"Is Buying On-Line Safe?\"},{\"key\":\"answer\",\"value\":\"Art party authentic freegan semiotics jean shorts chia cred. Neutra Austin roof party Brooklyn, synth Thundercats swag 8-bit photo booth. Plaid letterpress leggings craft beer meh ethical Pinterest.\"}]]]',41,'Botble\\Ecommerce\\Models\\Product','2025-01-21 09:39:22','2025-01-21 09:39:22'),(103,'faq_schema_config','[[[{\"key\":\"question\",\"value\":\"What Shipping Methods Are Available?\"},{\"key\":\"answer\",\"value\":\"Ex Portland Pitchfork irure mustache. Eutra fap before they sold out literally. Aliquip ugh bicycle rights actually mlkshk, seitan squid craft beer tempor.\"}],[{\"key\":\"question\",\"value\":\"Do You Ship Internationally?\"},{\"key\":\"answer\",\"value\":\"Hoodie tote bag mixtape tofu. Typewriter jean shorts wolf quinoa, messenger bag organic freegan cray.\"}],[{\"key\":\"question\",\"value\":\"How Long Will It Take To Get My Package?\"},{\"key\":\"answer\",\"value\":\"Swag slow-carb quinoa VHS typewriter pork belly brunch, paleo single-origin coffee Wes Anderson. Flexitarian Pitchfork forage, literally paleo fap pour-over. Wes Anderson Pinterest YOLO fanny pack meggings, deep v XOXO chambray sustainable slow-carb raw denim church-key fap chillwave Etsy. +1 typewriter kitsch, American Apparel tofu Banksy Vice.\"}],[{\"key\":\"question\",\"value\":\"What Payment Methods Are Accepted?\"},{\"key\":\"answer\",\"value\":\"Fashion axe DIY jean shorts, swag kale chips meh polaroid kogi butcher Wes Anderson chambray next level semiotics gentrify yr. Voluptate photo booth fugiat Vice. Austin sed Williamsburg, ea labore raw denim voluptate cred proident mixtape excepteur mustache. Twee chia photo booth readymade food truck, hoodie roof party swag keytar PBR DIY.\"}],[{\"key\":\"question\",\"value\":\"Is Buying On-Line Safe?\"},{\"key\":\"answer\",\"value\":\"Art party authentic freegan semiotics jean shorts chia cred. Neutra Austin roof party Brooklyn, synth Thundercats swag 8-bit photo booth. Plaid letterpress leggings craft beer meh ethical Pinterest.\"}]]]',42,'Botble\\Ecommerce\\Models\\Product','2025-01-21 09:39:22','2025-01-21 09:39:22'),(104,'faq_schema_config','[[[{\"key\":\"question\",\"value\":\"What Shipping Methods Are Available?\"},{\"key\":\"answer\",\"value\":\"Ex Portland Pitchfork irure mustache. Eutra fap before they sold out literally. Aliquip ugh bicycle rights actually mlkshk, seitan squid craft beer tempor.\"}],[{\"key\":\"question\",\"value\":\"Do You Ship Internationally?\"},{\"key\":\"answer\",\"value\":\"Hoodie tote bag mixtape tofu. Typewriter jean shorts wolf quinoa, messenger bag organic freegan cray.\"}],[{\"key\":\"question\",\"value\":\"How Long Will It Take To Get My Package?\"},{\"key\":\"answer\",\"value\":\"Swag slow-carb quinoa VHS typewriter pork belly brunch, paleo single-origin coffee Wes Anderson. Flexitarian Pitchfork forage, literally paleo fap pour-over. Wes Anderson Pinterest YOLO fanny pack meggings, deep v XOXO chambray sustainable slow-carb raw denim church-key fap chillwave Etsy. +1 typewriter kitsch, American Apparel tofu Banksy Vice.\"}],[{\"key\":\"question\",\"value\":\"What Payment Methods Are Accepted?\"},{\"key\":\"answer\",\"value\":\"Fashion axe DIY jean shorts, swag kale chips meh polaroid kogi butcher Wes Anderson chambray next level semiotics gentrify yr. Voluptate photo booth fugiat Vice. Austin sed Williamsburg, ea labore raw denim voluptate cred proident mixtape excepteur mustache. Twee chia photo booth readymade food truck, hoodie roof party swag keytar PBR DIY.\"}],[{\"key\":\"question\",\"value\":\"Is Buying On-Line Safe?\"},{\"key\":\"answer\",\"value\":\"Art party authentic freegan semiotics jean shorts chia cred. Neutra Austin roof party Brooklyn, synth Thundercats swag 8-bit photo booth. Plaid letterpress leggings craft beer meh ethical Pinterest.\"}]]]',43,'Botble\\Ecommerce\\Models\\Product','2025-01-21 09:39:22','2025-01-21 09:39:22'),(105,'faq_schema_config','[[[{\"key\":\"question\",\"value\":\"What Shipping Methods Are Available?\"},{\"key\":\"answer\",\"value\":\"Ex Portland Pitchfork irure mustache. Eutra fap before they sold out literally. Aliquip ugh bicycle rights actually mlkshk, seitan squid craft beer tempor.\"}],[{\"key\":\"question\",\"value\":\"Do You Ship Internationally?\"},{\"key\":\"answer\",\"value\":\"Hoodie tote bag mixtape tofu. Typewriter jean shorts wolf quinoa, messenger bag organic freegan cray.\"}],[{\"key\":\"question\",\"value\":\"How Long Will It Take To Get My Package?\"},{\"key\":\"answer\",\"value\":\"Swag slow-carb quinoa VHS typewriter pork belly brunch, paleo single-origin coffee Wes Anderson. Flexitarian Pitchfork forage, literally paleo fap pour-over. Wes Anderson Pinterest YOLO fanny pack meggings, deep v XOXO chambray sustainable slow-carb raw denim church-key fap chillwave Etsy. +1 typewriter kitsch, American Apparel tofu Banksy Vice.\"}],[{\"key\":\"question\",\"value\":\"What Payment Methods Are Accepted?\"},{\"key\":\"answer\",\"value\":\"Fashion axe DIY jean shorts, swag kale chips meh polaroid kogi butcher Wes Anderson chambray next level semiotics gentrify yr. Voluptate photo booth fugiat Vice. Austin sed Williamsburg, ea labore raw denim voluptate cred proident mixtape excepteur mustache. Twee chia photo booth readymade food truck, hoodie roof party swag keytar PBR DIY.\"}],[{\"key\":\"question\",\"value\":\"Is Buying On-Line Safe?\"},{\"key\":\"answer\",\"value\":\"Art party authentic freegan semiotics jean shorts chia cred. Neutra Austin roof party Brooklyn, synth Thundercats swag 8-bit photo booth. Plaid letterpress leggings craft beer meh ethical Pinterest.\"}]]]',44,'Botble\\Ecommerce\\Models\\Product','2025-01-21 09:39:22','2025-01-21 09:39:22'),(106,'faq_schema_config','[[[{\"key\":\"question\",\"value\":\"What Shipping Methods Are Available?\"},{\"key\":\"answer\",\"value\":\"Ex Portland Pitchfork irure mustache. Eutra fap before they sold out literally. Aliquip ugh bicycle rights actually mlkshk, seitan squid craft beer tempor.\"}],[{\"key\":\"question\",\"value\":\"Do You Ship Internationally?\"},{\"key\":\"answer\",\"value\":\"Hoodie tote bag mixtape tofu. Typewriter jean shorts wolf quinoa, messenger bag organic freegan cray.\"}],[{\"key\":\"question\",\"value\":\"How Long Will It Take To Get My Package?\"},{\"key\":\"answer\",\"value\":\"Swag slow-carb quinoa VHS typewriter pork belly brunch, paleo single-origin coffee Wes Anderson. Flexitarian Pitchfork forage, literally paleo fap pour-over. Wes Anderson Pinterest YOLO fanny pack meggings, deep v XOXO chambray sustainable slow-carb raw denim church-key fap chillwave Etsy. +1 typewriter kitsch, American Apparel tofu Banksy Vice.\"}],[{\"key\":\"question\",\"value\":\"What Payment Methods Are Accepted?\"},{\"key\":\"answer\",\"value\":\"Fashion axe DIY jean shorts, swag kale chips meh polaroid kogi butcher Wes Anderson chambray next level semiotics gentrify yr. Voluptate photo booth fugiat Vice. Austin sed Williamsburg, ea labore raw denim voluptate cred proident mixtape excepteur mustache. Twee chia photo booth readymade food truck, hoodie roof party swag keytar PBR DIY.\"}],[{\"key\":\"question\",\"value\":\"Is Buying On-Line Safe?\"},{\"key\":\"answer\",\"value\":\"Art party authentic freegan semiotics jean shorts chia cred. Neutra Austin roof party Brooklyn, synth Thundercats swag 8-bit photo booth. Plaid letterpress leggings craft beer meh ethical Pinterest.\"}]]]',45,'Botble\\Ecommerce\\Models\\Product','2025-01-21 09:39:22','2025-01-21 09:39:22'),(107,'faq_schema_config','[[[{\"key\":\"question\",\"value\":\"What Shipping Methods Are Available?\"},{\"key\":\"answer\",\"value\":\"Ex Portland Pitchfork irure mustache. Eutra fap before they sold out literally. Aliquip ugh bicycle rights actually mlkshk, seitan squid craft beer tempor.\"}],[{\"key\":\"question\",\"value\":\"Do You Ship Internationally?\"},{\"key\":\"answer\",\"value\":\"Hoodie tote bag mixtape tofu. Typewriter jean shorts wolf quinoa, messenger bag organic freegan cray.\"}],[{\"key\":\"question\",\"value\":\"How Long Will It Take To Get My Package?\"},{\"key\":\"answer\",\"value\":\"Swag slow-carb quinoa VHS typewriter pork belly brunch, paleo single-origin coffee Wes Anderson. Flexitarian Pitchfork forage, literally paleo fap pour-over. Wes Anderson Pinterest YOLO fanny pack meggings, deep v XOXO chambray sustainable slow-carb raw denim church-key fap chillwave Etsy. +1 typewriter kitsch, American Apparel tofu Banksy Vice.\"}],[{\"key\":\"question\",\"value\":\"What Payment Methods Are Accepted?\"},{\"key\":\"answer\",\"value\":\"Fashion axe DIY jean shorts, swag kale chips meh polaroid kogi butcher Wes Anderson chambray next level semiotics gentrify yr. Voluptate photo booth fugiat Vice. Austin sed Williamsburg, ea labore raw denim voluptate cred proident mixtape excepteur mustache. Twee chia photo booth readymade food truck, hoodie roof party swag keytar PBR DIY.\"}],[{\"key\":\"question\",\"value\":\"Is Buying On-Line Safe?\"},{\"key\":\"answer\",\"value\":\"Art party authentic freegan semiotics jean shorts chia cred. Neutra Austin roof party Brooklyn, synth Thundercats swag 8-bit photo booth. Plaid letterpress leggings craft beer meh ethical Pinterest.\"}]]]',46,'Botble\\Ecommerce\\Models\\Product','2025-01-21 09:39:22','2025-01-21 09:39:22'),(108,'faq_schema_config','[[[{\"key\":\"question\",\"value\":\"What Shipping Methods Are Available?\"},{\"key\":\"answer\",\"value\":\"Ex Portland Pitchfork irure mustache. Eutra fap before they sold out literally. Aliquip ugh bicycle rights actually mlkshk, seitan squid craft beer tempor.\"}],[{\"key\":\"question\",\"value\":\"Do You Ship Internationally?\"},{\"key\":\"answer\",\"value\":\"Hoodie tote bag mixtape tofu. Typewriter jean shorts wolf quinoa, messenger bag organic freegan cray.\"}],[{\"key\":\"question\",\"value\":\"How Long Will It Take To Get My Package?\"},{\"key\":\"answer\",\"value\":\"Swag slow-carb quinoa VHS typewriter pork belly brunch, paleo single-origin coffee Wes Anderson. Flexitarian Pitchfork forage, literally paleo fap pour-over. Wes Anderson Pinterest YOLO fanny pack meggings, deep v XOXO chambray sustainable slow-carb raw denim church-key fap chillwave Etsy. +1 typewriter kitsch, American Apparel tofu Banksy Vice.\"}],[{\"key\":\"question\",\"value\":\"What Payment Methods Are Accepted?\"},{\"key\":\"answer\",\"value\":\"Fashion axe DIY jean shorts, swag kale chips meh polaroid kogi butcher Wes Anderson chambray next level semiotics gentrify yr. Voluptate photo booth fugiat Vice. Austin sed Williamsburg, ea labore raw denim voluptate cred proident mixtape excepteur mustache. Twee chia photo booth readymade food truck, hoodie roof party swag keytar PBR DIY.\"}],[{\"key\":\"question\",\"value\":\"Is Buying On-Line Safe?\"},{\"key\":\"answer\",\"value\":\"Art party authentic freegan semiotics jean shorts chia cred. Neutra Austin roof party Brooklyn, synth Thundercats swag 8-bit photo booth. Plaid letterpress leggings craft beer meh ethical Pinterest.\"}]]]',47,'Botble\\Ecommerce\\Models\\Product','2025-01-21 09:39:22','2025-01-21 09:39:22'),(109,'faq_schema_config','[[[{\"key\":\"question\",\"value\":\"What Shipping Methods Are Available?\"},{\"key\":\"answer\",\"value\":\"Ex Portland Pitchfork irure mustache. Eutra fap before they sold out literally. Aliquip ugh bicycle rights actually mlkshk, seitan squid craft beer tempor.\"}],[{\"key\":\"question\",\"value\":\"Do You Ship Internationally?\"},{\"key\":\"answer\",\"value\":\"Hoodie tote bag mixtape tofu. Typewriter jean shorts wolf quinoa, messenger bag organic freegan cray.\"}],[{\"key\":\"question\",\"value\":\"How Long Will It Take To Get My Package?\"},{\"key\":\"answer\",\"value\":\"Swag slow-carb quinoa VHS typewriter pork belly brunch, paleo single-origin coffee Wes Anderson. Flexitarian Pitchfork forage, literally paleo fap pour-over. Wes Anderson Pinterest YOLO fanny pack meggings, deep v XOXO chambray sustainable slow-carb raw denim church-key fap chillwave Etsy. +1 typewriter kitsch, American Apparel tofu Banksy Vice.\"}],[{\"key\":\"question\",\"value\":\"What Payment Methods Are Accepted?\"},{\"key\":\"answer\",\"value\":\"Fashion axe DIY jean shorts, swag kale chips meh polaroid kogi butcher Wes Anderson chambray next level semiotics gentrify yr. Voluptate photo booth fugiat Vice. Austin sed Williamsburg, ea labore raw denim voluptate cred proident mixtape excepteur mustache. Twee chia photo booth readymade food truck, hoodie roof party swag keytar PBR DIY.\"}],[{\"key\":\"question\",\"value\":\"Is Buying On-Line Safe?\"},{\"key\":\"answer\",\"value\":\"Art party authentic freegan semiotics jean shorts chia cred. Neutra Austin roof party Brooklyn, synth Thundercats swag 8-bit photo booth. Plaid letterpress leggings craft beer meh ethical Pinterest.\"}]]]',48,'Botble\\Ecommerce\\Models\\Product','2025-01-21 09:39:22','2025-01-21 09:39:22'),(110,'faq_schema_config','[[[{\"key\":\"question\",\"value\":\"What Shipping Methods Are Available?\"},{\"key\":\"answer\",\"value\":\"Ex Portland Pitchfork irure mustache. Eutra fap before they sold out literally. Aliquip ugh bicycle rights actually mlkshk, seitan squid craft beer tempor.\"}],[{\"key\":\"question\",\"value\":\"Do You Ship Internationally?\"},{\"key\":\"answer\",\"value\":\"Hoodie tote bag mixtape tofu. Typewriter jean shorts wolf quinoa, messenger bag organic freegan cray.\"}],[{\"key\":\"question\",\"value\":\"How Long Will It Take To Get My Package?\"},{\"key\":\"answer\",\"value\":\"Swag slow-carb quinoa VHS typewriter pork belly brunch, paleo single-origin coffee Wes Anderson. Flexitarian Pitchfork forage, literally paleo fap pour-over. Wes Anderson Pinterest YOLO fanny pack meggings, deep v XOXO chambray sustainable slow-carb raw denim church-key fap chillwave Etsy. +1 typewriter kitsch, American Apparel tofu Banksy Vice.\"}],[{\"key\":\"question\",\"value\":\"What Payment Methods Are Accepted?\"},{\"key\":\"answer\",\"value\":\"Fashion axe DIY jean shorts, swag kale chips meh polaroid kogi butcher Wes Anderson chambray next level semiotics gentrify yr. Voluptate photo booth fugiat Vice. Austin sed Williamsburg, ea labore raw denim voluptate cred proident mixtape excepteur mustache. Twee chia photo booth readymade food truck, hoodie roof party swag keytar PBR DIY.\"}],[{\"key\":\"question\",\"value\":\"Is Buying On-Line Safe?\"},{\"key\":\"answer\",\"value\":\"Art party authentic freegan semiotics jean shorts chia cred. Neutra Austin roof party Brooklyn, synth Thundercats swag 8-bit photo booth. Plaid letterpress leggings craft beer meh ethical Pinterest.\"}]]]',49,'Botble\\Ecommerce\\Models\\Product','2025-01-21 09:39:22','2025-01-21 09:39:22'),(111,'faq_schema_config','[[[{\"key\":\"question\",\"value\":\"What Shipping Methods Are Available?\"},{\"key\":\"answer\",\"value\":\"Ex Portland Pitchfork irure mustache. Eutra fap before they sold out literally. Aliquip ugh bicycle rights actually mlkshk, seitan squid craft beer tempor.\"}],[{\"key\":\"question\",\"value\":\"Do You Ship Internationally?\"},{\"key\":\"answer\",\"value\":\"Hoodie tote bag mixtape tofu. Typewriter jean shorts wolf quinoa, messenger bag organic freegan cray.\"}],[{\"key\":\"question\",\"value\":\"How Long Will It Take To Get My Package?\"},{\"key\":\"answer\",\"value\":\"Swag slow-carb quinoa VHS typewriter pork belly brunch, paleo single-origin coffee Wes Anderson. Flexitarian Pitchfork forage, literally paleo fap pour-over. Wes Anderson Pinterest YOLO fanny pack meggings, deep v XOXO chambray sustainable slow-carb raw denim church-key fap chillwave Etsy. +1 typewriter kitsch, American Apparel tofu Banksy Vice.\"}],[{\"key\":\"question\",\"value\":\"What Payment Methods Are Accepted?\"},{\"key\":\"answer\",\"value\":\"Fashion axe DIY jean shorts, swag kale chips meh polaroid kogi butcher Wes Anderson chambray next level semiotics gentrify yr. Voluptate photo booth fugiat Vice. Austin sed Williamsburg, ea labore raw denim voluptate cred proident mixtape excepteur mustache. Twee chia photo booth readymade food truck, hoodie roof party swag keytar PBR DIY.\"}],[{\"key\":\"question\",\"value\":\"Is Buying On-Line Safe?\"},{\"key\":\"answer\",\"value\":\"Art party authentic freegan semiotics jean shorts chia cred. Neutra Austin roof party Brooklyn, synth Thundercats swag 8-bit photo booth. Plaid letterpress leggings craft beer meh ethical Pinterest.\"}]]]',50,'Botble\\Ecommerce\\Models\\Product','2025-01-21 09:39:22','2025-01-21 09:39:22'),(112,'faq_schema_config','[[[{\"key\":\"question\",\"value\":\"What Shipping Methods Are Available?\"},{\"key\":\"answer\",\"value\":\"Ex Portland Pitchfork irure mustache. Eutra fap before they sold out literally. Aliquip ugh bicycle rights actually mlkshk, seitan squid craft beer tempor.\"}],[{\"key\":\"question\",\"value\":\"Do You Ship Internationally?\"},{\"key\":\"answer\",\"value\":\"Hoodie tote bag mixtape tofu. Typewriter jean shorts wolf quinoa, messenger bag organic freegan cray.\"}],[{\"key\":\"question\",\"value\":\"How Long Will It Take To Get My Package?\"},{\"key\":\"answer\",\"value\":\"Swag slow-carb quinoa VHS typewriter pork belly brunch, paleo single-origin coffee Wes Anderson. Flexitarian Pitchfork forage, literally paleo fap pour-over. Wes Anderson Pinterest YOLO fanny pack meggings, deep v XOXO chambray sustainable slow-carb raw denim church-key fap chillwave Etsy. +1 typewriter kitsch, American Apparel tofu Banksy Vice.\"}],[{\"key\":\"question\",\"value\":\"What Payment Methods Are Accepted?\"},{\"key\":\"answer\",\"value\":\"Fashion axe DIY jean shorts, swag kale chips meh polaroid kogi butcher Wes Anderson chambray next level semiotics gentrify yr. Voluptate photo booth fugiat Vice. Austin sed Williamsburg, ea labore raw denim voluptate cred proident mixtape excepteur mustache. Twee chia photo booth readymade food truck, hoodie roof party swag keytar PBR DIY.\"}],[{\"key\":\"question\",\"value\":\"Is Buying On-Line Safe?\"},{\"key\":\"answer\",\"value\":\"Art party authentic freegan semiotics jean shorts chia cred. Neutra Austin roof party Brooklyn, synth Thundercats swag 8-bit photo booth. Plaid letterpress leggings craft beer meh ethical Pinterest.\"}]]]',51,'Botble\\Ecommerce\\Models\\Product','2025-01-21 09:39:22','2025-01-21 09:39:22'),(113,'faq_schema_config','[[[{\"key\":\"question\",\"value\":\"What Shipping Methods Are Available?\"},{\"key\":\"answer\",\"value\":\"Ex Portland Pitchfork irure mustache. Eutra fap before they sold out literally. Aliquip ugh bicycle rights actually mlkshk, seitan squid craft beer tempor.\"}],[{\"key\":\"question\",\"value\":\"Do You Ship Internationally?\"},{\"key\":\"answer\",\"value\":\"Hoodie tote bag mixtape tofu. Typewriter jean shorts wolf quinoa, messenger bag organic freegan cray.\"}],[{\"key\":\"question\",\"value\":\"How Long Will It Take To Get My Package?\"},{\"key\":\"answer\",\"value\":\"Swag slow-carb quinoa VHS typewriter pork belly brunch, paleo single-origin coffee Wes Anderson. Flexitarian Pitchfork forage, literally paleo fap pour-over. Wes Anderson Pinterest YOLO fanny pack meggings, deep v XOXO chambray sustainable slow-carb raw denim church-key fap chillwave Etsy. +1 typewriter kitsch, American Apparel tofu Banksy Vice.\"}],[{\"key\":\"question\",\"value\":\"What Payment Methods Are Accepted?\"},{\"key\":\"answer\",\"value\":\"Fashion axe DIY jean shorts, swag kale chips meh polaroid kogi butcher Wes Anderson chambray next level semiotics gentrify yr. Voluptate photo booth fugiat Vice. Austin sed Williamsburg, ea labore raw denim voluptate cred proident mixtape excepteur mustache. Twee chia photo booth readymade food truck, hoodie roof party swag keytar PBR DIY.\"}],[{\"key\":\"question\",\"value\":\"Is Buying On-Line Safe?\"},{\"key\":\"answer\",\"value\":\"Art party authentic freegan semiotics jean shorts chia cred. Neutra Austin roof party Brooklyn, synth Thundercats swag 8-bit photo booth. Plaid letterpress leggings craft beer meh ethical Pinterest.\"}]]]',52,'Botble\\Ecommerce\\Models\\Product','2025-01-21 09:39:22','2025-01-21 09:39:22'),(114,'faq_schema_config','[[[{\"key\":\"question\",\"value\":\"What Shipping Methods Are Available?\"},{\"key\":\"answer\",\"value\":\"Ex Portland Pitchfork irure mustache. Eutra fap before they sold out literally. Aliquip ugh bicycle rights actually mlkshk, seitan squid craft beer tempor.\"}],[{\"key\":\"question\",\"value\":\"Do You Ship Internationally?\"},{\"key\":\"answer\",\"value\":\"Hoodie tote bag mixtape tofu. Typewriter jean shorts wolf quinoa, messenger bag organic freegan cray.\"}],[{\"key\":\"question\",\"value\":\"How Long Will It Take To Get My Package?\"},{\"key\":\"answer\",\"value\":\"Swag slow-carb quinoa VHS typewriter pork belly brunch, paleo single-origin coffee Wes Anderson. Flexitarian Pitchfork forage, literally paleo fap pour-over. Wes Anderson Pinterest YOLO fanny pack meggings, deep v XOXO chambray sustainable slow-carb raw denim church-key fap chillwave Etsy. +1 typewriter kitsch, American Apparel tofu Banksy Vice.\"}],[{\"key\":\"question\",\"value\":\"What Payment Methods Are Accepted?\"},{\"key\":\"answer\",\"value\":\"Fashion axe DIY jean shorts, swag kale chips meh polaroid kogi butcher Wes Anderson chambray next level semiotics gentrify yr. Voluptate photo booth fugiat Vice. Austin sed Williamsburg, ea labore raw denim voluptate cred proident mixtape excepteur mustache. Twee chia photo booth readymade food truck, hoodie roof party swag keytar PBR DIY.\"}],[{\"key\":\"question\",\"value\":\"Is Buying On-Line Safe?\"},{\"key\":\"answer\",\"value\":\"Art party authentic freegan semiotics jean shorts chia cred. Neutra Austin roof party Brooklyn, synth Thundercats swag 8-bit photo booth. Plaid letterpress leggings craft beer meh ethical Pinterest.\"}]]]',53,'Botble\\Ecommerce\\Models\\Product','2025-01-21 09:39:22','2025-01-21 09:39:22'),(115,'faq_schema_config','[[[{\"key\":\"question\",\"value\":\"What Shipping Methods Are Available?\"},{\"key\":\"answer\",\"value\":\"Ex Portland Pitchfork irure mustache. Eutra fap before they sold out literally. Aliquip ugh bicycle rights actually mlkshk, seitan squid craft beer tempor.\"}],[{\"key\":\"question\",\"value\":\"Do You Ship Internationally?\"},{\"key\":\"answer\",\"value\":\"Hoodie tote bag mixtape tofu. Typewriter jean shorts wolf quinoa, messenger bag organic freegan cray.\"}],[{\"key\":\"question\",\"value\":\"How Long Will It Take To Get My Package?\"},{\"key\":\"answer\",\"value\":\"Swag slow-carb quinoa VHS typewriter pork belly brunch, paleo single-origin coffee Wes Anderson. Flexitarian Pitchfork forage, literally paleo fap pour-over. Wes Anderson Pinterest YOLO fanny pack meggings, deep v XOXO chambray sustainable slow-carb raw denim church-key fap chillwave Etsy. +1 typewriter kitsch, American Apparel tofu Banksy Vice.\"}],[{\"key\":\"question\",\"value\":\"What Payment Methods Are Accepted?\"},{\"key\":\"answer\",\"value\":\"Fashion axe DIY jean shorts, swag kale chips meh polaroid kogi butcher Wes Anderson chambray next level semiotics gentrify yr. Voluptate photo booth fugiat Vice. Austin sed Williamsburg, ea labore raw denim voluptate cred proident mixtape excepteur mustache. Twee chia photo booth readymade food truck, hoodie roof party swag keytar PBR DIY.\"}],[{\"key\":\"question\",\"value\":\"Is Buying On-Line Safe?\"},{\"key\":\"answer\",\"value\":\"Art party authentic freegan semiotics jean shorts chia cred. Neutra Austin roof party Brooklyn, synth Thundercats swag 8-bit photo booth. Plaid letterpress leggings craft beer meh ethical Pinterest.\"}]]]',54,'Botble\\Ecommerce\\Models\\Product','2025-01-21 09:39:22','2025-01-21 09:39:22'),(116,'faq_schema_config','[[[{\"key\":\"question\",\"value\":\"What Shipping Methods Are Available?\"},{\"key\":\"answer\",\"value\":\"Ex Portland Pitchfork irure mustache. Eutra fap before they sold out literally. Aliquip ugh bicycle rights actually mlkshk, seitan squid craft beer tempor.\"}],[{\"key\":\"question\",\"value\":\"Do You Ship Internationally?\"},{\"key\":\"answer\",\"value\":\"Hoodie tote bag mixtape tofu. Typewriter jean shorts wolf quinoa, messenger bag organic freegan cray.\"}],[{\"key\":\"question\",\"value\":\"How Long Will It Take To Get My Package?\"},{\"key\":\"answer\",\"value\":\"Swag slow-carb quinoa VHS typewriter pork belly brunch, paleo single-origin coffee Wes Anderson. Flexitarian Pitchfork forage, literally paleo fap pour-over. Wes Anderson Pinterest YOLO fanny pack meggings, deep v XOXO chambray sustainable slow-carb raw denim church-key fap chillwave Etsy. +1 typewriter kitsch, American Apparel tofu Banksy Vice.\"}],[{\"key\":\"question\",\"value\":\"What Payment Methods Are Accepted?\"},{\"key\":\"answer\",\"value\":\"Fashion axe DIY jean shorts, swag kale chips meh polaroid kogi butcher Wes Anderson chambray next level semiotics gentrify yr. Voluptate photo booth fugiat Vice. Austin sed Williamsburg, ea labore raw denim voluptate cred proident mixtape excepteur mustache. Twee chia photo booth readymade food truck, hoodie roof party swag keytar PBR DIY.\"}],[{\"key\":\"question\",\"value\":\"Is Buying On-Line Safe?\"},{\"key\":\"answer\",\"value\":\"Art party authentic freegan semiotics jean shorts chia cred. Neutra Austin roof party Brooklyn, synth Thundercats swag 8-bit photo booth. Plaid letterpress leggings craft beer meh ethical Pinterest.\"}]]]',55,'Botble\\Ecommerce\\Models\\Product','2025-01-21 09:39:22','2025-01-21 09:39:22'),(117,'faq_schema_config','[[[{\"key\":\"question\",\"value\":\"What Shipping Methods Are Available?\"},{\"key\":\"answer\",\"value\":\"Ex Portland Pitchfork irure mustache. Eutra fap before they sold out literally. Aliquip ugh bicycle rights actually mlkshk, seitan squid craft beer tempor.\"}],[{\"key\":\"question\",\"value\":\"Do You Ship Internationally?\"},{\"key\":\"answer\",\"value\":\"Hoodie tote bag mixtape tofu. Typewriter jean shorts wolf quinoa, messenger bag organic freegan cray.\"}],[{\"key\":\"question\",\"value\":\"How Long Will It Take To Get My Package?\"},{\"key\":\"answer\",\"value\":\"Swag slow-carb quinoa VHS typewriter pork belly brunch, paleo single-origin coffee Wes Anderson. Flexitarian Pitchfork forage, literally paleo fap pour-over. Wes Anderson Pinterest YOLO fanny pack meggings, deep v XOXO chambray sustainable slow-carb raw denim church-key fap chillwave Etsy. +1 typewriter kitsch, American Apparel tofu Banksy Vice.\"}],[{\"key\":\"question\",\"value\":\"What Payment Methods Are Accepted?\"},{\"key\":\"answer\",\"value\":\"Fashion axe DIY jean shorts, swag kale chips meh polaroid kogi butcher Wes Anderson chambray next level semiotics gentrify yr. Voluptate photo booth fugiat Vice. Austin sed Williamsburg, ea labore raw denim voluptate cred proident mixtape excepteur mustache. Twee chia photo booth readymade food truck, hoodie roof party swag keytar PBR DIY.\"}],[{\"key\":\"question\",\"value\":\"Is Buying On-Line Safe?\"},{\"key\":\"answer\",\"value\":\"Art party authentic freegan semiotics jean shorts chia cred. Neutra Austin roof party Brooklyn, synth Thundercats swag 8-bit photo booth. Plaid letterpress leggings craft beer meh ethical Pinterest.\"}]]]',56,'Botble\\Ecommerce\\Models\\Product','2025-01-21 09:39:22','2025-01-21 09:39:22'),(118,'faq_schema_config','[[[{\"key\":\"question\",\"value\":\"What Shipping Methods Are Available?\"},{\"key\":\"answer\",\"value\":\"Ex Portland Pitchfork irure mustache. Eutra fap before they sold out literally. Aliquip ugh bicycle rights actually mlkshk, seitan squid craft beer tempor.\"}],[{\"key\":\"question\",\"value\":\"Do You Ship Internationally?\"},{\"key\":\"answer\",\"value\":\"Hoodie tote bag mixtape tofu. Typewriter jean shorts wolf quinoa, messenger bag organic freegan cray.\"}],[{\"key\":\"question\",\"value\":\"How Long Will It Take To Get My Package?\"},{\"key\":\"answer\",\"value\":\"Swag slow-carb quinoa VHS typewriter pork belly brunch, paleo single-origin coffee Wes Anderson. Flexitarian Pitchfork forage, literally paleo fap pour-over. Wes Anderson Pinterest YOLO fanny pack meggings, deep v XOXO chambray sustainable slow-carb raw denim church-key fap chillwave Etsy. +1 typewriter kitsch, American Apparel tofu Banksy Vice.\"}],[{\"key\":\"question\",\"value\":\"What Payment Methods Are Accepted?\"},{\"key\":\"answer\",\"value\":\"Fashion axe DIY jean shorts, swag kale chips meh polaroid kogi butcher Wes Anderson chambray next level semiotics gentrify yr. Voluptate photo booth fugiat Vice. Austin sed Williamsburg, ea labore raw denim voluptate cred proident mixtape excepteur mustache. Twee chia photo booth readymade food truck, hoodie roof party swag keytar PBR DIY.\"}],[{\"key\":\"question\",\"value\":\"Is Buying On-Line Safe?\"},{\"key\":\"answer\",\"value\":\"Art party authentic freegan semiotics jean shorts chia cred. Neutra Austin roof party Brooklyn, synth Thundercats swag 8-bit photo booth. Plaid letterpress leggings craft beer meh ethical Pinterest.\"}]]]',57,'Botble\\Ecommerce\\Models\\Product','2025-01-21 09:39:22','2025-01-21 09:39:22'),(119,'faq_schema_config','[[[{\"key\":\"question\",\"value\":\"What Shipping Methods Are Available?\"},{\"key\":\"answer\",\"value\":\"Ex Portland Pitchfork irure mustache. Eutra fap before they sold out literally. Aliquip ugh bicycle rights actually mlkshk, seitan squid craft beer tempor.\"}],[{\"key\":\"question\",\"value\":\"Do You Ship Internationally?\"},{\"key\":\"answer\",\"value\":\"Hoodie tote bag mixtape tofu. Typewriter jean shorts wolf quinoa, messenger bag organic freegan cray.\"}],[{\"key\":\"question\",\"value\":\"How Long Will It Take To Get My Package?\"},{\"key\":\"answer\",\"value\":\"Swag slow-carb quinoa VHS typewriter pork belly brunch, paleo single-origin coffee Wes Anderson. Flexitarian Pitchfork forage, literally paleo fap pour-over. Wes Anderson Pinterest YOLO fanny pack meggings, deep v XOXO chambray sustainable slow-carb raw denim church-key fap chillwave Etsy. +1 typewriter kitsch, American Apparel tofu Banksy Vice.\"}],[{\"key\":\"question\",\"value\":\"What Payment Methods Are Accepted?\"},{\"key\":\"answer\",\"value\":\"Fashion axe DIY jean shorts, swag kale chips meh polaroid kogi butcher Wes Anderson chambray next level semiotics gentrify yr. Voluptate photo booth fugiat Vice. Austin sed Williamsburg, ea labore raw denim voluptate cred proident mixtape excepteur mustache. Twee chia photo booth readymade food truck, hoodie roof party swag keytar PBR DIY.\"}],[{\"key\":\"question\",\"value\":\"Is Buying On-Line Safe?\"},{\"key\":\"answer\",\"value\":\"Art party authentic freegan semiotics jean shorts chia cred. Neutra Austin roof party Brooklyn, synth Thundercats swag 8-bit photo booth. Plaid letterpress leggings craft beer meh ethical Pinterest.\"}]]]',58,'Botble\\Ecommerce\\Models\\Product','2025-01-21 09:39:22','2025-01-21 09:39:22'),(120,'faq_schema_config','[[[{\"key\":\"question\",\"value\":\"What Shipping Methods Are Available?\"},{\"key\":\"answer\",\"value\":\"Ex Portland Pitchfork irure mustache. Eutra fap before they sold out literally. Aliquip ugh bicycle rights actually mlkshk, seitan squid craft beer tempor.\"}],[{\"key\":\"question\",\"value\":\"Do You Ship Internationally?\"},{\"key\":\"answer\",\"value\":\"Hoodie tote bag mixtape tofu. Typewriter jean shorts wolf quinoa, messenger bag organic freegan cray.\"}],[{\"key\":\"question\",\"value\":\"How Long Will It Take To Get My Package?\"},{\"key\":\"answer\",\"value\":\"Swag slow-carb quinoa VHS typewriter pork belly brunch, paleo single-origin coffee Wes Anderson. Flexitarian Pitchfork forage, literally paleo fap pour-over. Wes Anderson Pinterest YOLO fanny pack meggings, deep v XOXO chambray sustainable slow-carb raw denim church-key fap chillwave Etsy. +1 typewriter kitsch, American Apparel tofu Banksy Vice.\"}],[{\"key\":\"question\",\"value\":\"What Payment Methods Are Accepted?\"},{\"key\":\"answer\",\"value\":\"Fashion axe DIY jean shorts, swag kale chips meh polaroid kogi butcher Wes Anderson chambray next level semiotics gentrify yr. Voluptate photo booth fugiat Vice. Austin sed Williamsburg, ea labore raw denim voluptate cred proident mixtape excepteur mustache. Twee chia photo booth readymade food truck, hoodie roof party swag keytar PBR DIY.\"}],[{\"key\":\"question\",\"value\":\"Is Buying On-Line Safe?\"},{\"key\":\"answer\",\"value\":\"Art party authentic freegan semiotics jean shorts chia cred. Neutra Austin roof party Brooklyn, synth Thundercats swag 8-bit photo booth. Plaid letterpress leggings craft beer meh ethical Pinterest.\"}]]]',59,'Botble\\Ecommerce\\Models\\Product','2025-01-21 09:39:22','2025-01-21 09:39:22'),(121,'faq_schema_config','[[[{\"key\":\"question\",\"value\":\"What Shipping Methods Are Available?\"},{\"key\":\"answer\",\"value\":\"Ex Portland Pitchfork irure mustache. Eutra fap before they sold out literally. Aliquip ugh bicycle rights actually mlkshk, seitan squid craft beer tempor.\"}],[{\"key\":\"question\",\"value\":\"Do You Ship Internationally?\"},{\"key\":\"answer\",\"value\":\"Hoodie tote bag mixtape tofu. Typewriter jean shorts wolf quinoa, messenger bag organic freegan cray.\"}],[{\"key\":\"question\",\"value\":\"How Long Will It Take To Get My Package?\"},{\"key\":\"answer\",\"value\":\"Swag slow-carb quinoa VHS typewriter pork belly brunch, paleo single-origin coffee Wes Anderson. Flexitarian Pitchfork forage, literally paleo fap pour-over. Wes Anderson Pinterest YOLO fanny pack meggings, deep v XOXO chambray sustainable slow-carb raw denim church-key fap chillwave Etsy. +1 typewriter kitsch, American Apparel tofu Banksy Vice.\"}],[{\"key\":\"question\",\"value\":\"What Payment Methods Are Accepted?\"},{\"key\":\"answer\",\"value\":\"Fashion axe DIY jean shorts, swag kale chips meh polaroid kogi butcher Wes Anderson chambray next level semiotics gentrify yr. Voluptate photo booth fugiat Vice. Austin sed Williamsburg, ea labore raw denim voluptate cred proident mixtape excepteur mustache. Twee chia photo booth readymade food truck, hoodie roof party swag keytar PBR DIY.\"}],[{\"key\":\"question\",\"value\":\"Is Buying On-Line Safe?\"},{\"key\":\"answer\",\"value\":\"Art party authentic freegan semiotics jean shorts chia cred. Neutra Austin roof party Brooklyn, synth Thundercats swag 8-bit photo booth. Plaid letterpress leggings craft beer meh ethical Pinterest.\"}]]]',60,'Botble\\Ecommerce\\Models\\Product','2025-01-21 09:39:22','2025-01-21 09:39:22'),(122,'faq_schema_config','[[[{\"key\":\"question\",\"value\":\"What Shipping Methods Are Available?\"},{\"key\":\"answer\",\"value\":\"Ex Portland Pitchfork irure mustache. Eutra fap before they sold out literally. Aliquip ugh bicycle rights actually mlkshk, seitan squid craft beer tempor.\"}],[{\"key\":\"question\",\"value\":\"Do You Ship Internationally?\"},{\"key\":\"answer\",\"value\":\"Hoodie tote bag mixtape tofu. Typewriter jean shorts wolf quinoa, messenger bag organic freegan cray.\"}],[{\"key\":\"question\",\"value\":\"How Long Will It Take To Get My Package?\"},{\"key\":\"answer\",\"value\":\"Swag slow-carb quinoa VHS typewriter pork belly brunch, paleo single-origin coffee Wes Anderson. Flexitarian Pitchfork forage, literally paleo fap pour-over. Wes Anderson Pinterest YOLO fanny pack meggings, deep v XOXO chambray sustainable slow-carb raw denim church-key fap chillwave Etsy. +1 typewriter kitsch, American Apparel tofu Banksy Vice.\"}],[{\"key\":\"question\",\"value\":\"What Payment Methods Are Accepted?\"},{\"key\":\"answer\",\"value\":\"Fashion axe DIY jean shorts, swag kale chips meh polaroid kogi butcher Wes Anderson chambray next level semiotics gentrify yr. Voluptate photo booth fugiat Vice. Austin sed Williamsburg, ea labore raw denim voluptate cred proident mixtape excepteur mustache. Twee chia photo booth readymade food truck, hoodie roof party swag keytar PBR DIY.\"}],[{\"key\":\"question\",\"value\":\"Is Buying On-Line Safe?\"},{\"key\":\"answer\",\"value\":\"Art party authentic freegan semiotics jean shorts chia cred. Neutra Austin roof party Brooklyn, synth Thundercats swag 8-bit photo booth. Plaid letterpress leggings craft beer meh ethical Pinterest.\"}]]]',61,'Botble\\Ecommerce\\Models\\Product','2025-01-21 09:39:22','2025-01-21 09:39:22'),(123,'faq_schema_config','[[[{\"key\":\"question\",\"value\":\"What Shipping Methods Are Available?\"},{\"key\":\"answer\",\"value\":\"Ex Portland Pitchfork irure mustache. Eutra fap before they sold out literally. Aliquip ugh bicycle rights actually mlkshk, seitan squid craft beer tempor.\"}],[{\"key\":\"question\",\"value\":\"Do You Ship Internationally?\"},{\"key\":\"answer\",\"value\":\"Hoodie tote bag mixtape tofu. Typewriter jean shorts wolf quinoa, messenger bag organic freegan cray.\"}],[{\"key\":\"question\",\"value\":\"How Long Will It Take To Get My Package?\"},{\"key\":\"answer\",\"value\":\"Swag slow-carb quinoa VHS typewriter pork belly brunch, paleo single-origin coffee Wes Anderson. Flexitarian Pitchfork forage, literally paleo fap pour-over. Wes Anderson Pinterest YOLO fanny pack meggings, deep v XOXO chambray sustainable slow-carb raw denim church-key fap chillwave Etsy. +1 typewriter kitsch, American Apparel tofu Banksy Vice.\"}],[{\"key\":\"question\",\"value\":\"What Payment Methods Are Accepted?\"},{\"key\":\"answer\",\"value\":\"Fashion axe DIY jean shorts, swag kale chips meh polaroid kogi butcher Wes Anderson chambray next level semiotics gentrify yr. Voluptate photo booth fugiat Vice. Austin sed Williamsburg, ea labore raw denim voluptate cred proident mixtape excepteur mustache. Twee chia photo booth readymade food truck, hoodie roof party swag keytar PBR DIY.\"}],[{\"key\":\"question\",\"value\":\"Is Buying On-Line Safe?\"},{\"key\":\"answer\",\"value\":\"Art party authentic freegan semiotics jean shorts chia cred. Neutra Austin roof party Brooklyn, synth Thundercats swag 8-bit photo booth. Plaid letterpress leggings craft beer meh ethical Pinterest.\"}]]]',62,'Botble\\Ecommerce\\Models\\Product','2025-01-21 09:39:22','2025-01-21 09:39:22'),(124,'faq_schema_config','[[[{\"key\":\"question\",\"value\":\"What Shipping Methods Are Available?\"},{\"key\":\"answer\",\"value\":\"Ex Portland Pitchfork irure mustache. Eutra fap before they sold out literally. Aliquip ugh bicycle rights actually mlkshk, seitan squid craft beer tempor.\"}],[{\"key\":\"question\",\"value\":\"Do You Ship Internationally?\"},{\"key\":\"answer\",\"value\":\"Hoodie tote bag mixtape tofu. Typewriter jean shorts wolf quinoa, messenger bag organic freegan cray.\"}],[{\"key\":\"question\",\"value\":\"How Long Will It Take To Get My Package?\"},{\"key\":\"answer\",\"value\":\"Swag slow-carb quinoa VHS typewriter pork belly brunch, paleo single-origin coffee Wes Anderson. Flexitarian Pitchfork forage, literally paleo fap pour-over. Wes Anderson Pinterest YOLO fanny pack meggings, deep v XOXO chambray sustainable slow-carb raw denim church-key fap chillwave Etsy. +1 typewriter kitsch, American Apparel tofu Banksy Vice.\"}],[{\"key\":\"question\",\"value\":\"What Payment Methods Are Accepted?\"},{\"key\":\"answer\",\"value\":\"Fashion axe DIY jean shorts, swag kale chips meh polaroid kogi butcher Wes Anderson chambray next level semiotics gentrify yr. Voluptate photo booth fugiat Vice. Austin sed Williamsburg, ea labore raw denim voluptate cred proident mixtape excepteur mustache. Twee chia photo booth readymade food truck, hoodie roof party swag keytar PBR DIY.\"}],[{\"key\":\"question\",\"value\":\"Is Buying On-Line Safe?\"},{\"key\":\"answer\",\"value\":\"Art party authentic freegan semiotics jean shorts chia cred. Neutra Austin roof party Brooklyn, synth Thundercats swag 8-bit photo booth. Plaid letterpress leggings craft beer meh ethical Pinterest.\"}]]]',63,'Botble\\Ecommerce\\Models\\Product','2025-01-21 09:39:22','2025-01-21 09:39:22'),(125,'faq_schema_config','[[[{\"key\":\"question\",\"value\":\"What Shipping Methods Are Available?\"},{\"key\":\"answer\",\"value\":\"Ex Portland Pitchfork irure mustache. Eutra fap before they sold out literally. Aliquip ugh bicycle rights actually mlkshk, seitan squid craft beer tempor.\"}],[{\"key\":\"question\",\"value\":\"Do You Ship Internationally?\"},{\"key\":\"answer\",\"value\":\"Hoodie tote bag mixtape tofu. Typewriter jean shorts wolf quinoa, messenger bag organic freegan cray.\"}],[{\"key\":\"question\",\"value\":\"How Long Will It Take To Get My Package?\"},{\"key\":\"answer\",\"value\":\"Swag slow-carb quinoa VHS typewriter pork belly brunch, paleo single-origin coffee Wes Anderson. Flexitarian Pitchfork forage, literally paleo fap pour-over. Wes Anderson Pinterest YOLO fanny pack meggings, deep v XOXO chambray sustainable slow-carb raw denim church-key fap chillwave Etsy. +1 typewriter kitsch, American Apparel tofu Banksy Vice.\"}],[{\"key\":\"question\",\"value\":\"What Payment Methods Are Accepted?\"},{\"key\":\"answer\",\"value\":\"Fashion axe DIY jean shorts, swag kale chips meh polaroid kogi butcher Wes Anderson chambray next level semiotics gentrify yr. Voluptate photo booth fugiat Vice. Austin sed Williamsburg, ea labore raw denim voluptate cred proident mixtape excepteur mustache. Twee chia photo booth readymade food truck, hoodie roof party swag keytar PBR DIY.\"}],[{\"key\":\"question\",\"value\":\"Is Buying On-Line Safe?\"},{\"key\":\"answer\",\"value\":\"Art party authentic freegan semiotics jean shorts chia cred. Neutra Austin roof party Brooklyn, synth Thundercats swag 8-bit photo booth. Plaid letterpress leggings craft beer meh ethical Pinterest.\"}]]]',64,'Botble\\Ecommerce\\Models\\Product','2025-01-21 09:39:22','2025-01-21 09:39:22'),(126,'faq_schema_config','[[[{\"key\":\"question\",\"value\":\"What Shipping Methods Are Available?\"},{\"key\":\"answer\",\"value\":\"Ex Portland Pitchfork irure mustache. Eutra fap before they sold out literally. Aliquip ugh bicycle rights actually mlkshk, seitan squid craft beer tempor.\"}],[{\"key\":\"question\",\"value\":\"Do You Ship Internationally?\"},{\"key\":\"answer\",\"value\":\"Hoodie tote bag mixtape tofu. Typewriter jean shorts wolf quinoa, messenger bag organic freegan cray.\"}],[{\"key\":\"question\",\"value\":\"How Long Will It Take To Get My Package?\"},{\"key\":\"answer\",\"value\":\"Swag slow-carb quinoa VHS typewriter pork belly brunch, paleo single-origin coffee Wes Anderson. Flexitarian Pitchfork forage, literally paleo fap pour-over. Wes Anderson Pinterest YOLO fanny pack meggings, deep v XOXO chambray sustainable slow-carb raw denim church-key fap chillwave Etsy. +1 typewriter kitsch, American Apparel tofu Banksy Vice.\"}],[{\"key\":\"question\",\"value\":\"What Payment Methods Are Accepted?\"},{\"key\":\"answer\",\"value\":\"Fashion axe DIY jean shorts, swag kale chips meh polaroid kogi butcher Wes Anderson chambray next level semiotics gentrify yr. Voluptate photo booth fugiat Vice. Austin sed Williamsburg, ea labore raw denim voluptate cred proident mixtape excepteur mustache. Twee chia photo booth readymade food truck, hoodie roof party swag keytar PBR DIY.\"}],[{\"key\":\"question\",\"value\":\"Is Buying On-Line Safe?\"},{\"key\":\"answer\",\"value\":\"Art party authentic freegan semiotics jean shorts chia cred. Neutra Austin roof party Brooklyn, synth Thundercats swag 8-bit photo booth. Plaid letterpress leggings craft beer meh ethical Pinterest.\"}]]]',65,'Botble\\Ecommerce\\Models\\Product','2025-01-21 09:39:22','2025-01-21 09:39:22'),(127,'faq_schema_config','[[[{\"key\":\"question\",\"value\":\"What Shipping Methods Are Available?\"},{\"key\":\"answer\",\"value\":\"Ex Portland Pitchfork irure mustache. Eutra fap before they sold out literally. Aliquip ugh bicycle rights actually mlkshk, seitan squid craft beer tempor.\"}],[{\"key\":\"question\",\"value\":\"Do You Ship Internationally?\"},{\"key\":\"answer\",\"value\":\"Hoodie tote bag mixtape tofu. Typewriter jean shorts wolf quinoa, messenger bag organic freegan cray.\"}],[{\"key\":\"question\",\"value\":\"How Long Will It Take To Get My Package?\"},{\"key\":\"answer\",\"value\":\"Swag slow-carb quinoa VHS typewriter pork belly brunch, paleo single-origin coffee Wes Anderson. Flexitarian Pitchfork forage, literally paleo fap pour-over. Wes Anderson Pinterest YOLO fanny pack meggings, deep v XOXO chambray sustainable slow-carb raw denim church-key fap chillwave Etsy. +1 typewriter kitsch, American Apparel tofu Banksy Vice.\"}],[{\"key\":\"question\",\"value\":\"What Payment Methods Are Accepted?\"},{\"key\":\"answer\",\"value\":\"Fashion axe DIY jean shorts, swag kale chips meh polaroid kogi butcher Wes Anderson chambray next level semiotics gentrify yr. Voluptate photo booth fugiat Vice. Austin sed Williamsburg, ea labore raw denim voluptate cred proident mixtape excepteur mustache. Twee chia photo booth readymade food truck, hoodie roof party swag keytar PBR DIY.\"}],[{\"key\":\"question\",\"value\":\"Is Buying On-Line Safe?\"},{\"key\":\"answer\",\"value\":\"Art party authentic freegan semiotics jean shorts chia cred. Neutra Austin roof party Brooklyn, synth Thundercats swag 8-bit photo booth. Plaid letterpress leggings craft beer meh ethical Pinterest.\"}]]]',66,'Botble\\Ecommerce\\Models\\Product','2025-01-21 09:39:22','2025-01-21 09:39:22'),(128,'faq_schema_config','[[[{\"key\":\"question\",\"value\":\"What Shipping Methods Are Available?\"},{\"key\":\"answer\",\"value\":\"Ex Portland Pitchfork irure mustache. Eutra fap before they sold out literally. Aliquip ugh bicycle rights actually mlkshk, seitan squid craft beer tempor.\"}],[{\"key\":\"question\",\"value\":\"Do You Ship Internationally?\"},{\"key\":\"answer\",\"value\":\"Hoodie tote bag mixtape tofu. Typewriter jean shorts wolf quinoa, messenger bag organic freegan cray.\"}],[{\"key\":\"question\",\"value\":\"How Long Will It Take To Get My Package?\"},{\"key\":\"answer\",\"value\":\"Swag slow-carb quinoa VHS typewriter pork belly brunch, paleo single-origin coffee Wes Anderson. Flexitarian Pitchfork forage, literally paleo fap pour-over. Wes Anderson Pinterest YOLO fanny pack meggings, deep v XOXO chambray sustainable slow-carb raw denim church-key fap chillwave Etsy. +1 typewriter kitsch, American Apparel tofu Banksy Vice.\"}],[{\"key\":\"question\",\"value\":\"What Payment Methods Are Accepted?\"},{\"key\":\"answer\",\"value\":\"Fashion axe DIY jean shorts, swag kale chips meh polaroid kogi butcher Wes Anderson chambray next level semiotics gentrify yr. Voluptate photo booth fugiat Vice. Austin sed Williamsburg, ea labore raw denim voluptate cred proident mixtape excepteur mustache. Twee chia photo booth readymade food truck, hoodie roof party swag keytar PBR DIY.\"}],[{\"key\":\"question\",\"value\":\"Is Buying On-Line Safe?\"},{\"key\":\"answer\",\"value\":\"Art party authentic freegan semiotics jean shorts chia cred. Neutra Austin roof party Brooklyn, synth Thundercats swag 8-bit photo booth. Plaid letterpress leggings craft beer meh ethical Pinterest.\"}]]]',67,'Botble\\Ecommerce\\Models\\Product','2025-01-21 09:39:22','2025-01-21 09:39:22'),(129,'faq_schema_config','[[[{\"key\":\"question\",\"value\":\"What Shipping Methods Are Available?\"},{\"key\":\"answer\",\"value\":\"Ex Portland Pitchfork irure mustache. Eutra fap before they sold out literally. Aliquip ugh bicycle rights actually mlkshk, seitan squid craft beer tempor.\"}],[{\"key\":\"question\",\"value\":\"Do You Ship Internationally?\"},{\"key\":\"answer\",\"value\":\"Hoodie tote bag mixtape tofu. Typewriter jean shorts wolf quinoa, messenger bag organic freegan cray.\"}],[{\"key\":\"question\",\"value\":\"How Long Will It Take To Get My Package?\"},{\"key\":\"answer\",\"value\":\"Swag slow-carb quinoa VHS typewriter pork belly brunch, paleo single-origin coffee Wes Anderson. Flexitarian Pitchfork forage, literally paleo fap pour-over. Wes Anderson Pinterest YOLO fanny pack meggings, deep v XOXO chambray sustainable slow-carb raw denim church-key fap chillwave Etsy. +1 typewriter kitsch, American Apparel tofu Banksy Vice.\"}],[{\"key\":\"question\",\"value\":\"What Payment Methods Are Accepted?\"},{\"key\":\"answer\",\"value\":\"Fashion axe DIY jean shorts, swag kale chips meh polaroid kogi butcher Wes Anderson chambray next level semiotics gentrify yr. Voluptate photo booth fugiat Vice. Austin sed Williamsburg, ea labore raw denim voluptate cred proident mixtape excepteur mustache. Twee chia photo booth readymade food truck, hoodie roof party swag keytar PBR DIY.\"}],[{\"key\":\"question\",\"value\":\"Is Buying On-Line Safe?\"},{\"key\":\"answer\",\"value\":\"Art party authentic freegan semiotics jean shorts chia cred. Neutra Austin roof party Brooklyn, synth Thundercats swag 8-bit photo booth. Plaid letterpress leggings craft beer meh ethical Pinterest.\"}]]]',68,'Botble\\Ecommerce\\Models\\Product','2025-01-21 09:39:22','2025-01-21 09:39:22'),(130,'faq_schema_config','[[[{\"key\":\"question\",\"value\":\"What Shipping Methods Are Available?\"},{\"key\":\"answer\",\"value\":\"Ex Portland Pitchfork irure mustache. Eutra fap before they sold out literally. Aliquip ugh bicycle rights actually mlkshk, seitan squid craft beer tempor.\"}],[{\"key\":\"question\",\"value\":\"Do You Ship Internationally?\"},{\"key\":\"answer\",\"value\":\"Hoodie tote bag mixtape tofu. Typewriter jean shorts wolf quinoa, messenger bag organic freegan cray.\"}],[{\"key\":\"question\",\"value\":\"How Long Will It Take To Get My Package?\"},{\"key\":\"answer\",\"value\":\"Swag slow-carb quinoa VHS typewriter pork belly brunch, paleo single-origin coffee Wes Anderson. Flexitarian Pitchfork forage, literally paleo fap pour-over. Wes Anderson Pinterest YOLO fanny pack meggings, deep v XOXO chambray sustainable slow-carb raw denim church-key fap chillwave Etsy. +1 typewriter kitsch, American Apparel tofu Banksy Vice.\"}],[{\"key\":\"question\",\"value\":\"What Payment Methods Are Accepted?\"},{\"key\":\"answer\",\"value\":\"Fashion axe DIY jean shorts, swag kale chips meh polaroid kogi butcher Wes Anderson chambray next level semiotics gentrify yr. Voluptate photo booth fugiat Vice. Austin sed Williamsburg, ea labore raw denim voluptate cred proident mixtape excepteur mustache. Twee chia photo booth readymade food truck, hoodie roof party swag keytar PBR DIY.\"}],[{\"key\":\"question\",\"value\":\"Is Buying On-Line Safe?\"},{\"key\":\"answer\",\"value\":\"Art party authentic freegan semiotics jean shorts chia cred. Neutra Austin roof party Brooklyn, synth Thundercats swag 8-bit photo booth. Plaid letterpress leggings craft beer meh ethical Pinterest.\"}]]]',69,'Botble\\Ecommerce\\Models\\Product','2025-01-21 09:39:22','2025-01-21 09:39:22'),(131,'faq_schema_config','[[[{\"key\":\"question\",\"value\":\"What Shipping Methods Are Available?\"},{\"key\":\"answer\",\"value\":\"Ex Portland Pitchfork irure mustache. Eutra fap before they sold out literally. Aliquip ugh bicycle rights actually mlkshk, seitan squid craft beer tempor.\"}],[{\"key\":\"question\",\"value\":\"Do You Ship Internationally?\"},{\"key\":\"answer\",\"value\":\"Hoodie tote bag mixtape tofu. Typewriter jean shorts wolf quinoa, messenger bag organic freegan cray.\"}],[{\"key\":\"question\",\"value\":\"How Long Will It Take To Get My Package?\"},{\"key\":\"answer\",\"value\":\"Swag slow-carb quinoa VHS typewriter pork belly brunch, paleo single-origin coffee Wes Anderson. Flexitarian Pitchfork forage, literally paleo fap pour-over. Wes Anderson Pinterest YOLO fanny pack meggings, deep v XOXO chambray sustainable slow-carb raw denim church-key fap chillwave Etsy. +1 typewriter kitsch, American Apparel tofu Banksy Vice.\"}],[{\"key\":\"question\",\"value\":\"What Payment Methods Are Accepted?\"},{\"key\":\"answer\",\"value\":\"Fashion axe DIY jean shorts, swag kale chips meh polaroid kogi butcher Wes Anderson chambray next level semiotics gentrify yr. Voluptate photo booth fugiat Vice. Austin sed Williamsburg, ea labore raw denim voluptate cred proident mixtape excepteur mustache. Twee chia photo booth readymade food truck, hoodie roof party swag keytar PBR DIY.\"}],[{\"key\":\"question\",\"value\":\"Is Buying On-Line Safe?\"},{\"key\":\"answer\",\"value\":\"Art party authentic freegan semiotics jean shorts chia cred. Neutra Austin roof party Brooklyn, synth Thundercats swag 8-bit photo booth. Plaid letterpress leggings craft beer meh ethical Pinterest.\"}]]]',70,'Botble\\Ecommerce\\Models\\Product','2025-01-21 09:39:22','2025-01-21 09:39:22'),(132,'faq_schema_config','[[[{\"key\":\"question\",\"value\":\"What Shipping Methods Are Available?\"},{\"key\":\"answer\",\"value\":\"Ex Portland Pitchfork irure mustache. Eutra fap before they sold out literally. Aliquip ugh bicycle rights actually mlkshk, seitan squid craft beer tempor.\"}],[{\"key\":\"question\",\"value\":\"Do You Ship Internationally?\"},{\"key\":\"answer\",\"value\":\"Hoodie tote bag mixtape tofu. Typewriter jean shorts wolf quinoa, messenger bag organic freegan cray.\"}],[{\"key\":\"question\",\"value\":\"How Long Will It Take To Get My Package?\"},{\"key\":\"answer\",\"value\":\"Swag slow-carb quinoa VHS typewriter pork belly brunch, paleo single-origin coffee Wes Anderson. Flexitarian Pitchfork forage, literally paleo fap pour-over. Wes Anderson Pinterest YOLO fanny pack meggings, deep v XOXO chambray sustainable slow-carb raw denim church-key fap chillwave Etsy. +1 typewriter kitsch, American Apparel tofu Banksy Vice.\"}],[{\"key\":\"question\",\"value\":\"What Payment Methods Are Accepted?\"},{\"key\":\"answer\",\"value\":\"Fashion axe DIY jean shorts, swag kale chips meh polaroid kogi butcher Wes Anderson chambray next level semiotics gentrify yr. Voluptate photo booth fugiat Vice. Austin sed Williamsburg, ea labore raw denim voluptate cred proident mixtape excepteur mustache. Twee chia photo booth readymade food truck, hoodie roof party swag keytar PBR DIY.\"}],[{\"key\":\"question\",\"value\":\"Is Buying On-Line Safe?\"},{\"key\":\"answer\",\"value\":\"Art party authentic freegan semiotics jean shorts chia cred. Neutra Austin roof party Brooklyn, synth Thundercats swag 8-bit photo booth. Plaid letterpress leggings craft beer meh ethical Pinterest.\"}]]]',71,'Botble\\Ecommerce\\Models\\Product','2025-01-21 09:39:22','2025-01-21 09:39:22'),(133,'faq_schema_config','[[[{\"key\":\"question\",\"value\":\"What Shipping Methods Are Available?\"},{\"key\":\"answer\",\"value\":\"Ex Portland Pitchfork irure mustache. Eutra fap before they sold out literally. Aliquip ugh bicycle rights actually mlkshk, seitan squid craft beer tempor.\"}],[{\"key\":\"question\",\"value\":\"Do You Ship Internationally?\"},{\"key\":\"answer\",\"value\":\"Hoodie tote bag mixtape tofu. Typewriter jean shorts wolf quinoa, messenger bag organic freegan cray.\"}],[{\"key\":\"question\",\"value\":\"How Long Will It Take To Get My Package?\"},{\"key\":\"answer\",\"value\":\"Swag slow-carb quinoa VHS typewriter pork belly brunch, paleo single-origin coffee Wes Anderson. Flexitarian Pitchfork forage, literally paleo fap pour-over. Wes Anderson Pinterest YOLO fanny pack meggings, deep v XOXO chambray sustainable slow-carb raw denim church-key fap chillwave Etsy. +1 typewriter kitsch, American Apparel tofu Banksy Vice.\"}],[{\"key\":\"question\",\"value\":\"What Payment Methods Are Accepted?\"},{\"key\":\"answer\",\"value\":\"Fashion axe DIY jean shorts, swag kale chips meh polaroid kogi butcher Wes Anderson chambray next level semiotics gentrify yr. Voluptate photo booth fugiat Vice. Austin sed Williamsburg, ea labore raw denim voluptate cred proident mixtape excepteur mustache. Twee chia photo booth readymade food truck, hoodie roof party swag keytar PBR DIY.\"}],[{\"key\":\"question\",\"value\":\"Is Buying On-Line Safe?\"},{\"key\":\"answer\",\"value\":\"Art party authentic freegan semiotics jean shorts chia cred. Neutra Austin roof party Brooklyn, synth Thundercats swag 8-bit photo booth. Plaid letterpress leggings craft beer meh ethical Pinterest.\"}]]]',72,'Botble\\Ecommerce\\Models\\Product','2025-01-21 09:39:22','2025-01-21 09:39:22'),(134,'faq_schema_config','[[[{\"key\":\"question\",\"value\":\"What Shipping Methods Are Available?\"},{\"key\":\"answer\",\"value\":\"Ex Portland Pitchfork irure mustache. Eutra fap before they sold out literally. Aliquip ugh bicycle rights actually mlkshk, seitan squid craft beer tempor.\"}],[{\"key\":\"question\",\"value\":\"Do You Ship Internationally?\"},{\"key\":\"answer\",\"value\":\"Hoodie tote bag mixtape tofu. Typewriter jean shorts wolf quinoa, messenger bag organic freegan cray.\"}],[{\"key\":\"question\",\"value\":\"How Long Will It Take To Get My Package?\"},{\"key\":\"answer\",\"value\":\"Swag slow-carb quinoa VHS typewriter pork belly brunch, paleo single-origin coffee Wes Anderson. Flexitarian Pitchfork forage, literally paleo fap pour-over. Wes Anderson Pinterest YOLO fanny pack meggings, deep v XOXO chambray sustainable slow-carb raw denim church-key fap chillwave Etsy. +1 typewriter kitsch, American Apparel tofu Banksy Vice.\"}],[{\"key\":\"question\",\"value\":\"What Payment Methods Are Accepted?\"},{\"key\":\"answer\",\"value\":\"Fashion axe DIY jean shorts, swag kale chips meh polaroid kogi butcher Wes Anderson chambray next level semiotics gentrify yr. Voluptate photo booth fugiat Vice. Austin sed Williamsburg, ea labore raw denim voluptate cred proident mixtape excepteur mustache. Twee chia photo booth readymade food truck, hoodie roof party swag keytar PBR DIY.\"}],[{\"key\":\"question\",\"value\":\"Is Buying On-Line Safe?\"},{\"key\":\"answer\",\"value\":\"Art party authentic freegan semiotics jean shorts chia cred. Neutra Austin roof party Brooklyn, synth Thundercats swag 8-bit photo booth. Plaid letterpress leggings craft beer meh ethical Pinterest.\"}]]]',73,'Botble\\Ecommerce\\Models\\Product','2025-01-21 09:39:22','2025-01-21 09:39:22'),(135,'faq_schema_config','[[[{\"key\":\"question\",\"value\":\"What Shipping Methods Are Available?\"},{\"key\":\"answer\",\"value\":\"Ex Portland Pitchfork irure mustache. Eutra fap before they sold out literally. Aliquip ugh bicycle rights actually mlkshk, seitan squid craft beer tempor.\"}],[{\"key\":\"question\",\"value\":\"Do You Ship Internationally?\"},{\"key\":\"answer\",\"value\":\"Hoodie tote bag mixtape tofu. Typewriter jean shorts wolf quinoa, messenger bag organic freegan cray.\"}],[{\"key\":\"question\",\"value\":\"How Long Will It Take To Get My Package?\"},{\"key\":\"answer\",\"value\":\"Swag slow-carb quinoa VHS typewriter pork belly brunch, paleo single-origin coffee Wes Anderson. Flexitarian Pitchfork forage, literally paleo fap pour-over. Wes Anderson Pinterest YOLO fanny pack meggings, deep v XOXO chambray sustainable slow-carb raw denim church-key fap chillwave Etsy. +1 typewriter kitsch, American Apparel tofu Banksy Vice.\"}],[{\"key\":\"question\",\"value\":\"What Payment Methods Are Accepted?\"},{\"key\":\"answer\",\"value\":\"Fashion axe DIY jean shorts, swag kale chips meh polaroid kogi butcher Wes Anderson chambray next level semiotics gentrify yr. Voluptate photo booth fugiat Vice. Austin sed Williamsburg, ea labore raw denim voluptate cred proident mixtape excepteur mustache. Twee chia photo booth readymade food truck, hoodie roof party swag keytar PBR DIY.\"}],[{\"key\":\"question\",\"value\":\"Is Buying On-Line Safe?\"},{\"key\":\"answer\",\"value\":\"Art party authentic freegan semiotics jean shorts chia cred. Neutra Austin roof party Brooklyn, synth Thundercats swag 8-bit photo booth. Plaid letterpress leggings craft beer meh ethical Pinterest.\"}]]]',74,'Botble\\Ecommerce\\Models\\Product','2025-01-21 09:39:22','2025-01-21 09:39:22'),(136,'faq_schema_config','[[[{\"key\":\"question\",\"value\":\"What Shipping Methods Are Available?\"},{\"key\":\"answer\",\"value\":\"Ex Portland Pitchfork irure mustache. Eutra fap before they sold out literally. Aliquip ugh bicycle rights actually mlkshk, seitan squid craft beer tempor.\"}],[{\"key\":\"question\",\"value\":\"Do You Ship Internationally?\"},{\"key\":\"answer\",\"value\":\"Hoodie tote bag mixtape tofu. Typewriter jean shorts wolf quinoa, messenger bag organic freegan cray.\"}],[{\"key\":\"question\",\"value\":\"How Long Will It Take To Get My Package?\"},{\"key\":\"answer\",\"value\":\"Swag slow-carb quinoa VHS typewriter pork belly brunch, paleo single-origin coffee Wes Anderson. Flexitarian Pitchfork forage, literally paleo fap pour-over. Wes Anderson Pinterest YOLO fanny pack meggings, deep v XOXO chambray sustainable slow-carb raw denim church-key fap chillwave Etsy. +1 typewriter kitsch, American Apparel tofu Banksy Vice.\"}],[{\"key\":\"question\",\"value\":\"What Payment Methods Are Accepted?\"},{\"key\":\"answer\",\"value\":\"Fashion axe DIY jean shorts, swag kale chips meh polaroid kogi butcher Wes Anderson chambray next level semiotics gentrify yr. Voluptate photo booth fugiat Vice. Austin sed Williamsburg, ea labore raw denim voluptate cred proident mixtape excepteur mustache. Twee chia photo booth readymade food truck, hoodie roof party swag keytar PBR DIY.\"}],[{\"key\":\"question\",\"value\":\"Is Buying On-Line Safe?\"},{\"key\":\"answer\",\"value\":\"Art party authentic freegan semiotics jean shorts chia cred. Neutra Austin roof party Brooklyn, synth Thundercats swag 8-bit photo booth. Plaid letterpress leggings craft beer meh ethical Pinterest.\"}]]]',75,'Botble\\Ecommerce\\Models\\Product','2025-01-21 09:39:22','2025-01-21 09:39:22'),(137,'title','[\"Satisfied client testimonial\"]',1,'Botble\\Testimonial\\Models\\Testimonial','2025-01-21 09:39:35','2025-01-21 09:39:35'),(138,'star','[5]',1,'Botble\\Testimonial\\Models\\Testimonial','2025-01-21 09:39:35','2025-01-21 09:39:35'),(139,'title','[\"98% of residents recommend us\"]',2,'Botble\\Testimonial\\Models\\Testimonial','2025-01-21 09:39:35','2025-01-21 09:39:35'),(140,'star','[5]',2,'Botble\\Testimonial\\Models\\Testimonial','2025-01-21 09:39:35','2025-01-21 09:39:35'),(141,'title','[\"Our success stories\"]',3,'Botble\\Testimonial\\Models\\Testimonial','2025-01-21 09:39:35','2025-01-21 09:39:35'),(142,'star','[5]',3,'Botble\\Testimonial\\Models\\Testimonial','2025-01-21 09:39:35','2025-01-21 09:39:35'),(143,'title','[\"This is simply unbelievable\"]',4,'Botble\\Testimonial\\Models\\Testimonial','2025-01-21 09:39:35','2025-01-21 09:39:35'),(144,'star','[5]',4,'Botble\\Testimonial\\Models\\Testimonial','2025-01-21 09:39:35','2025-01-21 09:39:35');
/*!40000 ALTER TABLE `meta_boxes` ENABLE KEYS */;
UNLOCK TABLES;

--
-- Table structure for table `migrations`
--

DROP TABLE IF EXISTS `migrations`;
/*!40101 SET @saved_cs_client     = @@character_set_client */;
/*!40101 SET character_set_client = utf8 */;
CREATE TABLE `migrations` (
  `id` int unsigned NOT NULL AUTO_INCREMENT,
  `migration` varchar(191) COLLATE utf8mb4_unicode_ci NOT NULL,
  `batch` int NOT NULL,
  PRIMARY KEY (`id`)
) ENGINE=InnoDB AUTO_INCREMENT=208 DEFAULT CHARSET=utf8mb4 COLLATE=utf8mb4_unicode_ci;
/*!40101 SET character_set_client = @saved_cs_client */;

--
-- Dumping data for table `migrations`
--

LOCK TABLES `migrations` WRITE;
/*!40000 ALTER TABLE `migrations` DISABLE KEYS */;
INSERT INTO `migrations` VALUES (1,'0001_01_01_000001_create_cache_table',1),(2,'2013_04_09_032329_create_base_tables',1),(3,'2013_04_09_062329_create_revisions_table',1),(4,'2014_10_12_000000_create_users_table',1),(5,'2014_10_12_100000_create_password_reset_tokens_table',1),(6,'2016_06_10_230148_create_acl_tables',1),(7,'2016_06_14_230857_create_menus_table',1),(8,'2016_06_28_221418_create_pages_table',1),(9,'2016_10_05_074239_create_setting_table',1),(10,'2016_11_28_032840_create_dashboard_widget_tables',1),(11,'2016_12_16_084601_create_widgets_table',1),(12,'2017_05_09_070343_create_media_tables',1),(13,'2017_11_03_070450_create_slug_table',1),(14,'2019_01_05_053554_create_jobs_table',1),(15,'2019_08_19_000000_create_failed_jobs_table',1),(16,'2019_12_14_000001_create_personal_access_tokens_table',1),(17,'2022_04_20_100851_add_index_to_media_table',1),(18,'2022_04_20_101046_add_index_to_menu_table',1),(19,'2022_07_10_034813_move_lang_folder_to_root',1),(20,'2022_08_04_051940_add_missing_column_expires_at',1),(21,'2022_09_01_000001_create_admin_notifications_tables',1),(22,'2022_10_14_024629_drop_column_is_featured',1),(23,'2022_11_18_063357_add_missing_timestamp_in_table_settings',1),(24,'2022_12_02_093615_update_slug_index_columns',1),(25,'2023_01_30_024431_add_alt_to_media_table',1),(26,'2023_02_16_042611_drop_table_password_resets',1),(27,'2023_04_23_005903_add_column_permissions_to_admin_notifications',1),(28,'2023_05_10_075124_drop_column_id_in_role_users_table',1),(29,'2023_08_21_090810_make_page_content_nullable',1),(30,'2023_08_26_080444_fix_missing_copyright_widget',1),(31,'2023_09_07_025340_activate_mollie_and_sale_popup_plugin',1),(32,'2023_09_14_021936_update_index_for_slugs_table',1),(33,'2023_10_27_023808_update_page_metabox',1),(34,'2023_11_22_071805_migrate_header_messages_to_announcements_table',1),(35,'2023_12_07_095130_add_color_column_to_media_folders_table',1),(36,'2023_12_17_162208_make_sure_column_color_in_media_folders_nullable',1),(37,'2024_03_25_000000_migrate_rename_shortcode_contact_box_to_contact_form',1),(38,'2024_04_04_110758_update_value_column_in_user_meta_table',1),(39,'2024_05_12_091229_add_column_visibility_to_table_media_files',1),(40,'2024_07_07_091316_fix_column_url_in_menu_nodes_table',1),(41,'2024_07_12_100000_change_random_hash_for_media',1),(42,'2024_09_30_024515_create_sessions_table',1),(43,'2020_11_18_150916_ads_create_ads_table',2),(44,'2021_12_02_035301_add_ads_translations_table',2),(45,'2023_04_17_062645_add_open_in_new_tab',2),(46,'2023_11_07_023805_add_tablet_mobile_image',2),(47,'2024_04_01_043317_add_google_adsense_slot_id_to_ads_table',2),(48,'2024_04_27_100730_improve_analytics_setting',3),(49,'2023_08_11_060908_create_announcements_table',4),(50,'2015_06_29_025744_create_audit_history',5),(51,'2023_11_14_033417_change_request_column_in_table_audit_histories',5),(52,'2015_06_18_033822_create_blog_table',6),(53,'2021_02_16_092633_remove_default_value_for_author_type',6),(54,'2021_12_03_030600_create_blog_translations',6),(55,'2022_04_19_113923_add_index_to_table_posts',6),(56,'2023_08_29_074620_make_column_author_id_nullable',6),(57,'2024_07_30_091615_fix_order_column_in_categories_table',6),(58,'2025_01_06_033807_add_default_value_for_categories_author_type',6),(59,'2016_06_17_091537_create_contacts_table',7),(60,'2023_11_10_080225_migrate_contact_blacklist_email_domains_to_core',7),(61,'2024_03_20_080001_migrate_change_attribute_email_to_nullable_form_contacts_table',7),(62,'2024_03_25_000001_update_captcha_settings_for_contact',7),(63,'2024_04_19_063914_create_custom_fields_table',7),(64,'2020_03_05_041139_create_ecommerce_tables',8),(65,'2021_01_01_044147_ecommerce_create_flash_sale_table',8),(66,'2021_01_17_082713_add_column_is_featured_to_product_collections_table',8),(67,'2021_01_18_024333_add_zip_code_into_table_customer_addresses',8),(68,'2021_02_18_073505_update_table_ec_reviews',8),(69,'2021_03_10_024419_add_column_confirmed_at_to_table_ec_customers',8),(70,'2021_03_10_025153_change_column_tax_amount',8),(71,'2021_03_20_033103_add_column_availability_to_table_ec_products',8),(72,'2021_04_28_074008_ecommerce_create_product_label_table',8),(73,'2021_05_31_173037_ecommerce_create_ec_products_translations',8),(74,'2021_08_17_105016_remove_column_currency_id_in_some_tables',8),(75,'2021_08_30_142128_add_images_column_to_ec_reviews_table',8),(76,'2021_10_04_030050_add_column_created_by_to_table_ec_products',8),(77,'2021_10_05_122616_add_status_column_to_ec_customers_table',8),(78,'2021_11_03_025806_nullable_phone_number_in_ec_customer_addresses',8),(79,'2021_11_23_071403_correct_languages_for_product_variations',8),(80,'2021_11_28_031808_add_product_tags_translations',8),(81,'2021_12_01_031123_add_featured_image_to_ec_products',8),(82,'2022_01_01_033107_update_table_ec_shipments',8),(83,'2022_02_16_042457_improve_product_attribute_sets',8),(84,'2022_03_22_075758_correct_product_name',8),(85,'2022_04_19_113334_add_index_to_ec_products',8),(86,'2022_04_28_144405_remove_unused_table',8),(87,'2022_05_05_115015_create_ec_customer_recently_viewed_products_table',8),(88,'2022_05_18_143720_add_index_to_table_ec_product_categories',8),(89,'2022_06_16_095633_add_index_to_some_tables',8),(90,'2022_06_30_035148_create_order_referrals_table',8),(91,'2022_07_24_153815_add_completed_at_to_ec_orders_table',8),(92,'2022_08_14_032836_create_ec_order_returns_table',8),(93,'2022_08_14_033554_create_ec_order_return_items_table',8),(94,'2022_08_15_040324_add_billing_address',8),(95,'2022_08_30_091114_support_digital_products_table',8),(96,'2022_09_13_095744_create_options_table',8),(97,'2022_09_13_104347_create_option_value_table',8),(98,'2022_10_05_163518_alter_table_ec_order_product',8),(99,'2022_10_12_041517_create_invoices_table',8),(100,'2022_10_12_142226_update_orders_table',8),(101,'2022_10_13_024916_update_table_order_returns',8),(102,'2022_10_21_030830_update_columns_in_ec_shipments_table',8),(103,'2022_10_28_021046_update_columns_in_ec_shipments_table',8),(104,'2022_11_16_034522_update_type_column_in_ec_shipping_rules_table',8),(105,'2022_11_19_041643_add_ec_tax_product_table',8),(106,'2022_12_12_063830_update_tax_defadult_in_ec_tax_products_table',8),(107,'2022_12_17_041532_fix_address_in_order_invoice',8),(108,'2022_12_26_070329_create_ec_product_views_table',8),(109,'2023_01_04_033051_fix_product_categories',8),(110,'2023_01_09_050400_add_ec_global_options_translations_table',8),(111,'2023_01_10_093754_add_missing_option_value_id',8),(112,'2023_01_17_082713_add_column_barcode_and_cost_per_item_to_product_table',8),(113,'2023_01_26_021854_add_ec_customer_used_coupons_table',8),(114,'2023_02_08_015900_update_options_column_in_ec_order_product_table',8),(115,'2023_02_27_095752_remove_duplicate_reviews',8),(116,'2023_03_20_115757_add_user_type_column_to_ec_shipment_histories_table',8),(117,'2023_04_21_082427_create_ec_product_categorizables_table',8),(118,'2023_05_03_011331_add_missing_column_price_into_invoice_items_table',8),(119,'2023_05_17_025812_fix_invoice_issue',8),(120,'2023_05_26_073140_move_option_make_phone_field_optional_at_checkout_page_to_mandatory_fields',8),(121,'2023_05_27_144611_fix_exchange_rate_setting',8),(122,'2023_06_22_084331_add_generate_license_code_to_ec_products_table',8),(123,'2023_06_30_042512_create_ec_order_tax_information_table',8),(124,'2023_07_14_022724_remove_column_id_from_ec_product_collection_products',8),(125,'2023_08_09_012940_remove_column_status_in_ec_product_attributes',8),(126,'2023_08_15_064505_create_ec_tax_rules_table',8),(127,'2023_08_21_021819_make_column_address_in_ec_customer_addresses_nullable',8),(128,'2023_08_22_094114_drop_unique_for_barcode',8),(129,'2023_08_30_031811_add_apply_via_url_column_to_ec_discounts_table',8),(130,'2023_09_07_094312_add_index_to_product_sku_and_translations',8),(131,'2023_09_19_024955_create_discount_product_categories_table',8),(132,'2023_10_17_070728_add_icon_and_icon_image_to_product_categories_table',8),(133,'2023_11_22_154643_add_unique_in_table_ec_products_variations',8),(134,'2023_11_27_032313_add_price_columns_to_ec_product_cross_sale_relations_table',8),(135,'2023_12_06_023945_add_display_on_checkout_column_to_ec_discounts_table',8),(136,'2023_12_25_040604_ec_create_review_replies_table',8),(137,'2023_12_26_090340_add_private_notes_column_to_ec_customers_table',8),(138,'2024_01_16_070706_fix_translation_tables',8),(139,'2024_01_23_075227_add_proof_file_to_ec_orders_table',8),(140,'2024_03_26_041531_add_cancel_reason_to_ec_orders_table',8),(141,'2024_03_27_062402_create_ec_customer_deletion_requests_table',8),(142,'2024_03_29_042242_migrate_old_captcha_settings',8),(143,'2024_03_29_093946_create_ec_order_return_histories_table',8),(144,'2024_04_01_063523_add_customer_columns_to_ec_reviews_table',8),(145,'2024_04_15_092654_migrate_ecommerce_google_tag_manager_code_setting',8),(146,'2024_04_16_035713_add_min_max_order_quantity_columns_to_products_table',8),(147,'2024_05_07_073153_improve_table_wishlist',8),(148,'2024_05_07_093703_add_missing_zip_code_into_table_store_locators',8),(149,'2024_05_15_021503_fix_invoice_path',8),(150,'2024_06_20_160724_create_ec_shared_wishlists_table',8),(151,'2024_06_28_025104_add_notify_attachment_updated_column_to_ec_products_table',8),(152,'2024_07_03_030900_add_downloaded_at_column_to_ec_order_product_table',8),(153,'2024_07_14_071826_make_customer_email_nullable',8),(154,'2024_07_15_104916_add_video_media_column_to_ec_products_table',8),(155,'2024_07_26_052530_add_percentage_to_tax_rules_table',8),(156,'2024_08_14_123028_add_customer_delivered_confirmed_at_column_to_ec_shipments_table',8),(157,'2024_08_19_132849_create_specification_tables',8),(158,'2024_09_07_060744_add_author_column_to_specification_tables',8),(159,'2024_09_14_064023_add_can_use_with_flash_sale_column_to_ec_discounts_table',8),(160,'2024_09_25_073928_remove_wrong_product_slugs',8),(161,'2025_01_03_044641_migrate_old_country_data',8),(162,'2025_01_15_050230_migrate_old_theme_options',8),(163,'2025_01_17_082713_correct_column_barcode_and_cost_per_item_to_product_table',8),(164,'2018_07_09_221238_create_faq_table',9),(165,'2021_12_03_082134_create_faq_translations',9),(166,'2023_11_17_063408_add_description_column_to_faq_categories_table',9),(167,'2016_10_13_150201_create_galleries_table',10),(168,'2021_12_03_082953_create_gallery_translations',10),(169,'2022_04_30_034048_create_gallery_meta_translations_table',10),(170,'2023_08_29_075308_make_column_user_id_nullable',10),(171,'2016_10_03_032336_create_languages_table',11),(172,'2023_09_14_022423_add_index_for_language_table',11),(173,'2021_10_25_021023_fix-priority-load-for-language-advanced',12),(174,'2021_12_03_075608_create_page_translations',12),(175,'2023_07_06_011444_create_slug_translations_table',12),(176,'2019_11_18_061011_create_country_table',13),(177,'2021_12_03_084118_create_location_translations',13),(178,'2021_12_03_094518_migrate_old_location_data',13),(179,'2021_12_10_034440_switch_plugin_location_to_use_language_advanced',13),(180,'2022_01_16_085908_improve_plugin_location',13),(181,'2022_08_04_052122_delete_location_backup_tables',13),(182,'2023_04_23_061847_increase_state_translations_abbreviation_column',13),(183,'2023_07_26_041451_add_more_columns_to_location_table',13),(184,'2023_07_27_041451_add_more_columns_to_location_translation_table',13),(185,'2023_08_15_073307_drop_unique_in_states_cities_translations',13),(186,'2023_10_21_065016_make_state_id_in_table_cities_nullable',13),(187,'2024_08_17_094600_add_image_into_countries',13),(188,'2025_01_08_093652_add_zip_code_to_cities',13),(189,'2017_10_24_154832_create_newsletter_table',14),(190,'2024_03_25_000001_update_captcha_settings_for_newsletter',14),(191,'2017_05_18_080441_create_payment_tables',15),(192,'2021_03_27_144913_add_customer_type_into_table_payments',15),(193,'2021_05_24_034720_make_column_currency_nullable',15),(194,'2021_08_09_161302_add_metadata_column_to_payments_table',15),(195,'2021_10_19_020859_update_metadata_field',15),(196,'2022_06_28_151901_activate_paypal_stripe_plugin',15),(197,'2022_07_07_153354_update_charge_id_in_table_payments',15),(198,'2024_07_04_083133_create_payment_logs_table',15),(199,'2017_07_11_140018_create_simple_slider_table',16),(200,'2022_11_02_092723_team_create_team_table',17),(201,'2023_08_11_094574_update_team_table',17),(202,'2023_11_30_085354_add_missing_description_to_team',17),(203,'2024_10_02_030027_add_more_columns_to_teams_translations_table',17),(204,'2018_07_09_214610_create_testimonial_table',18),(205,'2021_12_03_083642_create_testimonials_translations',18),(206,'2016_10_07_193005_create_translations_table',19),(207,'2023_12_12_105220_drop_translations_table',19);
/*!40000 ALTER TABLE `migrations` ENABLE KEYS */;
UNLOCK TABLES;

--
-- Table structure for table `newsletters`
--

DROP TABLE IF EXISTS `newsletters`;
/*!40101 SET @saved_cs_client     = @@character_set_client */;
/*!40101 SET character_set_client = utf8 */;
CREATE TABLE `newsletters` (
  `id` bigint unsigned NOT NULL AUTO_INCREMENT,
  `email` varchar(120) COLLATE utf8mb4_unicode_ci NOT NULL,
  `name` varchar(120) COLLATE utf8mb4_unicode_ci DEFAULT NULL,
  `status` varchar(60) COLLATE utf8mb4_unicode_ci NOT NULL DEFAULT 'subscribed',
  `created_at` timestamp NULL DEFAULT NULL,
  `updated_at` timestamp NULL DEFAULT NULL,
  PRIMARY KEY (`id`)
) ENGINE=InnoDB DEFAULT CHARSET=utf8mb4 COLLATE=utf8mb4_unicode_ci;
/*!40101 SET character_set_client = @saved_cs_client */;

--
-- Dumping data for table `newsletters`
--

LOCK TABLES `newsletters` WRITE;
/*!40000 ALTER TABLE `newsletters` DISABLE KEYS */;
/*!40000 ALTER TABLE `newsletters` ENABLE KEYS */;
UNLOCK TABLES;

--
-- Table structure for table `pages`
--

DROP TABLE IF EXISTS `pages`;
/*!40101 SET @saved_cs_client     = @@character_set_client */;
/*!40101 SET character_set_client = utf8 */;
CREATE TABLE `pages` (
  `id` bigint unsigned NOT NULL AUTO_INCREMENT,
  `name` varchar(120) COLLATE utf8mb4_unicode_ci NOT NULL,
  `content` longtext COLLATE utf8mb4_unicode_ci,
  `user_id` bigint unsigned DEFAULT NULL,
  `image` varchar(191) COLLATE utf8mb4_unicode_ci DEFAULT NULL,
  `template` varchar(60) COLLATE utf8mb4_unicode_ci DEFAULT NULL,
  `description` varchar(400) COLLATE utf8mb4_unicode_ci DEFAULT NULL,
  `status` varchar(60) COLLATE utf8mb4_unicode_ci NOT NULL DEFAULT 'published',
  `created_at` timestamp NULL DEFAULT NULL,
  `updated_at` timestamp NULL DEFAULT NULL,
  PRIMARY KEY (`id`),
  KEY `pages_user_id_index` (`user_id`)
) ENGINE=InnoDB AUTO_INCREMENT=12 DEFAULT CHARSET=utf8mb4 COLLATE=utf8mb4_unicode_ci;
/*!40101 SET character_set_client = @saved_cs_client */;

--
-- Dumping data for table `pages`
--

LOCK TABLES `pages` WRITE;
/*!40000 ALTER TABLE `pages` DISABLE KEYS */;
INSERT INTO `pages` VALUES (1,'Wooden Home','[simple-slider key=\"slider-home-1\" style=\"wooden\" ads_1=\"IYHICPADQD5X\" ads_2=\"R4YAV9FECJUS\"][/simple-slider][product-categories title=&quot;Top &lt;span&gt;Categories&lt;/span&gt;&quot; category_ids=&quot;10,11,12,13,14,15&quot; style=&quot;wooden&quot; enable_lazy_loading=&quot;yes&quot;][/product-categories][products style=&quot;wooden&quot; title=&quot;Popular &lt;span&gt;Products&lt;/span&gt;&quot; limit=&quot;10&quot; enable_lazy_loading=&quot;yes&quot;][/products][deal-product flash_sale_id=\"1\" style=\"wooden\" enable_lazy_loading=\"yes\"][/deal-product][gallery title=\"ninico-shop\" limit=\"6\" subtitle=\"Follow On\" enable_lazy_loading=\"yes\"][/gallery]',1,NULL,'full-width',NULL,'published','2025-01-21 09:39:02','2025-01-21 09:39:02'),(2,'Fashion Home','[simple-slider key=\"slider-home-2\" style=\"fashion\"][/simple-slider][product-categories title=&quot;Top &lt;span&gt;Categories&lt;/span&gt;&quot; category_ids=&quot;1,2,3,4&quot; style=&quot;fashion&quot; enable_lazy_loading=&quot;yes&quot;][/product-categories][products style=&quot;fashion&quot; title=&quot;Popular &lt;span&gt;Products&lt;/span&gt;&quot; limit=&quot;10&quot; enable_lazy_loading=&quot;yes&quot;][/products][theme-ads key_1=\"QPTCBJBOJOSY\" key_2=\"T2VFLDYYIJEH\" enable_lazy_loading=\"yes\"][/theme-ads][featured-posts title=\"Popular Posts\" limit=\"4\" enable_lazy_loading=\"yes\"][/featured-posts][brands title=\"Happy Sponsors\" quantity=\"6\" name_1=\"Bustle\" image_1=\"brands/brand-01.png\" link_1=\"#\" name_2=\"Bazaar\" image_2=\"brands/brand-02.png\" link_2=\"#\" name_3=\"goop\" image_3=\"brands/brand-03.png\" link_3=\"#\" name_4=\"Brit + Co\" image_4=\"brands/brand-04.png\" link_4=\"#\" name_5=\"The Coveteur\" image_5=\"brands/brand-05.png\" link_5=\"#\" name_6=\"allure\" image_6=\"brands/brand-06.png\" link_6=\"#\" enable_lazy_loading=\"yes\"][/brands]',1,NULL,'full-width',NULL,'published','2025-01-21 09:39:02','2025-01-21 09:39:02'),(3,'Furniture Home','[simple-slider key=\"slider-furniture\" style=\"furniture\"][/simple-slider][services quantity=\"4\" title_1=\"Free shipping\" description_1=\"Free shipping on orders over.\" image_1=\"icons/box.png\" title_2=\"Free Returns\" description_2=\"30-days free return policy\" image_2=\"icons/car.png\" title_3=\"Secured Payments\" description_3=\"We accept all major credit cards\" image_3=\"icons/payment.png\" title_4=\"Customer Service\" description_4=\"Top notch customer service\" image_4=\"icons/hours.png\" enable_lazy_loading=\"yes\"][/services][products style=&quot;wooden&quot; title=&quot;Popular &lt;span&gt;Products&lt;/span&gt;&quot; limit=&quot;10&quot; enable_lazy_loading=&quot;yes&quot;][/products][theme-ads style=\"furniture\" key_1=\"JO7LLJHFH1RO\" key_2=\"L8GDJUBVD2TQ\" key_3=\"PXJPAXLOCVRS\" enable_lazy_loading=\"yes\"][/theme-ads][deal-product flash_sale_id=\"1\" enable_lazy_loading=\"yes\"][/deal-product][products-slide title=\"Top Sell In Month\" limit=\"5\" type=\"trending\" enable_lazy_loading=\"yes\"][/products-slide][brands title=\"Happy Sponsors\" background_color=\"#040404\" quantity=\"6\" name_1=\"Bustle\" image_1=\"brands/brand-w-01.png\" link_1=\"https://www.bustle.com\" name_2=\"Bazaar\" image_2=\"brands/brand-w-02.png\" link_2=\"https://www.harpersbazaar.com\" name_3=\"Goop\" image_3=\"brands/brand-w-03.png\" link_3=\"https://goop.com/\" name_4=\"Brit + Co\" image_4=\"brands/brand-w-04.png\" link_4=\"https://www.brit.co\" name_5=\"The Couture Club\" image_5=\"brands/brand-w-05.png\" link_5=\"https://www.thecoutureclub.com\" name_6=\"Allure\" image_6=\"brands/brand-w-06.png\" link_6=\"https://www.allure.com\" enable_lazy_loading=\"yes\"][/brands][featured-posts title=\"Blog & Insights\" limit=\"4\" type=\"popular\" url=\"/blog\" enable_lazy_loading=\"yes\"][/featured-posts]',1,NULL,'full-width',NULL,'published','2025-01-21 09:39:02','2025-01-21 09:39:02'),(4,'Cosmetics Home','[simple-slider key=\"slider-cosmetics\" style=\"cosmetics\"][/simple-slider][brands background_color=\"#F7EFEC\" quantity=\"6\" name_1=\"Bustle\" image_1=\"brands/pla-brand-01.png\" link_1=\"https://www.bustle.com\" name_2=\"Bazaar\" image_2=\"brands/pla-brand-02.png\" link_2=\"https://www.harpersbazaar.com\" name_3=\"Goop\" image_3=\"brands/pla-brand-03.png\" link_3=\"https://goop.com/\" name_4=\"Brit + Co\" image_4=\"brands/pla-brand-04.png\" link_4=\"https://www.brit.co\" name_5=\"The Couture Club\" image_5=\"brands/pla-brand-05.png\" link_5=\"https://www.thecoutureclub.com\" name_6=\"Allure\" image_6=\"brands/pla-brand-06.png\" link_6=\"https://www.allure.com\" enable_lazy_loading=\"yes\"][/brands][product-collections collection_ids=\"4,5,6,7\" enable_lazy_loading=\"yes\"][/product-collections][products style=&quot;wooden&quot; title=&quot;Popular &lt;span&gt;Products&lt;/span&gt;&quot; limit=&quot;4&quot; enable_lazy_loading=&quot;yes&quot;][/products][product-categories category_ids=\"10,11,12,13,14,15\" style=\"cosmetics\" enable_lazy_loading=\"yes\"][/product-categories][deal-product flash_sale_id=\"1\" style=\"cosmetics\" marque_text=\"Great Deal Of The Day Shop Now\" marque_highlight_text=\"Shop Now\" marque_highlight_url=\"/products\" highlight_background=\"blog/9.jpg\" enable_lazy_loading=\"yes\"][/deal-product][testimonials title=\"User Feedbacks\" limit=\"3\" enable_lazy_loading=\"yes\"][/testimonials][featured-posts title=\"Blog & Insights\" limit=\"4\" type=\"popular\" url=\"/blog\" enable_lazy_loading=\"yes\"][/featured-posts]',1,NULL,'full-width',NULL,'published','2025-01-21 09:39:02','2025-01-21 09:39:02'),(5,'Food Grocery Home','[simple-slider key=\"slider-grocery\" style=\"grocery\" ads_1=\"EMRCINED6AX9\" ads_2=\"JVMDAIB9HO2I\" background_image=\"banners/banner-bg-05.jpg\"][/simple-slider][services quantity=\"4\" title_1=\"Free shipping\" description_1=\"Free shipping on orders over.\" image_1=\"icons/box.png\" title_2=\"Free Returns\" description_2=\"30-days free return policy\" image_2=\"icons/car.png\" title_3=\"Secured Payments\" description_3=\"We accept all major credit cards\" image_3=\"icons/payment.png\" title_4=\"Customer Service\" description_4=\"Top notch customer service\" image_4=\"icons/hours.png\" enable_lazy_loading=\"yes\"][/services][products style=&quot;wooden&quot; title=&quot;Popular &lt;span&gt;Products&lt;/span&gt;&quot; limit=&quot;10&quot; enable_lazy_loading=&quot;yes&quot;][/products][deal-product flash_sale_id=\"1\" style=\"cosmetics\" enable_lazy_loading=\"yes\"][/deal-product][products-by-categories category_ids=\"2,3,6,11\" number_of_products=\"4\" enable_lazy_loading=\"yes\"][/products-by-categories][testimonials title=\"User Feedbacks\" limit=\"3\" background_color=\"#F7EFEC\" card_color=\"#FFFFFF\" enable_lazy_loading=\"yes\"][/testimonials][featured-posts title=\"Blog & Insights\" limit=\"4\" url=\"/blog\" enable_lazy_loading=\"yes\"][/featured-posts]',1,NULL,'full-width',NULL,'published','2025-01-21 09:39:02','2025-01-21 09:39:02'),(6,'Blog',NULL,1,NULL,NULL,NULL,'published','2025-01-21 09:39:02','2025-01-21 09:39:02'),(7,'About','[about image_1=\"banners/about-img-1.jpg\" image_2=\"banners/about-img-2.jpg\" logo=\"banners/about-img-3.png\" title=\"About Our Story\" subtitle=\"About Us\" story_text_1=\"Publish your eCommerce site quickly with our easy-to-use store builder— no coding required. Migrate your items from your point of sale system or turn your Instagram feed into a shopping site and start selling fast. Square Online works for all kinds of businesses—retail, restaurants, services without costly customization or add ons. Get orders to your customers in lots of ways by offering shipping, pickup, delivery, and even QR code ordering.\" story_text_2=\"Expand your reach and sell more using seamless integrations with Google, Instagram, Facebook, and more. Built- in SEO tools make it easy for shoppers to find your business on search engines. Get access to the entire suite of integrated Square solutions to help you run your business. Integration between Square Online and all Square point of sale systems makes inventory management easy. Subscribe to Square Marketing and easily send email promotions to your customers using the contact information.\" list_item_1=\"Orders go right to your restaurant point of sale, KDS, and kitchen\" list_item_url_1=\"#\" list_item_2=\"Provide in-person pickup, & delivery by professional couriers\" list_item_url_2=\"#\" list_item_3=\"Offer in-person diners self-serve, contactless ordering via QR codes.\" list_item_url_3=\"#\" enable_lazy_loading=\"yes\"][/about][team title=\"Meet With Team\" subtitle=\"Team\" team_ids=\"1,2,3,4\"][/team][features quantity=\"2\" title_1=\"Solutions that work together\" subtitle_1=\"Features #01\" description_1=\"Publish your eCommerce site quickly with our easy-to-use store builder— no coding required. Migrate your items from your point of sale system or turn your Instagram feed into a shopping site and start selling fast. Square Online works for all kinds of businesses—retail, restaurants, services.\" image_1=\"banners/about-banner-1.jpg\" button_label_1=\"Get In Touch\" button_url_1=\"#\" title_2=\"All kinds of payments securely\" subtitle_2=\"Features #02\" description_2=\"Publish your eCommerce site quickly with our easy-to-use store builder— no coding required. Migrate your items from your point of sale system or turn your Instagram feed into a shopping site and start selling fast. Square Online works for all kinds of businesses—retail, restaurants, services.\" image_2=\"banners/about-banner-2.jpg\" button_label_2=\"Contact With Us\" button_url_2=\"#\" enable_lazy_loading=\"yes\"][/features]',1,NULL,'default',NULL,'published','2025-01-21 09:39:02','2025-01-21 09:39:02'),(8,'Contact','[contact-box title=\"Get In Touch\" address=\"24/26 Strait Bargate, Boston, PE21, United Kingdom\" phone=\" +098 (905) 786 897 8\" email=\"ninico@example.com\" hours=\"10 am - 10 pm EST, 7 days a week\" show_contact_form=\"1\" button_label_1=\"Get Support On Call\" button_url_1=\"#\" button_icon_1=\"fa fa-headphones-alt\" button_label_2=\"Get Direction\" button_url_2=\"#\" button_icon_2=\"fa fa-map-marker-alt\"][/contact-box][google-map]24/26 Strait Bargate, Boston, PE21, United Kingdom[/google-map]',1,NULL,NULL,NULL,'published','2025-01-21 09:39:02','2025-01-21 09:39:02'),(9,'Coming soon','[coming-soon title=\"We are Coming Soon\" subtitle=\"Coming Soon!\" time=\"2025-10-24\" background_image=\"banners/coming-soon.jpg\" logo_style=\"general/logo-white.png\" show_subscribe_form=\"1\"][/coming-soon]',1,NULL,'blank',NULL,'published','2025-01-21 09:39:02','2025-01-21 09:39:02'),(10,'Store Locator','[shop-location quantity=\"4\" name_1=\"Baldwin Hills Crenshaw Plaza\" address_1=\"24/26 Strait Bargate, Boston, PE21, United Kingdom\" phone_1=\"+098 (905) 786 897 8\" hours_1=\"10 am - 10 pm EST, 7 days a week\" image_1=\"shop/location-1.png\" name_2=\"Ninico Hills Crenshaw Plaza\" address_2=\" 36/26 Strait Bargate, Boston, PE21, United Kingdom\" phone_2=\"+098 112 786 897 8\" hours_2=\"9 am - 10 pm EST, 5 days a week\" image_2=\"shop/location-2.png\" name_3=\"Vegas BGM Crenshaw Plaza\" address_3=\"40/26 Strait Bargate, Vegas, PE21, United Kingdom\" phone_3=\" +098 (905) 786 897 8\" hours_3=\"10 am - 10 pm EST, 7 days a week\" image_3=\"shop/location-3.png\" name_4=\"Bargate Cine Crenshaw Plaza\" address_4=\"38/26 Strait Bargate, Point, PE21, United Kingdom\" phone_4=\"6 - 146 - 389 - 5748\" hours_4=\"10 am - 10 pm EST, 7 days a week\" image_4=\"shop/location-4.png\" enable_lazy_loading=\"yes\"][/shop-location][google-map]New York, USA[/google-map]',1,NULL,NULL,NULL,'published','2025-01-21 09:39:02','2025-01-21 09:39:02'),(11,'FAQs','[faqs category_ids=\"1,2,3\"][/faqs]Get in touch<p>&nbsp;</p>\n                    <p>&nbsp;</p>\n                    <p><span style=\"font-size:24px;\"><strong>Get in touch</strong></span></p>[contact-form][/contact-form]',1,NULL,NULL,NULL,'published','2025-01-21 09:39:02','2025-01-21 09:39:02');
/*!40000 ALTER TABLE `pages` ENABLE KEYS */;
UNLOCK TABLES;

--
-- Table structure for table `pages_translations`
--

DROP TABLE IF EXISTS `pages_translations`;
/*!40101 SET @saved_cs_client     = @@character_set_client */;
/*!40101 SET character_set_client = utf8 */;
CREATE TABLE `pages_translations` (
  `lang_code` varchar(20) COLLATE utf8mb4_unicode_ci NOT NULL,
  `pages_id` bigint unsigned NOT NULL,
  `name` varchar(191) COLLATE utf8mb4_unicode_ci DEFAULT NULL,
  `description` varchar(400) COLLATE utf8mb4_unicode_ci DEFAULT NULL,
  `content` longtext COLLATE utf8mb4_unicode_ci,
  PRIMARY KEY (`lang_code`,`pages_id`)
) ENGINE=InnoDB DEFAULT CHARSET=utf8mb4 COLLATE=utf8mb4_unicode_ci;
/*!40101 SET character_set_client = @saved_cs_client */;

--
-- Dumping data for table `pages_translations`
--

LOCK TABLES `pages_translations` WRITE;
/*!40000 ALTER TABLE `pages_translations` DISABLE KEYS */;
/*!40000 ALTER TABLE `pages_translations` ENABLE KEYS */;
UNLOCK TABLES;

--
-- Table structure for table `password_reset_tokens`
--

DROP TABLE IF EXISTS `password_reset_tokens`;
/*!40101 SET @saved_cs_client     = @@character_set_client */;
/*!40101 SET character_set_client = utf8 */;
CREATE TABLE `password_reset_tokens` (
  `email` varchar(191) COLLATE utf8mb4_unicode_ci NOT NULL,
  `token` varchar(191) COLLATE utf8mb4_unicode_ci NOT NULL,
  `created_at` timestamp NULL DEFAULT NULL,
  PRIMARY KEY (`email`)
) ENGINE=InnoDB DEFAULT CHARSET=utf8mb4 COLLATE=utf8mb4_unicode_ci;
/*!40101 SET character_set_client = @saved_cs_client */;

--
-- Dumping data for table `password_reset_tokens`
--

LOCK TABLES `password_reset_tokens` WRITE;
/*!40000 ALTER TABLE `password_reset_tokens` DISABLE KEYS */;
/*!40000 ALTER TABLE `password_reset_tokens` ENABLE KEYS */;
UNLOCK TABLES;

--
-- Table structure for table `payment_logs`
--

DROP TABLE IF EXISTS `payment_logs`;
/*!40101 SET @saved_cs_client     = @@character_set_client */;
/*!40101 SET character_set_client = utf8 */;
CREATE TABLE `payment_logs` (
  `id` bigint unsigned NOT NULL AUTO_INCREMENT,
  `payment_method` varchar(191) COLLATE utf8mb4_unicode_ci NOT NULL,
  `request` longtext COLLATE utf8mb4_unicode_ci,
  `response` longtext COLLATE utf8mb4_unicode_ci,
  `ip_address` varchar(45) COLLATE utf8mb4_unicode_ci NOT NULL,
  `created_at` timestamp NULL DEFAULT NULL,
  `updated_at` timestamp NULL DEFAULT NULL,
  PRIMARY KEY (`id`)
) ENGINE=InnoDB DEFAULT CHARSET=utf8mb4 COLLATE=utf8mb4_unicode_ci;
/*!40101 SET character_set_client = @saved_cs_client */;

--
-- Dumping data for table `payment_logs`
--

LOCK TABLES `payment_logs` WRITE;
/*!40000 ALTER TABLE `payment_logs` DISABLE KEYS */;
/*!40000 ALTER TABLE `payment_logs` ENABLE KEYS */;
UNLOCK TABLES;

--
-- Table structure for table `payments`
--

DROP TABLE IF EXISTS `payments`;
/*!40101 SET @saved_cs_client     = @@character_set_client */;
/*!40101 SET character_set_client = utf8 */;
CREATE TABLE `payments` (
  `id` bigint unsigned NOT NULL AUTO_INCREMENT,
  `currency` varchar(120) COLLATE utf8mb4_unicode_ci DEFAULT NULL,
  `user_id` bigint unsigned NOT NULL DEFAULT '0',
  `charge_id` varchar(191) COLLATE utf8mb4_unicode_ci DEFAULT NULL,
  `payment_channel` varchar(60) COLLATE utf8mb4_unicode_ci DEFAULT NULL,
  `description` varchar(400) COLLATE utf8mb4_unicode_ci DEFAULT NULL,
  `amount` decimal(15,2) unsigned NOT NULL,
  `order_id` bigint unsigned DEFAULT NULL,
  `status` varchar(60) COLLATE utf8mb4_unicode_ci DEFAULT 'pending',
  `payment_type` varchar(191) COLLATE utf8mb4_unicode_ci DEFAULT 'confirm',
  `customer_id` bigint unsigned DEFAULT NULL,
  `refunded_amount` decimal(15,2) unsigned DEFAULT NULL,
  `refund_note` varchar(191) COLLATE utf8mb4_unicode_ci DEFAULT NULL,
  `created_at` timestamp NULL DEFAULT NULL,
  `updated_at` timestamp NULL DEFAULT NULL,
  `customer_type` varchar(191) COLLATE utf8mb4_unicode_ci DEFAULT NULL,
  `metadata` mediumtext COLLATE utf8mb4_unicode_ci,
  PRIMARY KEY (`id`)
) ENGINE=InnoDB DEFAULT CHARSET=utf8mb4 COLLATE=utf8mb4_unicode_ci;
/*!40101 SET character_set_client = @saved_cs_client */;

--
-- Dumping data for table `payments`
--

LOCK TABLES `payments` WRITE;
/*!40000 ALTER TABLE `payments` DISABLE KEYS */;
/*!40000 ALTER TABLE `payments` ENABLE KEYS */;
UNLOCK TABLES;

--
-- Table structure for table `personal_access_tokens`
--

DROP TABLE IF EXISTS `personal_access_tokens`;
/*!40101 SET @saved_cs_client     = @@character_set_client */;
/*!40101 SET character_set_client = utf8 */;
CREATE TABLE `personal_access_tokens` (
  `id` bigint unsigned NOT NULL AUTO_INCREMENT,
  `tokenable_type` varchar(191) COLLATE utf8mb4_unicode_ci NOT NULL,
  `tokenable_id` bigint unsigned NOT NULL,
  `name` varchar(191) COLLATE utf8mb4_unicode_ci NOT NULL,
  `token` varchar(64) COLLATE utf8mb4_unicode_ci NOT NULL,
  `abilities` text COLLATE utf8mb4_unicode_ci,
  `last_used_at` timestamp NULL DEFAULT NULL,
  `expires_at` timestamp NULL DEFAULT NULL,
  `created_at` timestamp NULL DEFAULT NULL,
  `updated_at` timestamp NULL DEFAULT NULL,
  PRIMARY KEY (`id`),
  UNIQUE KEY `personal_access_tokens_token_unique` (`token`),
  KEY `personal_access_tokens_tokenable_type_tokenable_id_index` (`tokenable_type`,`tokenable_id`)
) ENGINE=InnoDB DEFAULT CHARSET=utf8mb4 COLLATE=utf8mb4_unicode_ci;
/*!40101 SET character_set_client = @saved_cs_client */;

--
-- Dumping data for table `personal_access_tokens`
--

LOCK TABLES `personal_access_tokens` WRITE;
/*!40000 ALTER TABLE `personal_access_tokens` DISABLE KEYS */;
/*!40000 ALTER TABLE `personal_access_tokens` ENABLE KEYS */;
UNLOCK TABLES;

--
-- Table structure for table `post_categories`
--

DROP TABLE IF EXISTS `post_categories`;
/*!40101 SET @saved_cs_client     = @@character_set_client */;
/*!40101 SET character_set_client = utf8 */;
CREATE TABLE `post_categories` (
  `category_id` bigint unsigned NOT NULL,
  `post_id` bigint unsigned NOT NULL,
  KEY `post_categories_category_id_index` (`category_id`),
  KEY `post_categories_post_id_index` (`post_id`)
) ENGINE=InnoDB DEFAULT CHARSET=utf8mb4 COLLATE=utf8mb4_unicode_ci;
/*!40101 SET character_set_client = @saved_cs_client */;

--
-- Dumping data for table `post_categories`
--

LOCK TABLES `post_categories` WRITE;
/*!40000 ALTER TABLE `post_categories` DISABLE KEYS */;
INSERT INTO `post_categories` VALUES (2,1),(3,1),(1,2),(4,2),(1,3),(2,3),(2,4),(4,4),(2,5),(4,5),(4,6),(3,6),(1,7),(3,8),(1,8),(4,9),(2,10),(3,10),(3,11),(2,11);
/*!40000 ALTER TABLE `post_categories` ENABLE KEYS */;
UNLOCK TABLES;

--
-- Table structure for table `post_tags`
--

DROP TABLE IF EXISTS `post_tags`;
/*!40101 SET @saved_cs_client     = @@character_set_client */;
/*!40101 SET character_set_client = utf8 */;
CREATE TABLE `post_tags` (
  `tag_id` bigint unsigned NOT NULL,
  `post_id` bigint unsigned NOT NULL,
  KEY `post_tags_tag_id_index` (`tag_id`),
  KEY `post_tags_post_id_index` (`post_id`)
) ENGINE=InnoDB DEFAULT CHARSET=utf8mb4 COLLATE=utf8mb4_unicode_ci;
/*!40101 SET character_set_client = @saved_cs_client */;

--
-- Dumping data for table `post_tags`
--

LOCK TABLES `post_tags` WRITE;
/*!40000 ALTER TABLE `post_tags` DISABLE KEYS */;
INSERT INTO `post_tags` VALUES (2,1),(5,1),(1,1),(4,2),(1,2),(3,2),(4,3),(2,3),(3,4),(5,4),(5,5),(3,5),(4,5),(5,6),(2,6),(4,7),(2,7),(2,8),(5,8),(4,8),(4,9),(1,9),(1,10),(2,10),(3,10),(5,11),(1,11);
/*!40000 ALTER TABLE `post_tags` ENABLE KEYS */;
UNLOCK TABLES;

--
-- Table structure for table `posts`
--

DROP TABLE IF EXISTS `posts`;
/*!40101 SET @saved_cs_client     = @@character_set_client */;
/*!40101 SET character_set_client = utf8 */;
CREATE TABLE `posts` (
  `id` bigint unsigned NOT NULL AUTO_INCREMENT,
  `name` varchar(191) COLLATE utf8mb4_unicode_ci NOT NULL,
  `description` varchar(400) COLLATE utf8mb4_unicode_ci DEFAULT NULL,
  `content` longtext COLLATE utf8mb4_unicode_ci,
  `status` varchar(60) COLLATE utf8mb4_unicode_ci NOT NULL DEFAULT 'published',
  `author_id` bigint unsigned DEFAULT NULL,
  `author_type` varchar(191) COLLATE utf8mb4_unicode_ci NOT NULL,
  `is_featured` tinyint unsigned NOT NULL DEFAULT '0',
  `image` varchar(191) COLLATE utf8mb4_unicode_ci DEFAULT NULL,
  `views` int unsigned NOT NULL DEFAULT '0',
  `format_type` varchar(30) COLLATE utf8mb4_unicode_ci DEFAULT NULL,
  `created_at` timestamp NULL DEFAULT NULL,
  `updated_at` timestamp NULL DEFAULT NULL,
  PRIMARY KEY (`id`),
  KEY `posts_status_index` (`status`),
  KEY `posts_author_id_index` (`author_id`),
  KEY `posts_author_type_index` (`author_type`),
  KEY `posts_created_at_index` (`created_at`)
) ENGINE=InnoDB AUTO_INCREMENT=12 DEFAULT CHARSET=utf8mb4 COLLATE=utf8mb4_unicode_ci;
/*!40101 SET character_set_client = @saved_cs_client */;

--
-- Dumping data for table `posts`
--

LOCK TABLES `posts` WRITE;
/*!40000 ALTER TABLE `posts` DISABLE KEYS */;
INSERT INTO `posts` VALUES (1,'4 Expert Tips On How To Choose The Right Men’s Wallet','I only wish it was,\' he said. (Which he certainly did NOT, being made entirely of cardboard.) \'All right, so far,\' thought Alice, \'shall I NEVER get any older than I am now? That\'ll be a queer.','<p>I have seen many people underestimating the power of their wallets. To them, they are just a functional item they use to carry. As a result, they often end up with the wallets which are not really suitable for them.</p>\n\n<p>You should pay more attention when you choose your wallets. There are a lot of them on the market with the different designs and styles. When you choose carefully, you would be able to buy a wallet that is catered to your needs. Not to mention that it will help to enhance your style significantly.</p>\n\n<p style=\"text-align:center\"><img alt=\"f4\" src=\"/storage/blog/blog-in-01.jpg\" /></p>\n\n<p><br />\n    &nbsp;</p>\n\n<p><strong><em>For all of the reason above, here are 7 expert tips to help you pick up the right men&rsquo;s wallet for you:</em></strong></p>\n\n<h4><strong>Number 1: Choose A Neat Wallet</strong></h4>\n\n<p>The wallet is an essential accessory that you should go simple. Simplicity is the best in this case. A simple and neat wallet with the plain color and even&nbsp;<strong>minimalist style</strong>&nbsp;is versatile. It can be used for both formal and casual events. In addition, that wallet will go well with most of the clothes in your wardrobe.</p>\n\n<p>Keep in mind that a wallet will tell other people about your personality and your fashion sense as much as other clothes you put on. Hence, don&rsquo;t go cheesy on your wallet or else people will think that you have a funny and particular style.</p>\n\n<p style=\"text-align:center\"><img alt=\"f5\" src=\"/storage/blog/blog-in-02.jpg\" /></p>\n\n<p><br />\n    &nbsp;</p>\n<hr />\n<h4><strong>Number 2: Choose The Right Size For Your Wallet</strong></h4>\n\n<p>You should avoid having an over-sized wallet. Don&rsquo;t think that you need to buy a big wallet because you have a lot to carry with you. In addition, a fat wallet is very ugly. It will make it harder for you to slide the wallet into your trousers&rsquo; pocket. In addition, it will create a bulge and ruin your look.</p>\n\n<p>Before you go on to buy a new wallet, clean out your wallet and place all the items from your wallet on a table. Throw away things that you would never need any more such as the old bills or the expired gift cards. Remember to check your wallet on a frequent basis to get rid of all of the old stuff that you don&rsquo;t need anymore.</p>\n\n<p style=\"text-align:center\"><img alt=\"f1\" src=\"/storage/blog/blog-in-03.jpg\" /></p>\n\n<p><br />\n    &nbsp;</p>\n\n<hr />\n<h4><strong>Number 3: Don&rsquo;t Limit Your Options Of Materials</strong></h4>\n\n<p>The types and designs of wallets are not the only things that you should consider when you go out searching for your best wallet. You have more than 1 option of material rather than leather to choose from as well.</p>\n\n<p>You can experiment with other available options such as cotton, polyester and canvas. They all have their own pros and cons. As a result, they will be suitable for different needs and requirements. You should think about them all in order to choose the material which you would like the most.</p>\n\n<p style=\"text-align:center\"><img alt=\"f6\" src=\"/storage/blog/blog-in-04.jpg\" /></p>\n\n<p><br />\n    &nbsp;</p>\n\n<hr />\n<h4><strong>Number 4: Consider A Wallet As A Long Term Investment</strong></h4>\n\n<p>Your wallet is indeed an investment that you should consider spending a decent amount of time and effort on it. Another factor that you need to consider is how much you want to spend on your wallet. The price ranges of wallets on the market vary a great deal. You can find a wallet which is as cheap as about 5 to 7 dollars. On the other hand, you should expect to pay around 250 to 300 dollars for a high-quality wallet.</p>\n\n<p>In case you need a wallet to use for a long time, it is a good idea that you should invest a decent amount of money on a wallet. A high quality wallet from a reputational brand with the premium quality such as cowhide leather will last for a long time. In addition, it is an accessory to show off your fashion sense and your social status.</p>\n\n<p style=\"text-align:center\"><img alt=\"f2\" src=\"/storage/blog/blog-in-05.jpg\" /></p>\n\n<p>&nbsp;</p>\n','published',1,'Botble\\ACL\\Models\\User',1,'blog/1.jpg',1756,NULL,'2025-01-21 09:39:00','2025-01-21 09:39:00'),(2,'Sexy Clutches: How to Buy &amp; Wear a Designer Clutch Bag','Alice, (she had grown so large in the prisoner\'s handwriting?\' asked another of the moment she quite forgot you didn\'t sign it,\' said the March Hare. \'Sixteenth,\' added the Dormouse. \'Fourteenth of.','<p>I have seen many people underestimating the power of their wallets. To them, they are just a functional item they use to carry. As a result, they often end up with the wallets which are not really suitable for them.</p>\n\n<p>You should pay more attention when you choose your wallets. There are a lot of them on the market with the different designs and styles. When you choose carefully, you would be able to buy a wallet that is catered to your needs. Not to mention that it will help to enhance your style significantly.</p>\n\n<p style=\"text-align:center\"><img alt=\"f4\" src=\"/storage/blog/blog-in-01.jpg\" /></p>\n\n<p><br />\n    &nbsp;</p>\n\n<p><strong><em>For all of the reason above, here are 7 expert tips to help you pick up the right men&rsquo;s wallet for you:</em></strong></p>\n\n<h4><strong>Number 1: Choose A Neat Wallet</strong></h4>\n\n<p>The wallet is an essential accessory that you should go simple. Simplicity is the best in this case. A simple and neat wallet with the plain color and even&nbsp;<strong>minimalist style</strong>&nbsp;is versatile. It can be used for both formal and casual events. In addition, that wallet will go well with most of the clothes in your wardrobe.</p>\n\n<p>Keep in mind that a wallet will tell other people about your personality and your fashion sense as much as other clothes you put on. Hence, don&rsquo;t go cheesy on your wallet or else people will think that you have a funny and particular style.</p>\n\n<p style=\"text-align:center\"><img alt=\"f5\" src=\"/storage/blog/blog-in-02.jpg\" /></p>\n\n<p><br />\n    &nbsp;</p>\n<hr />\n<h4><strong>Number 2: Choose The Right Size For Your Wallet</strong></h4>\n\n<p>You should avoid having an over-sized wallet. Don&rsquo;t think that you need to buy a big wallet because you have a lot to carry with you. In addition, a fat wallet is very ugly. It will make it harder for you to slide the wallet into your trousers&rsquo; pocket. In addition, it will create a bulge and ruin your look.</p>\n\n<p>Before you go on to buy a new wallet, clean out your wallet and place all the items from your wallet on a table. Throw away things that you would never need any more such as the old bills or the expired gift cards. Remember to check your wallet on a frequent basis to get rid of all of the old stuff that you don&rsquo;t need anymore.</p>\n\n<p style=\"text-align:center\"><img alt=\"f1\" src=\"/storage/blog/blog-in-03.jpg\" /></p>\n\n<p><br />\n    &nbsp;</p>\n\n<hr />\n<h4><strong>Number 3: Don&rsquo;t Limit Your Options Of Materials</strong></h4>\n\n<p>The types and designs of wallets are not the only things that you should consider when you go out searching for your best wallet. You have more than 1 option of material rather than leather to choose from as well.</p>\n\n<p>You can experiment with other available options such as cotton, polyester and canvas. They all have their own pros and cons. As a result, they will be suitable for different needs and requirements. You should think about them all in order to choose the material which you would like the most.</p>\n\n<p style=\"text-align:center\"><img alt=\"f6\" src=\"/storage/blog/blog-in-04.jpg\" /></p>\n\n<p><br />\n    &nbsp;</p>\n\n<hr />\n<h4><strong>Number 4: Consider A Wallet As A Long Term Investment</strong></h4>\n\n<p>Your wallet is indeed an investment that you should consider spending a decent amount of time and effort on it. Another factor that you need to consider is how much you want to spend on your wallet. The price ranges of wallets on the market vary a great deal. You can find a wallet which is as cheap as about 5 to 7 dollars. On the other hand, you should expect to pay around 250 to 300 dollars for a high-quality wallet.</p>\n\n<p>In case you need a wallet to use for a long time, it is a good idea that you should invest a decent amount of money on a wallet. A high quality wallet from a reputational brand with the premium quality such as cowhide leather will last for a long time. In addition, it is an accessory to show off your fashion sense and your social status.</p>\n\n<p style=\"text-align:center\"><img alt=\"f2\" src=\"/storage/blog/blog-in-05.jpg\" /></p>\n\n<p>&nbsp;</p>\n','published',1,'Botble\\ACL\\Models\\User',1,'blog/2.jpg',1368,NULL,'2025-01-21 09:39:01','2025-01-21 09:39:01'),(3,'The Top 2020 Handbag Trends to Know','Caterpillar. \'Not QUITE right, I\'m afraid,\' said Alice, in a very difficult question. However, at last it sat down and began picking them up again as quickly as she fell past it. \'Well!\' thought.','<p>I have seen many people underestimating the power of their wallets. To them, they are just a functional item they use to carry. As a result, they often end up with the wallets which are not really suitable for them.</p>\n\n<p>You should pay more attention when you choose your wallets. There are a lot of them on the market with the different designs and styles. When you choose carefully, you would be able to buy a wallet that is catered to your needs. Not to mention that it will help to enhance your style significantly.</p>\n\n<p style=\"text-align:center\"><img alt=\"f4\" src=\"/storage/blog/blog-in-01.jpg\" /></p>\n\n<p><br />\n    &nbsp;</p>\n\n<p><strong><em>For all of the reason above, here are 7 expert tips to help you pick up the right men&rsquo;s wallet for you:</em></strong></p>\n\n<h4><strong>Number 1: Choose A Neat Wallet</strong></h4>\n\n<p>The wallet is an essential accessory that you should go simple. Simplicity is the best in this case. A simple and neat wallet with the plain color and even&nbsp;<strong>minimalist style</strong>&nbsp;is versatile. It can be used for both formal and casual events. In addition, that wallet will go well with most of the clothes in your wardrobe.</p>\n\n<p>Keep in mind that a wallet will tell other people about your personality and your fashion sense as much as other clothes you put on. Hence, don&rsquo;t go cheesy on your wallet or else people will think that you have a funny and particular style.</p>\n\n<p style=\"text-align:center\"><img alt=\"f5\" src=\"/storage/blog/blog-in-02.jpg\" /></p>\n\n<p><br />\n    &nbsp;</p>\n<hr />\n<h4><strong>Number 2: Choose The Right Size For Your Wallet</strong></h4>\n\n<p>You should avoid having an over-sized wallet. Don&rsquo;t think that you need to buy a big wallet because you have a lot to carry with you. In addition, a fat wallet is very ugly. It will make it harder for you to slide the wallet into your trousers&rsquo; pocket. In addition, it will create a bulge and ruin your look.</p>\n\n<p>Before you go on to buy a new wallet, clean out your wallet and place all the items from your wallet on a table. Throw away things that you would never need any more such as the old bills or the expired gift cards. Remember to check your wallet on a frequent basis to get rid of all of the old stuff that you don&rsquo;t need anymore.</p>\n\n<p style=\"text-align:center\"><img alt=\"f1\" src=\"/storage/blog/blog-in-03.jpg\" /></p>\n\n<p><br />\n    &nbsp;</p>\n\n<hr />\n<h4><strong>Number 3: Don&rsquo;t Limit Your Options Of Materials</strong></h4>\n\n<p>The types and designs of wallets are not the only things that you should consider when you go out searching for your best wallet. You have more than 1 option of material rather than leather to choose from as well.</p>\n\n<p>You can experiment with other available options such as cotton, polyester and canvas. They all have their own pros and cons. As a result, they will be suitable for different needs and requirements. You should think about them all in order to choose the material which you would like the most.</p>\n\n<p style=\"text-align:center\"><img alt=\"f6\" src=\"/storage/blog/blog-in-04.jpg\" /></p>\n\n<p><br />\n    &nbsp;</p>\n\n<hr />\n<h4><strong>Number 4: Consider A Wallet As A Long Term Investment</strong></h4>\n\n<p>Your wallet is indeed an investment that you should consider spending a decent amount of time and effort on it. Another factor that you need to consider is how much you want to spend on your wallet. The price ranges of wallets on the market vary a great deal. You can find a wallet which is as cheap as about 5 to 7 dollars. On the other hand, you should expect to pay around 250 to 300 dollars for a high-quality wallet.</p>\n\n<p>In case you need a wallet to use for a long time, it is a good idea that you should invest a decent amount of money on a wallet. A high quality wallet from a reputational brand with the premium quality such as cowhide leather will last for a long time. In addition, it is an accessory to show off your fashion sense and your social status.</p>\n\n<p style=\"text-align:center\"><img alt=\"f2\" src=\"/storage/blog/blog-in-05.jpg\" /></p>\n\n<p>&nbsp;</p>\n','published',1,'Botble\\ACL\\Models\\User',0,'blog/3.jpg',1634,NULL,'2025-01-21 09:39:01','2025-01-21 09:39:01'),(4,'How to Match the Color of Your Handbag With an Outfit','Alice angrily. \'It wasn\'t very civil of you to death.\"\' \'You are old, Father William,\' the young Crab, a little feeble, squeaking voice, (\'That\'s Bill,\' thought Alice,) \'Well, I should be free of.','<p>I have seen many people underestimating the power of their wallets. To them, they are just a functional item they use to carry. As a result, they often end up with the wallets which are not really suitable for them.</p>\n\n<p>You should pay more attention when you choose your wallets. There are a lot of them on the market with the different designs and styles. When you choose carefully, you would be able to buy a wallet that is catered to your needs. Not to mention that it will help to enhance your style significantly.</p>\n\n<p style=\"text-align:center\"><img alt=\"f4\" src=\"/storage/blog/blog-in-01.jpg\" /></p>\n\n<p><br />\n    &nbsp;</p>\n\n<p><strong><em>For all of the reason above, here are 7 expert tips to help you pick up the right men&rsquo;s wallet for you:</em></strong></p>\n\n<h4><strong>Number 1: Choose A Neat Wallet</strong></h4>\n\n<p>The wallet is an essential accessory that you should go simple. Simplicity is the best in this case. A simple and neat wallet with the plain color and even&nbsp;<strong>minimalist style</strong>&nbsp;is versatile. It can be used for both formal and casual events. In addition, that wallet will go well with most of the clothes in your wardrobe.</p>\n\n<p>Keep in mind that a wallet will tell other people about your personality and your fashion sense as much as other clothes you put on. Hence, don&rsquo;t go cheesy on your wallet or else people will think that you have a funny and particular style.</p>\n\n<p style=\"text-align:center\"><img alt=\"f5\" src=\"/storage/blog/blog-in-02.jpg\" /></p>\n\n<p><br />\n    &nbsp;</p>\n<hr />\n<h4><strong>Number 2: Choose The Right Size For Your Wallet</strong></h4>\n\n<p>You should avoid having an over-sized wallet. Don&rsquo;t think that you need to buy a big wallet because you have a lot to carry with you. In addition, a fat wallet is very ugly. It will make it harder for you to slide the wallet into your trousers&rsquo; pocket. In addition, it will create a bulge and ruin your look.</p>\n\n<p>Before you go on to buy a new wallet, clean out your wallet and place all the items from your wallet on a table. Throw away things that you would never need any more such as the old bills or the expired gift cards. Remember to check your wallet on a frequent basis to get rid of all of the old stuff that you don&rsquo;t need anymore.</p>\n\n<p style=\"text-align:center\"><img alt=\"f1\" src=\"/storage/blog/blog-in-03.jpg\" /></p>\n\n<p><br />\n    &nbsp;</p>\n\n<hr />\n<h4><strong>Number 3: Don&rsquo;t Limit Your Options Of Materials</strong></h4>\n\n<p>The types and designs of wallets are not the only things that you should consider when you go out searching for your best wallet. You have more than 1 option of material rather than leather to choose from as well.</p>\n\n<p>You can experiment with other available options such as cotton, polyester and canvas. They all have their own pros and cons. As a result, they will be suitable for different needs and requirements. You should think about them all in order to choose the material which you would like the most.</p>\n\n<p style=\"text-align:center\"><img alt=\"f6\" src=\"/storage/blog/blog-in-04.jpg\" /></p>\n\n<p><br />\n    &nbsp;</p>\n\n<hr />\n<h4><strong>Number 4: Consider A Wallet As A Long Term Investment</strong></h4>\n\n<p>Your wallet is indeed an investment that you should consider spending a decent amount of time and effort on it. Another factor that you need to consider is how much you want to spend on your wallet. The price ranges of wallets on the market vary a great deal. You can find a wallet which is as cheap as about 5 to 7 dollars. On the other hand, you should expect to pay around 250 to 300 dollars for a high-quality wallet.</p>\n\n<p>In case you need a wallet to use for a long time, it is a good idea that you should invest a decent amount of money on a wallet. A high quality wallet from a reputational brand with the premium quality such as cowhide leather will last for a long time. In addition, it is an accessory to show off your fashion sense and your social status.</p>\n\n<p style=\"text-align:center\"><img alt=\"f2\" src=\"/storage/blog/blog-in-05.jpg\" /></p>\n\n<p>&nbsp;</p>\n','published',1,'Botble\\ACL\\Models\\User',1,'blog/4.jpg',1834,NULL,'2025-01-21 09:39:01','2025-01-21 09:39:01'),(5,'How to Care for Leather Bags','Alice. \'Come, let\'s hear some of the busy farm-yard--while the lowing of the country is, you know. Come on!\' So they got settled down again, the cook was leaning over the verses the White Rabbit was.','<p>I have seen many people underestimating the power of their wallets. To them, they are just a functional item they use to carry. As a result, they often end up with the wallets which are not really suitable for them.</p>\n\n<p>You should pay more attention when you choose your wallets. There are a lot of them on the market with the different designs and styles. When you choose carefully, you would be able to buy a wallet that is catered to your needs. Not to mention that it will help to enhance your style significantly.</p>\n\n<p style=\"text-align:center\"><img alt=\"f4\" src=\"/storage/blog/blog-in-01.jpg\" /></p>\n\n<p><br />\n    &nbsp;</p>\n\n<p><strong><em>For all of the reason above, here are 7 expert tips to help you pick up the right men&rsquo;s wallet for you:</em></strong></p>\n\n<h4><strong>Number 1: Choose A Neat Wallet</strong></h4>\n\n<p>The wallet is an essential accessory that you should go simple. Simplicity is the best in this case. A simple and neat wallet with the plain color and even&nbsp;<strong>minimalist style</strong>&nbsp;is versatile. It can be used for both formal and casual events. In addition, that wallet will go well with most of the clothes in your wardrobe.</p>\n\n<p>Keep in mind that a wallet will tell other people about your personality and your fashion sense as much as other clothes you put on. Hence, don&rsquo;t go cheesy on your wallet or else people will think that you have a funny and particular style.</p>\n\n<p style=\"text-align:center\"><img alt=\"f5\" src=\"/storage/blog/blog-in-02.jpg\" /></p>\n\n<p><br />\n    &nbsp;</p>\n<hr />\n<h4><strong>Number 2: Choose The Right Size For Your Wallet</strong></h4>\n\n<p>You should avoid having an over-sized wallet. Don&rsquo;t think that you need to buy a big wallet because you have a lot to carry with you. In addition, a fat wallet is very ugly. It will make it harder for you to slide the wallet into your trousers&rsquo; pocket. In addition, it will create a bulge and ruin your look.</p>\n\n<p>Before you go on to buy a new wallet, clean out your wallet and place all the items from your wallet on a table. Throw away things that you would never need any more such as the old bills or the expired gift cards. Remember to check your wallet on a frequent basis to get rid of all of the old stuff that you don&rsquo;t need anymore.</p>\n\n<p style=\"text-align:center\"><img alt=\"f1\" src=\"/storage/blog/blog-in-03.jpg\" /></p>\n\n<p><br />\n    &nbsp;</p>\n\n<hr />\n<h4><strong>Number 3: Don&rsquo;t Limit Your Options Of Materials</strong></h4>\n\n<p>The types and designs of wallets are not the only things that you should consider when you go out searching for your best wallet. You have more than 1 option of material rather than leather to choose from as well.</p>\n\n<p>You can experiment with other available options such as cotton, polyester and canvas. They all have their own pros and cons. As a result, they will be suitable for different needs and requirements. You should think about them all in order to choose the material which you would like the most.</p>\n\n<p style=\"text-align:center\"><img alt=\"f6\" src=\"/storage/blog/blog-in-04.jpg\" /></p>\n\n<p><br />\n    &nbsp;</p>\n\n<hr />\n<h4><strong>Number 4: Consider A Wallet As A Long Term Investment</strong></h4>\n\n<p>Your wallet is indeed an investment that you should consider spending a decent amount of time and effort on it. Another factor that you need to consider is how much you want to spend on your wallet. The price ranges of wallets on the market vary a great deal. You can find a wallet which is as cheap as about 5 to 7 dollars. On the other hand, you should expect to pay around 250 to 300 dollars for a high-quality wallet.</p>\n\n<p>In case you need a wallet to use for a long time, it is a good idea that you should invest a decent amount of money on a wallet. A high quality wallet from a reputational brand with the premium quality such as cowhide leather will last for a long time. In addition, it is an accessory to show off your fashion sense and your social status.</p>\n\n<p style=\"text-align:center\"><img alt=\"f2\" src=\"/storage/blog/blog-in-05.jpg\" /></p>\n\n<p>&nbsp;</p>\n','published',1,'Botble\\ACL\\Models\\User',0,'blog/5.jpg',1461,NULL,'2025-01-21 09:39:01','2025-01-21 09:39:01'),(6,'We\'re Crushing Hard on Summer\'s 10 Biggest Bag Trends','WHAT?\' said the Queen, and in his note-book, cackled out \'Silence!\' and read as follows:-- \'The Queen will hear you! You see, she came in with the Mouse was bristling all over, and both the.','<p>I have seen many people underestimating the power of their wallets. To them, they are just a functional item they use to carry. As a result, they often end up with the wallets which are not really suitable for them.</p>\n\n<p>You should pay more attention when you choose your wallets. There are a lot of them on the market with the different designs and styles. When you choose carefully, you would be able to buy a wallet that is catered to your needs. Not to mention that it will help to enhance your style significantly.</p>\n\n<p style=\"text-align:center\"><img alt=\"f4\" src=\"/storage/blog/blog-in-01.jpg\" /></p>\n\n<p><br />\n    &nbsp;</p>\n\n<p><strong><em>For all of the reason above, here are 7 expert tips to help you pick up the right men&rsquo;s wallet for you:</em></strong></p>\n\n<h4><strong>Number 1: Choose A Neat Wallet</strong></h4>\n\n<p>The wallet is an essential accessory that you should go simple. Simplicity is the best in this case. A simple and neat wallet with the plain color and even&nbsp;<strong>minimalist style</strong>&nbsp;is versatile. It can be used for both formal and casual events. In addition, that wallet will go well with most of the clothes in your wardrobe.</p>\n\n<p>Keep in mind that a wallet will tell other people about your personality and your fashion sense as much as other clothes you put on. Hence, don&rsquo;t go cheesy on your wallet or else people will think that you have a funny and particular style.</p>\n\n<p style=\"text-align:center\"><img alt=\"f5\" src=\"/storage/blog/blog-in-02.jpg\" /></p>\n\n<p><br />\n    &nbsp;</p>\n<hr />\n<h4><strong>Number 2: Choose The Right Size For Your Wallet</strong></h4>\n\n<p>You should avoid having an over-sized wallet. Don&rsquo;t think that you need to buy a big wallet because you have a lot to carry with you. In addition, a fat wallet is very ugly. It will make it harder for you to slide the wallet into your trousers&rsquo; pocket. In addition, it will create a bulge and ruin your look.</p>\n\n<p>Before you go on to buy a new wallet, clean out your wallet and place all the items from your wallet on a table. Throw away things that you would never need any more such as the old bills or the expired gift cards. Remember to check your wallet on a frequent basis to get rid of all of the old stuff that you don&rsquo;t need anymore.</p>\n\n<p style=\"text-align:center\"><img alt=\"f1\" src=\"/storage/blog/blog-in-03.jpg\" /></p>\n\n<p><br />\n    &nbsp;</p>\n\n<hr />\n<h4><strong>Number 3: Don&rsquo;t Limit Your Options Of Materials</strong></h4>\n\n<p>The types and designs of wallets are not the only things that you should consider when you go out searching for your best wallet. You have more than 1 option of material rather than leather to choose from as well.</p>\n\n<p>You can experiment with other available options such as cotton, polyester and canvas. They all have their own pros and cons. As a result, they will be suitable for different needs and requirements. You should think about them all in order to choose the material which you would like the most.</p>\n\n<p style=\"text-align:center\"><img alt=\"f6\" src=\"/storage/blog/blog-in-04.jpg\" /></p>\n\n<p><br />\n    &nbsp;</p>\n\n<hr />\n<h4><strong>Number 4: Consider A Wallet As A Long Term Investment</strong></h4>\n\n<p>Your wallet is indeed an investment that you should consider spending a decent amount of time and effort on it. Another factor that you need to consider is how much you want to spend on your wallet. The price ranges of wallets on the market vary a great deal. You can find a wallet which is as cheap as about 5 to 7 dollars. On the other hand, you should expect to pay around 250 to 300 dollars for a high-quality wallet.</p>\n\n<p>In case you need a wallet to use for a long time, it is a good idea that you should invest a decent amount of money on a wallet. A high quality wallet from a reputational brand with the premium quality such as cowhide leather will last for a long time. In addition, it is an accessory to show off your fashion sense and your social status.</p>\n\n<p style=\"text-align:center\"><img alt=\"f2\" src=\"/storage/blog/blog-in-05.jpg\" /></p>\n\n<p>&nbsp;</p>\n','published',1,'Botble\\ACL\\Models\\User',1,'blog/6.jpg',1203,NULL,'2025-01-21 09:39:01','2025-01-21 09:39:01'),(7,'Essential Qualities of Highly Successful Music','Because he knows it teases.\' CHORUS. (In which the words all coming different, and then the other, and making faces at him as he spoke, and added \'It isn\'t a letter, after all: it\'s a set of.','<p>I have seen many people underestimating the power of their wallets. To them, they are just a functional item they use to carry. As a result, they often end up with the wallets which are not really suitable for them.</p>\n\n<p>You should pay more attention when you choose your wallets. There are a lot of them on the market with the different designs and styles. When you choose carefully, you would be able to buy a wallet that is catered to your needs. Not to mention that it will help to enhance your style significantly.</p>\n\n<p style=\"text-align:center\"><img alt=\"f4\" src=\"/storage/blog/blog-in-01.jpg\" /></p>\n\n<p><br />\n    &nbsp;</p>\n\n<p><strong><em>For all of the reason above, here are 7 expert tips to help you pick up the right men&rsquo;s wallet for you:</em></strong></p>\n\n<h4><strong>Number 1: Choose A Neat Wallet</strong></h4>\n\n<p>The wallet is an essential accessory that you should go simple. Simplicity is the best in this case. A simple and neat wallet with the plain color and even&nbsp;<strong>minimalist style</strong>&nbsp;is versatile. It can be used for both formal and casual events. In addition, that wallet will go well with most of the clothes in your wardrobe.</p>\n\n<p>Keep in mind that a wallet will tell other people about your personality and your fashion sense as much as other clothes you put on. Hence, don&rsquo;t go cheesy on your wallet or else people will think that you have a funny and particular style.</p>\n\n<p style=\"text-align:center\"><img alt=\"f5\" src=\"/storage/blog/blog-in-02.jpg\" /></p>\n\n<p><br />\n    &nbsp;</p>\n<hr />\n<h4><strong>Number 2: Choose The Right Size For Your Wallet</strong></h4>\n\n<p>You should avoid having an over-sized wallet. Don&rsquo;t think that you need to buy a big wallet because you have a lot to carry with you. In addition, a fat wallet is very ugly. It will make it harder for you to slide the wallet into your trousers&rsquo; pocket. In addition, it will create a bulge and ruin your look.</p>\n\n<p>Before you go on to buy a new wallet, clean out your wallet and place all the items from your wallet on a table. Throw away things that you would never need any more such as the old bills or the expired gift cards. Remember to check your wallet on a frequent basis to get rid of all of the old stuff that you don&rsquo;t need anymore.</p>\n\n<p style=\"text-align:center\"><img alt=\"f1\" src=\"/storage/blog/blog-in-03.jpg\" /></p>\n\n<p><br />\n    &nbsp;</p>\n\n<hr />\n<h4><strong>Number 3: Don&rsquo;t Limit Your Options Of Materials</strong></h4>\n\n<p>The types and designs of wallets are not the only things that you should consider when you go out searching for your best wallet. You have more than 1 option of material rather than leather to choose from as well.</p>\n\n<p>You can experiment with other available options such as cotton, polyester and canvas. They all have their own pros and cons. As a result, they will be suitable for different needs and requirements. You should think about them all in order to choose the material which you would like the most.</p>\n\n<p style=\"text-align:center\"><img alt=\"f6\" src=\"/storage/blog/blog-in-04.jpg\" /></p>\n\n<p><br />\n    &nbsp;</p>\n\n<hr />\n<h4><strong>Number 4: Consider A Wallet As A Long Term Investment</strong></h4>\n\n<p>Your wallet is indeed an investment that you should consider spending a decent amount of time and effort on it. Another factor that you need to consider is how much you want to spend on your wallet. The price ranges of wallets on the market vary a great deal. You can find a wallet which is as cheap as about 5 to 7 dollars. On the other hand, you should expect to pay around 250 to 300 dollars for a high-quality wallet.</p>\n\n<p>In case you need a wallet to use for a long time, it is a good idea that you should invest a decent amount of money on a wallet. A high quality wallet from a reputational brand with the premium quality such as cowhide leather will last for a long time. In addition, it is an accessory to show off your fashion sense and your social status.</p>\n\n<p style=\"text-align:center\"><img alt=\"f2\" src=\"/storage/blog/blog-in-05.jpg\" /></p>\n\n<p>&nbsp;</p>\n','published',1,'Botble\\ACL\\Models\\User',1,'blog/7.jpg',136,NULL,'2025-01-21 09:39:01','2025-01-21 09:39:01'),(8,'9 Things I Love About Shaving My Head','AT ALL. Soup does very well to introduce some other subject of conversation. While she was losing her temper. \'Are you content now?\' said the Gryphon, \'that they WOULD not remember the simple rules.','<p>I have seen many people underestimating the power of their wallets. To them, they are just a functional item they use to carry. As a result, they often end up with the wallets which are not really suitable for them.</p>\n\n<p>You should pay more attention when you choose your wallets. There are a lot of them on the market with the different designs and styles. When you choose carefully, you would be able to buy a wallet that is catered to your needs. Not to mention that it will help to enhance your style significantly.</p>\n\n<p style=\"text-align:center\"><img alt=\"f4\" src=\"/storage/blog/blog-in-01.jpg\" /></p>\n\n<p><br />\n    &nbsp;</p>\n\n<p><strong><em>For all of the reason above, here are 7 expert tips to help you pick up the right men&rsquo;s wallet for you:</em></strong></p>\n\n<h4><strong>Number 1: Choose A Neat Wallet</strong></h4>\n\n<p>The wallet is an essential accessory that you should go simple. Simplicity is the best in this case. A simple and neat wallet with the plain color and even&nbsp;<strong>minimalist style</strong>&nbsp;is versatile. It can be used for both formal and casual events. In addition, that wallet will go well with most of the clothes in your wardrobe.</p>\n\n<p>Keep in mind that a wallet will tell other people about your personality and your fashion sense as much as other clothes you put on. Hence, don&rsquo;t go cheesy on your wallet or else people will think that you have a funny and particular style.</p>\n\n<p style=\"text-align:center\"><img alt=\"f5\" src=\"/storage/blog/blog-in-02.jpg\" /></p>\n\n<p><br />\n    &nbsp;</p>\n<hr />\n<h4><strong>Number 2: Choose The Right Size For Your Wallet</strong></h4>\n\n<p>You should avoid having an over-sized wallet. Don&rsquo;t think that you need to buy a big wallet because you have a lot to carry with you. In addition, a fat wallet is very ugly. It will make it harder for you to slide the wallet into your trousers&rsquo; pocket. In addition, it will create a bulge and ruin your look.</p>\n\n<p>Before you go on to buy a new wallet, clean out your wallet and place all the items from your wallet on a table. Throw away things that you would never need any more such as the old bills or the expired gift cards. Remember to check your wallet on a frequent basis to get rid of all of the old stuff that you don&rsquo;t need anymore.</p>\n\n<p style=\"text-align:center\"><img alt=\"f1\" src=\"/storage/blog/blog-in-03.jpg\" /></p>\n\n<p><br />\n    &nbsp;</p>\n\n<hr />\n<h4><strong>Number 3: Don&rsquo;t Limit Your Options Of Materials</strong></h4>\n\n<p>The types and designs of wallets are not the only things that you should consider when you go out searching for your best wallet. You have more than 1 option of material rather than leather to choose from as well.</p>\n\n<p>You can experiment with other available options such as cotton, polyester and canvas. They all have their own pros and cons. As a result, they will be suitable for different needs and requirements. You should think about them all in order to choose the material which you would like the most.</p>\n\n<p style=\"text-align:center\"><img alt=\"f6\" src=\"/storage/blog/blog-in-04.jpg\" /></p>\n\n<p><br />\n    &nbsp;</p>\n\n<hr />\n<h4><strong>Number 4: Consider A Wallet As A Long Term Investment</strong></h4>\n\n<p>Your wallet is indeed an investment that you should consider spending a decent amount of time and effort on it. Another factor that you need to consider is how much you want to spend on your wallet. The price ranges of wallets on the market vary a great deal. You can find a wallet which is as cheap as about 5 to 7 dollars. On the other hand, you should expect to pay around 250 to 300 dollars for a high-quality wallet.</p>\n\n<p>In case you need a wallet to use for a long time, it is a good idea that you should invest a decent amount of money on a wallet. A high quality wallet from a reputational brand with the premium quality such as cowhide leather will last for a long time. In addition, it is an accessory to show off your fashion sense and your social status.</p>\n\n<p style=\"text-align:center\"><img alt=\"f2\" src=\"/storage/blog/blog-in-05.jpg\" /></p>\n\n<p>&nbsp;</p>\n','published',1,'Botble\\ACL\\Models\\User',0,'blog/8.jpg',1708,NULL,'2025-01-21 09:39:01','2025-01-21 09:39:01'),(9,'Why Teamwork Really Makes The Dream Work','The Mouse did not dare to disobey, though she felt certain it must be on the top of his tail. \'As if it makes me grow large again, for really I\'m quite tired of swimming about here, O Mouse!\' (Alice.','<p>I have seen many people underestimating the power of their wallets. To them, they are just a functional item they use to carry. As a result, they often end up with the wallets which are not really suitable for them.</p>\n\n<p>You should pay more attention when you choose your wallets. There are a lot of them on the market with the different designs and styles. When you choose carefully, you would be able to buy a wallet that is catered to your needs. Not to mention that it will help to enhance your style significantly.</p>\n\n<p style=\"text-align:center\"><img alt=\"f4\" src=\"/storage/blog/blog-in-01.jpg\" /></p>\n\n<p><br />\n    &nbsp;</p>\n\n<p><strong><em>For all of the reason above, here are 7 expert tips to help you pick up the right men&rsquo;s wallet for you:</em></strong></p>\n\n<h4><strong>Number 1: Choose A Neat Wallet</strong></h4>\n\n<p>The wallet is an essential accessory that you should go simple. Simplicity is the best in this case. A simple and neat wallet with the plain color and even&nbsp;<strong>minimalist style</strong>&nbsp;is versatile. It can be used for both formal and casual events. In addition, that wallet will go well with most of the clothes in your wardrobe.</p>\n\n<p>Keep in mind that a wallet will tell other people about your personality and your fashion sense as much as other clothes you put on. Hence, don&rsquo;t go cheesy on your wallet or else people will think that you have a funny and particular style.</p>\n\n<p style=\"text-align:center\"><img alt=\"f5\" src=\"/storage/blog/blog-in-02.jpg\" /></p>\n\n<p><br />\n    &nbsp;</p>\n<hr />\n<h4><strong>Number 2: Choose The Right Size For Your Wallet</strong></h4>\n\n<p>You should avoid having an over-sized wallet. Don&rsquo;t think that you need to buy a big wallet because you have a lot to carry with you. In addition, a fat wallet is very ugly. It will make it harder for you to slide the wallet into your trousers&rsquo; pocket. In addition, it will create a bulge and ruin your look.</p>\n\n<p>Before you go on to buy a new wallet, clean out your wallet and place all the items from your wallet on a table. Throw away things that you would never need any more such as the old bills or the expired gift cards. Remember to check your wallet on a frequent basis to get rid of all of the old stuff that you don&rsquo;t need anymore.</p>\n\n<p style=\"text-align:center\"><img alt=\"f1\" src=\"/storage/blog/blog-in-03.jpg\" /></p>\n\n<p><br />\n    &nbsp;</p>\n\n<hr />\n<h4><strong>Number 3: Don&rsquo;t Limit Your Options Of Materials</strong></h4>\n\n<p>The types and designs of wallets are not the only things that you should consider when you go out searching for your best wallet. You have more than 1 option of material rather than leather to choose from as well.</p>\n\n<p>You can experiment with other available options such as cotton, polyester and canvas. They all have their own pros and cons. As a result, they will be suitable for different needs and requirements. You should think about them all in order to choose the material which you would like the most.</p>\n\n<p style=\"text-align:center\"><img alt=\"f6\" src=\"/storage/blog/blog-in-04.jpg\" /></p>\n\n<p><br />\n    &nbsp;</p>\n\n<hr />\n<h4><strong>Number 4: Consider A Wallet As A Long Term Investment</strong></h4>\n\n<p>Your wallet is indeed an investment that you should consider spending a decent amount of time and effort on it. Another factor that you need to consider is how much you want to spend on your wallet. The price ranges of wallets on the market vary a great deal. You can find a wallet which is as cheap as about 5 to 7 dollars. On the other hand, you should expect to pay around 250 to 300 dollars for a high-quality wallet.</p>\n\n<p>In case you need a wallet to use for a long time, it is a good idea that you should invest a decent amount of money on a wallet. A high quality wallet from a reputational brand with the premium quality such as cowhide leather will last for a long time. In addition, it is an accessory to show off your fashion sense and your social status.</p>\n\n<p style=\"text-align:center\"><img alt=\"f2\" src=\"/storage/blog/blog-in-05.jpg\" /></p>\n\n<p>&nbsp;</p>\n','published',1,'Botble\\ACL\\Models\\User',1,'blog/9.jpg',1886,NULL,'2025-01-21 09:39:01','2025-01-21 09:39:01'),(10,'The World Caters to Average People','Queen, but she knew that it had made. \'He took me for asking! No, it\'ll never do to hold it. As soon as she could, and waited to see you any more!\' And here Alice began to say when I breathe\"!\' \'It.','<p>I have seen many people underestimating the power of their wallets. To them, they are just a functional item they use to carry. As a result, they often end up with the wallets which are not really suitable for them.</p>\n\n<p>You should pay more attention when you choose your wallets. There are a lot of them on the market with the different designs and styles. When you choose carefully, you would be able to buy a wallet that is catered to your needs. Not to mention that it will help to enhance your style significantly.</p>\n\n<p style=\"text-align:center\"><img alt=\"f4\" src=\"/storage/blog/blog-in-01.jpg\" /></p>\n\n<p><br />\n    &nbsp;</p>\n\n<p><strong><em>For all of the reason above, here are 7 expert tips to help you pick up the right men&rsquo;s wallet for you:</em></strong></p>\n\n<h4><strong>Number 1: Choose A Neat Wallet</strong></h4>\n\n<p>The wallet is an essential accessory that you should go simple. Simplicity is the best in this case. A simple and neat wallet with the plain color and even&nbsp;<strong>minimalist style</strong>&nbsp;is versatile. It can be used for both formal and casual events. In addition, that wallet will go well with most of the clothes in your wardrobe.</p>\n\n<p>Keep in mind that a wallet will tell other people about your personality and your fashion sense as much as other clothes you put on. Hence, don&rsquo;t go cheesy on your wallet or else people will think that you have a funny and particular style.</p>\n\n<p style=\"text-align:center\"><img alt=\"f5\" src=\"/storage/blog/blog-in-02.jpg\" /></p>\n\n<p><br />\n    &nbsp;</p>\n<hr />\n<h4><strong>Number 2: Choose The Right Size For Your Wallet</strong></h4>\n\n<p>You should avoid having an over-sized wallet. Don&rsquo;t think that you need to buy a big wallet because you have a lot to carry with you. In addition, a fat wallet is very ugly. It will make it harder for you to slide the wallet into your trousers&rsquo; pocket. In addition, it will create a bulge and ruin your look.</p>\n\n<p>Before you go on to buy a new wallet, clean out your wallet and place all the items from your wallet on a table. Throw away things that you would never need any more such as the old bills or the expired gift cards. Remember to check your wallet on a frequent basis to get rid of all of the old stuff that you don&rsquo;t need anymore.</p>\n\n<p style=\"text-align:center\"><img alt=\"f1\" src=\"/storage/blog/blog-in-03.jpg\" /></p>\n\n<p><br />\n    &nbsp;</p>\n\n<hr />\n<h4><strong>Number 3: Don&rsquo;t Limit Your Options Of Materials</strong></h4>\n\n<p>The types and designs of wallets are not the only things that you should consider when you go out searching for your best wallet. You have more than 1 option of material rather than leather to choose from as well.</p>\n\n<p>You can experiment with other available options such as cotton, polyester and canvas. They all have their own pros and cons. As a result, they will be suitable for different needs and requirements. You should think about them all in order to choose the material which you would like the most.</p>\n\n<p style=\"text-align:center\"><img alt=\"f6\" src=\"/storage/blog/blog-in-04.jpg\" /></p>\n\n<p><br />\n    &nbsp;</p>\n\n<hr />\n<h4><strong>Number 4: Consider A Wallet As A Long Term Investment</strong></h4>\n\n<p>Your wallet is indeed an investment that you should consider spending a decent amount of time and effort on it. Another factor that you need to consider is how much you want to spend on your wallet. The price ranges of wallets on the market vary a great deal. You can find a wallet which is as cheap as about 5 to 7 dollars. On the other hand, you should expect to pay around 250 to 300 dollars for a high-quality wallet.</p>\n\n<p>In case you need a wallet to use for a long time, it is a good idea that you should invest a decent amount of money on a wallet. A high quality wallet from a reputational brand with the premium quality such as cowhide leather will last for a long time. In addition, it is an accessory to show off your fashion sense and your social status.</p>\n\n<p style=\"text-align:center\"><img alt=\"f2\" src=\"/storage/blog/blog-in-05.jpg\" /></p>\n\n<p>&nbsp;</p>\n','published',1,'Botble\\ACL\\Models\\User',1,'blog/10.jpg',1612,NULL,'2025-01-21 09:39:01','2025-01-21 09:39:01'),(11,'The litigants on the screen are not actors','Then followed the Knave of Hearts, he stole those tarts, And took them quite away!\' \'Consider your verdict,\' the King said to a lobster--\' (Alice began to cry again, for this curious child was very.','<p>I have seen many people underestimating the power of their wallets. To them, they are just a functional item they use to carry. As a result, they often end up with the wallets which are not really suitable for them.</p>\n\n<p>You should pay more attention when you choose your wallets. There are a lot of them on the market with the different designs and styles. When you choose carefully, you would be able to buy a wallet that is catered to your needs. Not to mention that it will help to enhance your style significantly.</p>\n\n<p style=\"text-align:center\"><img alt=\"f4\" src=\"/storage/blog/blog-in-01.jpg\" /></p>\n\n<p><br />\n    &nbsp;</p>\n\n<p><strong><em>For all of the reason above, here are 7 expert tips to help you pick up the right men&rsquo;s wallet for you:</em></strong></p>\n\n<h4><strong>Number 1: Choose A Neat Wallet</strong></h4>\n\n<p>The wallet is an essential accessory that you should go simple. Simplicity is the best in this case. A simple and neat wallet with the plain color and even&nbsp;<strong>minimalist style</strong>&nbsp;is versatile. It can be used for both formal and casual events. In addition, that wallet will go well with most of the clothes in your wardrobe.</p>\n\n<p>Keep in mind that a wallet will tell other people about your personality and your fashion sense as much as other clothes you put on. Hence, don&rsquo;t go cheesy on your wallet or else people will think that you have a funny and particular style.</p>\n\n<p style=\"text-align:center\"><img alt=\"f5\" src=\"/storage/blog/blog-in-02.jpg\" /></p>\n\n<p><br />\n    &nbsp;</p>\n<hr />\n<h4><strong>Number 2: Choose The Right Size For Your Wallet</strong></h4>\n\n<p>You should avoid having an over-sized wallet. Don&rsquo;t think that you need to buy a big wallet because you have a lot to carry with you. In addition, a fat wallet is very ugly. It will make it harder for you to slide the wallet into your trousers&rsquo; pocket. In addition, it will create a bulge and ruin your look.</p>\n\n<p>Before you go on to buy a new wallet, clean out your wallet and place all the items from your wallet on a table. Throw away things that you would never need any more such as the old bills or the expired gift cards. Remember to check your wallet on a frequent basis to get rid of all of the old stuff that you don&rsquo;t need anymore.</p>\n\n<p style=\"text-align:center\"><img alt=\"f1\" src=\"/storage/blog/blog-in-03.jpg\" /></p>\n\n<p><br />\n    &nbsp;</p>\n\n<hr />\n<h4><strong>Number 3: Don&rsquo;t Limit Your Options Of Materials</strong></h4>\n\n<p>The types and designs of wallets are not the only things that you should consider when you go out searching for your best wallet. You have more than 1 option of material rather than leather to choose from as well.</p>\n\n<p>You can experiment with other available options such as cotton, polyester and canvas. They all have their own pros and cons. As a result, they will be suitable for different needs and requirements. You should think about them all in order to choose the material which you would like the most.</p>\n\n<p style=\"text-align:center\"><img alt=\"f6\" src=\"/storage/blog/blog-in-04.jpg\" /></p>\n\n<p><br />\n    &nbsp;</p>\n\n<hr />\n<h4><strong>Number 4: Consider A Wallet As A Long Term Investment</strong></h4>\n\n<p>Your wallet is indeed an investment that you should consider spending a decent amount of time and effort on it. Another factor that you need to consider is how much you want to spend on your wallet. The price ranges of wallets on the market vary a great deal. You can find a wallet which is as cheap as about 5 to 7 dollars. On the other hand, you should expect to pay around 250 to 300 dollars for a high-quality wallet.</p>\n\n<p>In case you need a wallet to use for a long time, it is a good idea that you should invest a decent amount of money on a wallet. A high quality wallet from a reputational brand with the premium quality such as cowhide leather will last for a long time. In addition, it is an accessory to show off your fashion sense and your social status.</p>\n\n<p style=\"text-align:center\"><img alt=\"f2\" src=\"/storage/blog/blog-in-05.jpg\" /></p>\n\n<p>&nbsp;</p>\n','published',1,'Botble\\ACL\\Models\\User',1,'blog/11.jpg',2082,NULL,'2025-01-21 09:39:01','2025-01-21 09:39:01');
/*!40000 ALTER TABLE `posts` ENABLE KEYS */;
UNLOCK TABLES;

--
-- Table structure for table `posts_translations`
--

DROP TABLE IF EXISTS `posts_translations`;
/*!40101 SET @saved_cs_client     = @@character_set_client */;
/*!40101 SET character_set_client = utf8 */;
CREATE TABLE `posts_translations` (
  `lang_code` varchar(20) COLLATE utf8mb4_unicode_ci NOT NULL,
  `posts_id` bigint unsigned NOT NULL,
  `name` varchar(191) COLLATE utf8mb4_unicode_ci DEFAULT NULL,
  `description` varchar(400) COLLATE utf8mb4_unicode_ci DEFAULT NULL,
  `content` longtext COLLATE utf8mb4_unicode_ci,
  PRIMARY KEY (`lang_code`,`posts_id`)
) ENGINE=InnoDB DEFAULT CHARSET=utf8mb4 COLLATE=utf8mb4_unicode_ci;
/*!40101 SET character_set_client = @saved_cs_client */;

--
-- Dumping data for table `posts_translations`
--

LOCK TABLES `posts_translations` WRITE;
/*!40000 ALTER TABLE `posts_translations` DISABLE KEYS */;
/*!40000 ALTER TABLE `posts_translations` ENABLE KEYS */;
UNLOCK TABLES;

--
-- Table structure for table `revisions`
--

DROP TABLE IF EXISTS `revisions`;
/*!40101 SET @saved_cs_client     = @@character_set_client */;
/*!40101 SET character_set_client = utf8 */;
CREATE TABLE `revisions` (
  `id` bigint unsigned NOT NULL AUTO_INCREMENT,
  `revisionable_type` varchar(191) COLLATE utf8mb4_unicode_ci NOT NULL,
  `revisionable_id` bigint unsigned NOT NULL,
  `user_id` bigint unsigned DEFAULT NULL,
  `key` varchar(120) COLLATE utf8mb4_unicode_ci NOT NULL,
  `old_value` text COLLATE utf8mb4_unicode_ci,
  `new_value` text COLLATE utf8mb4_unicode_ci,
  `created_at` timestamp NULL DEFAULT NULL,
  `updated_at` timestamp NULL DEFAULT NULL,
  PRIMARY KEY (`id`),
  KEY `revisions_revisionable_id_revisionable_type_index` (`revisionable_id`,`revisionable_type`)
) ENGINE=InnoDB DEFAULT CHARSET=utf8mb4 COLLATE=utf8mb4_unicode_ci;
/*!40101 SET character_set_client = @saved_cs_client */;

--
-- Dumping data for table `revisions`
--

LOCK TABLES `revisions` WRITE;
/*!40000 ALTER TABLE `revisions` DISABLE KEYS */;
/*!40000 ALTER TABLE `revisions` ENABLE KEYS */;
UNLOCK TABLES;

--
-- Table structure for table `role_users`
--

DROP TABLE IF EXISTS `role_users`;
/*!40101 SET @saved_cs_client     = @@character_set_client */;
/*!40101 SET character_set_client = utf8 */;
CREATE TABLE `role_users` (
  `user_id` bigint unsigned NOT NULL,
  `role_id` bigint unsigned NOT NULL,
  `created_at` timestamp NULL DEFAULT NULL,
  `updated_at` timestamp NULL DEFAULT NULL,
  PRIMARY KEY (`user_id`,`role_id`),
  KEY `role_users_user_id_index` (`user_id`),
  KEY `role_users_role_id_index` (`role_id`)
) ENGINE=InnoDB DEFAULT CHARSET=utf8mb4 COLLATE=utf8mb4_unicode_ci;
/*!40101 SET character_set_client = @saved_cs_client */;

--
-- Dumping data for table `role_users`
--

LOCK TABLES `role_users` WRITE;
/*!40000 ALTER TABLE `role_users` DISABLE KEYS */;
/*!40000 ALTER TABLE `role_users` ENABLE KEYS */;
UNLOCK TABLES;

--
-- Table structure for table `roles`
--

DROP TABLE IF EXISTS `roles`;
/*!40101 SET @saved_cs_client     = @@character_set_client */;
/*!40101 SET character_set_client = utf8 */;
CREATE TABLE `roles` (
  `id` bigint unsigned NOT NULL AUTO_INCREMENT,
  `slug` varchar(120) COLLATE utf8mb4_unicode_ci NOT NULL,
  `name` varchar(120) COLLATE utf8mb4_unicode_ci NOT NULL,
  `permissions` text COLLATE utf8mb4_unicode_ci,
  `description` varchar(400) COLLATE utf8mb4_unicode_ci DEFAULT NULL,
  `is_default` tinyint unsigned NOT NULL DEFAULT '0',
  `created_by` bigint unsigned NOT NULL,
  `updated_by` bigint unsigned NOT NULL,
  `created_at` timestamp NULL DEFAULT NULL,
  `updated_at` timestamp NULL DEFAULT NULL,
  PRIMARY KEY (`id`),
  UNIQUE KEY `roles_slug_unique` (`slug`),
  KEY `roles_created_by_index` (`created_by`),
  KEY `roles_updated_by_index` (`updated_by`)
) ENGINE=InnoDB AUTO_INCREMENT=2 DEFAULT CHARSET=utf8mb4 COLLATE=utf8mb4_unicode_ci;
/*!40101 SET character_set_client = @saved_cs_client */;

--
-- Dumping data for table `roles`
--

LOCK TABLES `roles` WRITE;
/*!40000 ALTER TABLE `roles` DISABLE KEYS */;
INSERT INTO `roles` VALUES (1,'admin','Admin','{\"users.index\":true,\"users.create\":true,\"users.edit\":true,\"users.destroy\":true,\"roles.index\":true,\"roles.create\":true,\"roles.edit\":true,\"roles.destroy\":true,\"core.system\":true,\"core.cms\":true,\"core.manage.license\":true,\"systems.cronjob\":true,\"core.tools\":true,\"tools.data-synchronize\":true,\"media.index\":true,\"files.index\":true,\"files.create\":true,\"files.edit\":true,\"files.trash\":true,\"files.destroy\":true,\"folders.index\":true,\"folders.create\":true,\"folders.edit\":true,\"folders.trash\":true,\"folders.destroy\":true,\"settings.index\":true,\"settings.common\":true,\"settings.options\":true,\"settings.email\":true,\"settings.media\":true,\"settings.admin-appearance\":true,\"settings.cache\":true,\"settings.datatables\":true,\"settings.email.rules\":true,\"settings.others\":true,\"menus.index\":true,\"menus.create\":true,\"menus.edit\":true,\"menus.destroy\":true,\"optimize.settings\":true,\"pages.index\":true,\"pages.create\":true,\"pages.edit\":true,\"pages.destroy\":true,\"plugins.index\":true,\"plugins.edit\":true,\"plugins.remove\":true,\"plugins.marketplace\":true,\"core.appearance\":true,\"theme.index\":true,\"theme.activate\":true,\"theme.remove\":true,\"theme.options\":true,\"theme.custom-css\":true,\"theme.custom-js\":true,\"theme.custom-html\":true,\"theme.robots-txt\":true,\"settings.website-tracking\":true,\"widgets.index\":true,\"ads.index\":true,\"ads.create\":true,\"ads.edit\":true,\"ads.destroy\":true,\"ads.settings\":true,\"analytics.general\":true,\"analytics.page\":true,\"analytics.browser\":true,\"analytics.referrer\":true,\"analytics.settings\":true,\"announcements.index\":true,\"announcements.create\":true,\"announcements.edit\":true,\"announcements.destroy\":true,\"announcements.settings\":true,\"audit-log.index\":true,\"audit-log.destroy\":true,\"backups.index\":true,\"backups.create\":true,\"backups.restore\":true,\"backups.destroy\":true,\"plugins.blog\":true,\"posts.index\":true,\"posts.create\":true,\"posts.edit\":true,\"posts.destroy\":true,\"categories.index\":true,\"categories.create\":true,\"categories.edit\":true,\"categories.destroy\":true,\"tags.index\":true,\"tags.create\":true,\"tags.edit\":true,\"tags.destroy\":true,\"blog.settings\":true,\"posts.export\":true,\"posts.import\":true,\"captcha.settings\":true,\"contacts.index\":true,\"contacts.edit\":true,\"contacts.destroy\":true,\"contact.custom-fields\":true,\"contact.settings\":true,\"plugins.ecommerce\":true,\"ecommerce.report.index\":true,\"products.index\":true,\"products.create\":true,\"products.edit\":true,\"products.destroy\":true,\"products.duplicate\":true,\"ecommerce.product-prices.index\":true,\"ecommerce.product-prices.edit\":true,\"ecommerce.product-inventory.index\":true,\"ecommerce.product-inventory.edit\":true,\"product-categories.index\":true,\"product-categories.create\":true,\"product-categories.edit\":true,\"product-categories.destroy\":true,\"product-tag.index\":true,\"product-tag.create\":true,\"product-tag.edit\":true,\"product-tag.destroy\":true,\"brands.index\":true,\"brands.create\":true,\"brands.edit\":true,\"brands.destroy\":true,\"product-collections.index\":true,\"product-collections.create\":true,\"product-collections.edit\":true,\"product-collections.destroy\":true,\"product-attribute-sets.index\":true,\"product-attribute-sets.create\":true,\"product-attribute-sets.edit\":true,\"product-attribute-sets.destroy\":true,\"product-attributes.index\":true,\"product-attributes.create\":true,\"product-attributes.edit\":true,\"product-attributes.destroy\":true,\"tax.index\":true,\"tax.create\":true,\"tax.edit\":true,\"tax.destroy\":true,\"reviews.index\":true,\"reviews.create\":true,\"reviews.destroy\":true,\"reviews.publish\":true,\"reviews.reply\":true,\"ecommerce.shipments.index\":true,\"ecommerce.shipments.create\":true,\"ecommerce.shipments.edit\":true,\"ecommerce.shipments.destroy\":true,\"orders.index\":true,\"orders.create\":true,\"orders.edit\":true,\"orders.destroy\":true,\"discounts.index\":true,\"discounts.create\":true,\"discounts.edit\":true,\"discounts.destroy\":true,\"customers.index\":true,\"customers.create\":true,\"customers.edit\":true,\"customers.destroy\":true,\"flash-sale.index\":true,\"flash-sale.create\":true,\"flash-sale.edit\":true,\"flash-sale.destroy\":true,\"product-label.index\":true,\"product-label.create\":true,\"product-label.edit\":true,\"product-label.destroy\":true,\"ecommerce.import.products.index\":true,\"ecommerce.export.products.index\":true,\"order_returns.index\":true,\"order_returns.edit\":true,\"order_returns.destroy\":true,\"global-option.index\":true,\"global-option.create\":true,\"global-option.edit\":true,\"global-option.destroy\":true,\"ecommerce.invoice.index\":true,\"ecommerce.invoice.edit\":true,\"ecommerce.invoice.destroy\":true,\"ecommerce.settings\":true,\"ecommerce.settings.general\":true,\"ecommerce.invoice-template.index\":true,\"ecommerce.settings.currencies\":true,\"ecommerce.settings.products\":true,\"ecommerce.settings.product-search\":true,\"ecommerce.settings.digital-products\":true,\"ecommerce.settings.store-locators\":true,\"ecommerce.settings.invoices\":true,\"ecommerce.settings.product-reviews\":true,\"ecommerce.settings.customers\":true,\"ecommerce.settings.shopping\":true,\"ecommerce.settings.taxes\":true,\"ecommerce.settings.shipping\":true,\"ecommerce.shipping-rule-items.index\":true,\"ecommerce.shipping-rule-items.create\":true,\"ecommerce.shipping-rule-items.edit\":true,\"ecommerce.shipping-rule-items.destroy\":true,\"ecommerce.shipping-rule-items.bulk-import\":true,\"ecommerce.settings.tracking\":true,\"ecommerce.settings.standard-and-format\":true,\"ecommerce.settings.checkout\":true,\"ecommerce.settings.return\":true,\"ecommerce.settings.flash-sale\":true,\"ecommerce.settings.product-specification\":true,\"product-categories.export\":true,\"product-categories.import\":true,\"orders.export\":true,\"ecommerce.product-specification.index\":true,\"ecommerce.specification-groups.index\":true,\"ecommerce.specification-groups.create\":true,\"ecommerce.specification-groups.edit\":true,\"ecommerce.specification-groups.destroy\":true,\"ecommerce.specification-attributes.index\":true,\"ecommerce.specification-attributes.create\":true,\"ecommerce.specification-attributes.edit\":true,\"ecommerce.specification-attributes.destroy\":true,\"ecommerce.specification-tables.index\":true,\"ecommerce.specification-tables.create\":true,\"ecommerce.specification-tables.edit\":true,\"ecommerce.specification-tables.destroy\":true,\"plugin.faq\":true,\"faq.index\":true,\"faq.create\":true,\"faq.edit\":true,\"faq.destroy\":true,\"faq_category.index\":true,\"faq_category.create\":true,\"faq_category.edit\":true,\"faq_category.destroy\":true,\"faqs.settings\":true,\"galleries.index\":true,\"galleries.create\":true,\"galleries.edit\":true,\"galleries.destroy\":true,\"languages.index\":true,\"languages.create\":true,\"languages.edit\":true,\"languages.destroy\":true,\"plugin.location\":true,\"country.index\":true,\"country.create\":true,\"country.edit\":true,\"country.destroy\":true,\"state.index\":true,\"state.create\":true,\"state.edit\":true,\"state.destroy\":true,\"city.index\":true,\"city.create\":true,\"city.edit\":true,\"city.destroy\":true,\"newsletter.index\":true,\"newsletter.destroy\":true,\"newsletter.settings\":true,\"payment.index\":true,\"payments.settings\":true,\"payment.destroy\":true,\"payments.logs\":true,\"payments.logs.show\":true,\"payments.logs.destroy\":true,\"sale-popup.settings\":true,\"simple-slider.index\":true,\"simple-slider.create\":true,\"simple-slider.edit\":true,\"simple-slider.destroy\":true,\"simple-slider-item.index\":true,\"simple-slider-item.create\":true,\"simple-slider-item.edit\":true,\"simple-slider-item.destroy\":true,\"simple-slider.settings\":true,\"social-login.settings\":true,\"team.index\":true,\"team.create\":true,\"team.edit\":true,\"team.destroy\":true,\"testimonial.index\":true,\"testimonial.create\":true,\"testimonial.edit\":true,\"testimonial.destroy\":true,\"plugins.translation\":true,\"translations.locales\":true,\"translations.theme-translations\":true,\"translations.index\":true,\"theme-translations.export\":true,\"other-translations.export\":true,\"theme-translations.import\":true,\"other-translations.import\":true,\"api.settings\":true,\"api.sanctum-token.index\":true,\"api.sanctum-token.create\":true,\"api.sanctum-token.destroy\":true}','Admin users role',1,1,1,'2025-01-21 09:38:58','2025-01-21 09:38:58');
/*!40000 ALTER TABLE `roles` ENABLE KEYS */;
UNLOCK TABLES;

--
-- Table structure for table `sessions`
--

DROP TABLE IF EXISTS `sessions`;
/*!40101 SET @saved_cs_client     = @@character_set_client */;
/*!40101 SET character_set_client = utf8 */;
CREATE TABLE `sessions` (
  `id` varchar(191) COLLATE utf8mb4_unicode_ci NOT NULL,
  `user_id` bigint unsigned DEFAULT NULL,
  `ip_address` varchar(45) COLLATE utf8mb4_unicode_ci DEFAULT NULL,
  `user_agent` text COLLATE utf8mb4_unicode_ci,
  `payload` longtext COLLATE utf8mb4_unicode_ci NOT NULL,
  `last_activity` int NOT NULL,
  PRIMARY KEY (`id`),
  KEY `sessions_user_id_index` (`user_id`),
  KEY `sessions_last_activity_index` (`last_activity`)
) ENGINE=InnoDB DEFAULT CHARSET=utf8mb4 COLLATE=utf8mb4_unicode_ci;
/*!40101 SET character_set_client = @saved_cs_client */;

--
-- Dumping data for table `sessions`
--

LOCK TABLES `sessions` WRITE;
/*!40000 ALTER TABLE `sessions` DISABLE KEYS */;
/*!40000 ALTER TABLE `sessions` ENABLE KEYS */;
UNLOCK TABLES;

--
-- Table structure for table `settings`
--

DROP TABLE IF EXISTS `settings`;
/*!40101 SET @saved_cs_client     = @@character_set_client */;
/*!40101 SET character_set_client = utf8 */;
CREATE TABLE `settings` (
  `id` bigint unsigned NOT NULL AUTO_INCREMENT,
  `key` varchar(191) COLLATE utf8mb4_unicode_ci NOT NULL,
  `value` text COLLATE utf8mb4_unicode_ci,
  `created_at` timestamp NULL DEFAULT NULL,
  `updated_at` timestamp NULL DEFAULT NULL,
  PRIMARY KEY (`id`),
  UNIQUE KEY `settings_key_unique` (`key`)
) ENGINE=InnoDB AUTO_INCREMENT=68 DEFAULT CHARSET=utf8mb4 COLLATE=utf8mb4_unicode_ci;
/*!40101 SET character_set_client = @saved_cs_client */;

--
-- Dumping data for table `settings`
--

LOCK TABLES `settings` WRITE;
/*!40000 ALTER TABLE `settings` DISABLE KEYS */;
INSERT INTO `settings` VALUES (1,'media_random_hash','7f5591b84a76a7cdd0852ec349763269',NULL,'2025-01-21 09:39:35'),(2,'api_enabled','0',NULL,'2025-01-21 09:39:35'),(3,'activated_plugins','[\"language\",\"language-advanced\",\"ads\",\"analytics\",\"announcement\",\"audit-log\",\"backup\",\"blog\",\"captcha\",\"contact\",\"cookie-consent\",\"ecommerce\",\"faq\",\"gallery\",\"location\",\"mollie\",\"newsletter\",\"payment\",\"paypal\",\"paystack\",\"razorpay\",\"sale-popup\",\"shippo\",\"simple-slider\",\"social-login\",\"sslcommerz\",\"stripe\",\"team\",\"testimonial\",\"translation\"]',NULL,'2025-01-21 09:39:35'),(4,'analytics_dashboard_widgets','0','2025-01-21 09:38:56','2025-01-21 09:38:56'),(5,'enable_recaptcha_botble_contact_forms_fronts_contact_form','1','2025-01-21 09:38:56','2025-01-21 09:38:56'),(6,'api_layer_api_key','',NULL,'2025-01-21 09:39:35'),(9,'enable_recaptcha_botble_newsletter_forms_fronts_newsletter_form','1','2025-01-21 09:38:57','2025-01-21 09:38:57'),(10,'theme','ninico',NULL,'2025-01-21 09:39:35'),(11,'show_admin_bar','1',NULL,'2025-01-21 09:39:35'),(12,'language_hide_default','1',NULL,'2025-01-21 09:39:35'),(13,'language_switcher_display','dropdown',NULL,'2025-01-21 09:39:35'),(14,'language_display','all',NULL,'2025-01-21 09:39:35'),(15,'language_hide_languages','[]',NULL,'2025-01-21 09:39:35'),(16,'payment_cod_status','1',NULL,'2025-01-21 09:39:35'),(17,'payment_bank_transfer_status','1',NULL,'2025-01-21 09:39:35'),(18,'admin_favicon','general/favicon.png',NULL,'2025-01-21 09:39:35'),(19,'admin_logo','general/logo-white.png',NULL,'2025-01-21 09:39:35'),(20,'permalink-botble-blog-models-post','blog',NULL,'2025-01-21 09:39:35'),(21,'permalink-botble-blog-models-category','blog',NULL,'2025-01-21 09:39:35'),(22,'payment_cod_description','Please pay money directly to the postman, if you choose cash on delivery method (COD).',NULL,'2025-01-21 09:39:35'),(23,'payment_bank_transfer_description','Please send money to our bank account: ACB - 69270 213 19.',NULL,'2025-01-21 09:39:35'),(24,'payment_stripe_payment_type','stripe_checkout',NULL,'2025-01-21 09:39:35'),(25,'plugins_ecommerce_customer_new_order_status','0',NULL,'2025-01-21 09:39:35'),(26,'plugins_ecommerce_admin_new_order_status','0',NULL,'2025-01-21 09:39:35'),(27,'ecommerce_is_enabled_support_digital_products','1',NULL,'2025-01-21 09:39:35'),(28,'ecommerce_load_countries_states_cities_from_location_plugin','0',NULL,'2025-01-21 09:39:35'),(29,'ecommerce_product_sku_format','NN-2443-[%S]',NULL,'2025-01-21 09:39:35'),(30,'theme-ninico-site_title','Ninico - Minimal eCommerce',NULL,'2025-01-21 09:39:35'),(31,'theme-ninico-seo_description','Ninico is a modern and flexible Minimal eCommerce Laravel script. This script is suited for electronic, organic and grocery store, furniture store, clothing store, hitech store and accessories store...',NULL,'2025-01-21 09:39:35'),(32,'theme-ninico-favicon','general/favicon.png',NULL,'2025-01-21 09:39:35'),(33,'theme-ninico-logo_light','general/logo-white.png',NULL,'2025-01-21 09:39:35'),(34,'theme-ninico-logo','general/logo.png',NULL,'2025-01-21 09:39:35'),(35,'theme-ninico-primary_font','Jost',NULL,'2025-01-21 09:39:35'),(36,'theme-ninico-primary_color','#d51243',NULL,'2025-01-21 09:39:35'),(37,'theme-ninico-hotline','908. 408. 501. 89',NULL,'2025-01-21 09:39:35'),(38,'theme-ninico-homepage_id','1',NULL,'2025-01-21 09:39:35'),(39,'theme-ninico-blog_page_id','6',NULL,'2025-01-21 09:39:35'),(40,'theme-ninico-cart_footer_description','Free shipping for orders <b>under 10km</b>',NULL,'2025-01-21 09:39:35'),(41,'theme-ninico-breadcrumb_background','banners/breadcrumb-01.jpg',NULL,'2025-01-21 09:39:35'),(42,'theme-ninico-login_background','banners/login-bg.jpg',NULL,'2025-01-21 09:39:35'),(43,'theme-ninico-register_background','banners/sign-bg.jpg',NULL,'2025-01-21 09:39:35'),(44,'theme-ninico-404_not_found_icon','icons/error.png',NULL,'2025-01-21 09:39:35'),(45,'theme-ninico-order_tracking_background','banners/track-bg.jpg',NULL,'2025-01-21 09:39:35'),(46,'theme-ninico-default_product_list_layout','grid',NULL,'2025-01-21 09:39:35'),(47,'theme-ninico-number_of_products_per_page','30',NULL,'2025-01-21 09:39:35'),(48,'theme-ninico-footer_background_color','#F8F8F8',NULL,'2025-01-21 09:39:35'),(49,'theme-ninico-footer_text_color','#000000',NULL,'2025-01-21 09:39:35'),(50,'theme-ninico-footer_text_muted_color','#686666',NULL,'2025-01-21 09:39:35'),(51,'theme-ninico-footer_border_color','#E0E0E0',NULL,'2025-01-21 09:39:35'),(52,'theme-ninico-footer_bottom_background_color','#ededed',NULL,'2025-01-21 09:39:35'),(53,'theme-ninico-preloader_version','v2',NULL,'2025-01-21 09:39:35'),(54,'theme-ninico-newsletter_popup_enable','1',NULL,'2025-01-21 09:39:35'),(55,'theme-ninico-newsletter_popup_image','general/newsletter-popup.png',NULL,'2025-01-21 09:39:35'),(56,'theme-ninico-newsletter_popup_title','Subscribe Now',NULL,'2025-01-21 09:39:35'),(57,'theme-ninico-newsletter_popup_subtitle','Newsletter',NULL,'2025-01-21 09:39:35'),(58,'theme-ninico-newsletter_popup_description','Subscribe to our newsletter and get 10% off your first purchase',NULL,'2025-01-21 09:39:35'),(59,'theme-ninico-social_links','[[{\"key\":\"name\",\"value\":\"Facebook\"},{\"key\":\"icon\",\"value\":\"ti ti-brand-facebook\"},{\"key\":\"url\",\"value\":\"https:\\/\\/www.facebook.com\"}],[{\"key\":\"name\",\"value\":\"X (Twitter)\"},{\"key\":\"icon\",\"value\":\"ti ti-brand-x\"},{\"key\":\"url\",\"value\":\"https:\\/\\/twitter.com\"}],[{\"key\":\"name\",\"value\":\"Behance\"},{\"key\":\"icon\",\"value\":\"ti ti-brand-behance\"},{\"key\":\"url\",\"value\":\"https:\\/\\/www.behance.net\"}],[{\"key\":\"name\",\"value\":\"YouTube\"},{\"key\":\"icon\",\"value\":\"ti ti-brand-youtube\"},{\"key\":\"url\",\"value\":\"https:\\/\\/www.youtube.com\"}],[{\"key\":\"name\",\"value\":\"LinkedIn\"},{\"key\":\"icon\",\"value\":\"ti ti-brand-linkedin\"},{\"key\":\"url\",\"value\":\"https:\\/\\/www.linkedin.com\"}]]',NULL,'2025-01-21 09:39:35'),(60,'ecommerce_enable_product_specification','1',NULL,'2025-01-21 09:39:35'),(61,'announcement_text_alignment','start',NULL,NULL),(62,'announcement_background_color','#f3eee7',NULL,NULL),(63,'announcement_text_color','#000000',NULL,NULL),(64,'announcement_font_size','13',NULL,NULL),(65,'announcement_font_size_unit','px',NULL,NULL),(66,'announcement_autoplay','1',NULL,NULL),(67,'announcement_autoplay_delay','5000',NULL,NULL);
/*!40000 ALTER TABLE `settings` ENABLE KEYS */;
UNLOCK TABLES;

--
-- Table structure for table `simple_slider_items`
--

DROP TABLE IF EXISTS `simple_slider_items`;
/*!40101 SET @saved_cs_client     = @@character_set_client */;
/*!40101 SET character_set_client = utf8 */;
CREATE TABLE `simple_slider_items` (
  `id` bigint unsigned NOT NULL AUTO_INCREMENT,
  `simple_slider_id` bigint unsigned NOT NULL,
  `title` varchar(191) COLLATE utf8mb4_unicode_ci DEFAULT NULL,
  `image` varchar(191) COLLATE utf8mb4_unicode_ci NOT NULL,
  `link` varchar(191) COLLATE utf8mb4_unicode_ci DEFAULT NULL,
  `description` text COLLATE utf8mb4_unicode_ci,
  `order` int unsigned NOT NULL DEFAULT '0',
  `created_at` timestamp NULL DEFAULT NULL,
  `updated_at` timestamp NULL DEFAULT NULL,
  PRIMARY KEY (`id`)
) ENGINE=InnoDB AUTO_INCREMENT=16 DEFAULT CHARSET=utf8mb4 COLLATE=utf8mb4_unicode_ci;
/*!40101 SET character_set_client = @saved_cs_client */;

--
-- Dumping data for table `simple_slider_items`
--

LOCK TABLES `simple_slider_items` WRITE;
/*!40000 ALTER TABLE `simple_slider_items` DISABLE KEYS */;
INSERT INTO `simple_slider_items` VALUES (1,1,'Up To <i>40% Off</i> latest Creations','sliders/banner-1.jpg','/products','Accessories',1,'2025-01-21 09:39:08','2025-01-21 09:39:08'),(2,1,'Up To <i>40% Off</i> latest Creations','sliders/banner-2.jpg','/products','Accessories',2,'2025-01-21 09:39:08','2025-01-21 09:39:08'),(3,1,'Up To <i>40% Off</i> latest Creations','sliders/banner-3.jpg','/products','Accessories',3,'2025-01-21 09:39:08','2025-01-21 09:39:08'),(4,2,'Exclusive <br> Winter Collection','sliders/slider-01.png','/products','New Modern Stylist Fashionable Women\'s Wear holder',1,'2025-01-21 09:39:08','2025-01-21 09:39:08'),(5,2,'Exclusive <br> Women\'s Fashion','sliders/slider-02.png','/products','New Modern Stylist Fashionable Women\'s Wear holder',2,'2025-01-21 09:39:08','2025-01-21 09:39:08'),(6,2,'Exclusive <br> Summer Collection','sliders/slider-03.png','/products','New Modern Stylist Fashionable Women\'s Wear holder',3,'2025-01-21 09:39:08','2025-01-21 09:39:08'),(7,3,'Wooden <br> Lounge Furniture','sliders/slider-04.png','/products','New Modern Stylist Fashionable Women\'s Wear holder',1,'2025-01-21 09:39:08','2025-01-21 09:39:08'),(8,3,'Wooden <br> Lounge Chair','sliders/slider-05.png','/products',NULL,2,'2025-01-21 09:39:08','2025-01-21 09:39:08'),(9,3,'Wooden <br> Houston Furniture','sliders/slider-06.png','/products',NULL,3,'2025-01-21 09:39:08','2025-01-21 09:39:08'),(10,4,'Will Never <br> Compromise Beauty','sliders/slider-bg-04.png','/products','New Modern Stylist Fashionable Women\'s Wear holder',1,'2025-01-21 09:39:08','2025-01-21 09:39:08'),(11,4,'Will Never <br> Compromise Glow','sliders/slider-bg-05.png','/products','New Modern Stylist Fashionable Women\'s Wear holder',2,'2025-01-21 09:39:08','2025-01-21 09:39:08'),(12,4,'Will Never <br> Compromise Health','sliders/slider-bg-06.png','/products','New Modern Stylist Fashionable Women\'s Wear holder',3,'2025-01-21 09:39:08','2025-01-21 09:39:08'),(13,5,'Fresh Grocery <br> Products.','sliders/slider-05-bg-1.jpg','/products','Quality &amp; Fresh Products',1,'2025-01-21 09:39:08','2025-01-21 09:39:08'),(14,5,'Fresh Grocery <br> Products.','sliders/slider-05-bg-2.jpg','/products','Quality &amp; Fresh Products',2,'2025-01-21 09:39:08','2025-01-21 09:39:08'),(15,5,'Fresh Grocery <br> Products.','sliders/slider-05-bg-3.jpg','/products','Quality &amp; Fresh Products',3,'2025-01-21 09:39:08','2025-01-21 09:39:08');
/*!40000 ALTER TABLE `simple_slider_items` ENABLE KEYS */;
UNLOCK TABLES;

--
-- Table structure for table `simple_sliders`
--

DROP TABLE IF EXISTS `simple_sliders`;
/*!40101 SET @saved_cs_client     = @@character_set_client */;
/*!40101 SET character_set_client = utf8 */;
CREATE TABLE `simple_sliders` (
  `id` bigint unsigned NOT NULL AUTO_INCREMENT,
  `name` varchar(120) COLLATE utf8mb4_unicode_ci NOT NULL,
  `key` varchar(120) COLLATE utf8mb4_unicode_ci NOT NULL,
  `description` varchar(400) COLLATE utf8mb4_unicode_ci DEFAULT NULL,
  `status` varchar(60) COLLATE utf8mb4_unicode_ci NOT NULL DEFAULT 'published',
  `created_at` timestamp NULL DEFAULT NULL,
  `updated_at` timestamp NULL DEFAULT NULL,
  PRIMARY KEY (`id`)
) ENGINE=InnoDB AUTO_INCREMENT=6 DEFAULT CHARSET=utf8mb4 COLLATE=utf8mb4_unicode_ci;
/*!40101 SET character_set_client = @saved_cs_client */;

--
-- Dumping data for table `simple_sliders`
--

LOCK TABLES `simple_sliders` WRITE;
/*!40000 ALTER TABLE `simple_sliders` DISABLE KEYS */;
INSERT INTO `simple_sliders` VALUES (1,'Slider home 1','slider-home-1','The slider on home page 1','published','2025-01-21 09:39:08','2025-01-21 09:39:08'),(2,'Slider home 2','slider-home-2','The slider on home page 2','published','2025-01-21 09:39:08','2025-01-21 09:39:08'),(3,'Slider Furniture','slider-furniture','The slider for furniture style','published','2025-01-21 09:39:08','2025-01-21 09:39:08'),(4,'Slider Cosmetics','slider-cosmetics','The slider for cosmetics style','published','2025-01-21 09:39:08','2025-01-21 09:39:08'),(5,'Slider Grocery','slider-grocery','The slider for grocery style','published','2025-01-21 09:39:08','2025-01-21 09:39:08');
/*!40000 ALTER TABLE `simple_sliders` ENABLE KEYS */;
UNLOCK TABLES;

--
-- Table structure for table `slugs`
--

DROP TABLE IF EXISTS `slugs`;
/*!40101 SET @saved_cs_client     = @@character_set_client */;
/*!40101 SET character_set_client = utf8 */;
CREATE TABLE `slugs` (
  `id` bigint unsigned NOT NULL AUTO_INCREMENT,
  `key` varchar(191) COLLATE utf8mb4_unicode_ci NOT NULL,
  `reference_id` bigint unsigned NOT NULL,
  `reference_type` varchar(191) COLLATE utf8mb4_unicode_ci NOT NULL,
  `prefix` varchar(120) COLLATE utf8mb4_unicode_ci DEFAULT '',
  `created_at` timestamp NULL DEFAULT NULL,
  `updated_at` timestamp NULL DEFAULT NULL,
  PRIMARY KEY (`id`),
  KEY `slugs_reference_id_index` (`reference_id`),
  KEY `slugs_key_index` (`key`),
  KEY `slugs_prefix_index` (`prefix`),
  KEY `slugs_reference_index` (`reference_id`,`reference_type`)
) ENGINE=InnoDB AUTO_INCREMENT=323 DEFAULT CHARSET=utf8mb4 COLLATE=utf8mb4_unicode_ci;
/*!40101 SET character_set_client = @saved_cs_client */;

--
-- Dumping data for table `slugs`
--

LOCK TABLES `slugs` WRITE;
/*!40000 ALTER TABLE `slugs` DISABLE KEYS */;
INSERT INTO `slugs` VALUES (1,'ecommerce',1,'Botble\\Blog\\Models\\Category','blog','2025-01-21 09:39:00','2025-01-21 09:39:00'),(2,'fashion',2,'Botble\\Blog\\Models\\Category','blog','2025-01-21 09:39:00','2025-01-21 09:39:00'),(3,'electronic',3,'Botble\\Blog\\Models\\Category','blog','2025-01-21 09:39:00','2025-01-21 09:39:00'),(4,'commercial',4,'Botble\\Blog\\Models\\Category','blog','2025-01-21 09:39:00','2025-01-21 09:39:00'),(5,'general',1,'Botble\\Blog\\Models\\Tag','tag','2025-01-21 09:39:00','2025-01-21 09:39:00'),(6,'design',2,'Botble\\Blog\\Models\\Tag','tag','2025-01-21 09:39:00','2025-01-21 09:39:00'),(7,'fashion',3,'Botble\\Blog\\Models\\Tag','tag','2025-01-21 09:39:00','2025-01-21 09:39:00'),(8,'branding',4,'Botble\\Blog\\Models\\Tag','tag','2025-01-21 09:39:00','2025-01-21 09:39:00'),(9,'modern',5,'Botble\\Blog\\Models\\Tag','tag','2025-01-21 09:39:00','2025-01-21 09:39:00'),(10,'4-expert-tips-on-how-to-choose-the-right-mens-wallet',1,'Botble\\Blog\\Models\\Post','blog','2025-01-21 09:39:01','2025-01-21 09:39:01'),(11,'sexy-clutches-how-to-buy-wear-a-designer-clutch-bag',2,'Botble\\Blog\\Models\\Post','blog','2025-01-21 09:39:01','2025-01-21 09:39:01'),(12,'the-top-2020-handbag-trends-to-know',3,'Botble\\Blog\\Models\\Post','blog','2025-01-21 09:39:01','2025-01-21 09:39:01'),(13,'how-to-match-the-color-of-your-handbag-with-an-outfit',4,'Botble\\Blog\\Models\\Post','blog','2025-01-21 09:39:01','2025-01-21 09:39:01'),(14,'how-to-care-for-leather-bags',5,'Botble\\Blog\\Models\\Post','blog','2025-01-21 09:39:01','2025-01-21 09:39:01'),(15,'were-crushing-hard-on-summers-10-biggest-bag-trends',6,'Botble\\Blog\\Models\\Post','blog','2025-01-21 09:39:01','2025-01-21 09:39:01'),(16,'essential-qualities-of-highly-successful-music',7,'Botble\\Blog\\Models\\Post','blog','2025-01-21 09:39:01','2025-01-21 09:39:01'),(17,'9-things-i-love-about-shaving-my-head',8,'Botble\\Blog\\Models\\Post','blog','2025-01-21 09:39:01','2025-01-21 09:39:01'),(18,'why-teamwork-really-makes-the-dream-work',9,'Botble\\Blog\\Models\\Post','blog','2025-01-21 09:39:01','2025-01-21 09:39:01'),(19,'the-world-caters-to-average-people',10,'Botble\\Blog\\Models\\Post','blog','2025-01-21 09:39:01','2025-01-21 09:39:01'),(20,'the-litigants-on-the-screen-are-not-actors',11,'Botble\\Blog\\Models\\Post','blog','2025-01-21 09:39:01','2025-01-21 09:39:01'),(21,'wooden-home',1,'Botble\\Page\\Models\\Page','','2025-01-21 09:39:02','2025-01-21 09:39:02'),(22,'fashion-home',2,'Botble\\Page\\Models\\Page','','2025-01-21 09:39:02','2025-01-21 09:39:02'),(23,'furniture-home',3,'Botble\\Page\\Models\\Page','','2025-01-21 09:39:02','2025-01-21 09:39:02'),(24,'cosmetics-home',4,'Botble\\Page\\Models\\Page','','2025-01-21 09:39:02','2025-01-21 09:39:02'),(25,'food-grocery-home',5,'Botble\\Page\\Models\\Page','','2025-01-21 09:39:02','2025-01-21 09:39:02'),(26,'blog',6,'Botble\\Page\\Models\\Page','','2025-01-21 09:39:02','2025-01-21 09:39:02'),(27,'about',7,'Botble\\Page\\Models\\Page','','2025-01-21 09:39:02','2025-01-21 09:39:02'),(28,'contact',8,'Botble\\Page\\Models\\Page','','2025-01-21 09:39:02','2025-01-21 09:39:02'),(29,'coming-soon',9,'Botble\\Page\\Models\\Page','','2025-01-21 09:39:02','2025-01-21 09:39:02'),(30,'store-locator',10,'Botble\\Page\\Models\\Page','','2025-01-21 09:39:02','2025-01-21 09:39:02'),(31,'faqs',11,'Botble\\Page\\Models\\Page','','2025-01-21 09:39:02','2025-01-21 09:39:02'),(32,'fashion-live',1,'Botble\\Ecommerce\\Models\\Brand','brands','2025-01-21 09:39:09','2025-01-21 09:39:09'),(33,'hand-crafted',2,'Botble\\Ecommerce\\Models\\Brand','brands','2025-01-21 09:39:09','2025-01-21 09:39:09'),(34,'mestonix',3,'Botble\\Ecommerce\\Models\\Brand','brands','2025-01-21 09:39:09','2025-01-21 09:39:09'),(35,'sunshine',4,'Botble\\Ecommerce\\Models\\Brand','brands','2025-01-21 09:39:09','2025-01-21 09:39:09'),(36,'pure',5,'Botble\\Ecommerce\\Models\\Brand','brands','2025-01-21 09:39:09','2025-01-21 09:39:09'),(37,'anfold',6,'Botble\\Ecommerce\\Models\\Brand','brands','2025-01-21 09:39:09','2025-01-21 09:39:09'),(38,'pro-glasses',1,'Botble\\Ecommerce\\Models\\ProductCategory','product-categories','2025-01-21 09:39:10','2025-01-21 09:39:10'),(39,'casual-shoes',2,'Botble\\Ecommerce\\Models\\ProductCategory','product-categories','2025-01-21 09:39:10','2025-01-21 09:39:10'),(40,'winter-jacket',3,'Botble\\Ecommerce\\Models\\ProductCategory','product-categories','2025-01-21 09:39:10','2025-01-21 09:39:10'),(41,'new-added',4,'Botble\\Ecommerce\\Models\\ProductCategory','product-categories','2025-01-21 09:39:10','2025-01-21 09:39:10'),(42,'wooden',5,'Botble\\Ecommerce\\Models\\ProductCategory','product-categories','2025-01-21 09:39:10','2025-01-21 09:39:10'),(43,'furniture',6,'Botble\\Ecommerce\\Models\\ProductCategory','product-categories','2025-01-21 09:39:10','2025-01-21 09:39:10'),(44,'clock',7,'Botble\\Ecommerce\\Models\\ProductCategory','product-categories','2025-01-21 09:39:10','2025-01-21 09:39:10'),(45,'gifts',8,'Botble\\Ecommerce\\Models\\ProductCategory','product-categories','2025-01-21 09:39:10','2025-01-21 09:39:10'),(46,'crafts',9,'Botble\\Ecommerce\\Models\\ProductCategory','product-categories','2025-01-21 09:39:10','2025-01-21 09:39:10'),(47,'gift-sets',10,'Botble\\Ecommerce\\Models\\ProductCategory','product-categories','2025-01-21 09:39:10','2025-01-21 09:39:10'),(48,'plastic-gifts',11,'Botble\\Ecommerce\\Models\\ProductCategory','product-categories','2025-01-21 09:39:10','2025-01-21 09:39:10'),(49,'handy-cream',12,'Botble\\Ecommerce\\Models\\ProductCategory','product-categories','2025-01-21 09:39:10','2025-01-21 09:39:10'),(50,'cosmetics',13,'Botble\\Ecommerce\\Models\\ProductCategory','product-categories','2025-01-21 09:39:10','2025-01-21 09:39:10'),(51,'silk-accessories',14,'Botble\\Ecommerce\\Models\\ProductCategory','product-categories','2025-01-21 09:39:10','2025-01-21 09:39:10'),(52,'finest-skincare-lotions',15,'Botble\\Ecommerce\\Models\\ProductCategory','product-categories','2025-01-21 09:39:10','2025-01-21 09:39:10'),(53,'bags-purses',16,'Botble\\Ecommerce\\Models\\ProductCategory','product-categories','2025-01-21 09:39:10','2025-01-21 09:39:10'),(54,'sunglasses',17,'Botble\\Ecommerce\\Models\\ProductCategory','product-categories','2025-01-21 09:39:10','2025-01-21 09:39:10'),(55,'electronic',1,'Botble\\Ecommerce\\Models\\ProductTag','product-tags','2025-01-21 09:39:10','2025-01-21 09:39:10'),(56,'mobile',2,'Botble\\Ecommerce\\Models\\ProductTag','product-tags','2025-01-21 09:39:10','2025-01-21 09:39:10'),(57,'iphone',3,'Botble\\Ecommerce\\Models\\ProductTag','product-tags','2025-01-21 09:39:10','2025-01-21 09:39:10'),(58,'printer',4,'Botble\\Ecommerce\\Models\\ProductTag','product-tags','2025-01-21 09:39:10','2025-01-21 09:39:10'),(59,'office',5,'Botble\\Ecommerce\\Models\\ProductTag','product-tags','2025-01-21 09:39:10','2025-01-21 09:39:10'),(60,'it',6,'Botble\\Ecommerce\\Models\\ProductTag','product-tags','2025-01-21 09:39:10','2025-01-21 09:39:10'),(61,'miko-wooden-bluetooth-speaker',1,'Botble\\Ecommerce\\Models\\Product','products','2025-01-21 09:39:21','2025-01-21 09:39:21'),(62,'gorgeous-wooden-gloves',2,'Botble\\Ecommerce\\Models\\Product','products','2025-01-21 09:39:21','2025-01-21 09:39:21'),(63,'pinkol-enormous-granite-bottle',3,'Botble\\Ecommerce\\Models\\Product','products','2025-01-21 09:39:21','2025-01-21 09:39:21'),(64,'gorgeous-aluminum-table',4,'Botble\\Ecommerce\\Models\\Product','products','2025-01-21 09:39:21','2025-01-21 09:39:21'),(65,'evo-lightweight-granite-shirt',5,'Botble\\Ecommerce\\Models\\Product','products','2025-01-21 09:39:21','2025-01-21 09:39:21'),(66,'clco-incredible-paper-car',6,'Botble\\Ecommerce\\Models\\Product','products','2025-01-21 09:39:21','2025-01-21 09:39:21'),(67,'progash-durable-granite-hat',7,'Botble\\Ecommerce\\Models\\Product','products','2025-01-21 09:39:21','2025-01-21 09:39:21'),(68,'purab-enormous-miranda-bottle',8,'Botble\\Ecommerce\\Models\\Product','products','2025-01-21 09:39:21','2025-01-21 09:39:21'),(69,'miklonda-co-crafted-candles',9,'Botble\\Ecommerce\\Models\\Product','products','2025-01-21 09:39:21','2025-01-21 09:39:21'),(70,'pinkol-enormous-granite-bottle',10,'Botble\\Ecommerce\\Models\\Product','products','2025-01-21 09:39:21','2025-01-21 09:39:21'),(71,'dual-camera-20mp',11,'Botble\\Ecommerce\\Models\\Product','products','2025-01-21 09:39:21','2025-01-21 09:39:21'),(72,'smart-watches',12,'Botble\\Ecommerce\\Models\\Product','products','2025-01-21 09:39:21','2025-01-21 09:39:21'),(73,'beat-headphone',13,'Botble\\Ecommerce\\Models\\Product','products','2025-01-21 09:39:21','2025-01-21 09:39:21'),(74,'red-black-headphone',14,'Botble\\Ecommerce\\Models\\Product','products','2025-01-21 09:39:21','2025-01-21 09:39:21'),(75,'smart-watch-external',15,'Botble\\Ecommerce\\Models\\Product','products','2025-01-21 09:39:21','2025-01-21 09:39:21'),(76,'nikon-hd-camera',16,'Botble\\Ecommerce\\Models\\Product','products','2025-01-21 09:39:21','2025-01-21 09:39:21'),(77,'audio-equipment',17,'Botble\\Ecommerce\\Models\\Product','products','2025-01-21 09:39:21','2025-01-21 09:39:21'),(78,'smart-televisions',18,'Botble\\Ecommerce\\Models\\Product','products','2025-01-21 09:39:21','2025-01-21 09:39:21'),(79,'samsung-smart-phone',19,'Botble\\Ecommerce\\Models\\Product','products','2025-01-21 09:39:21','2025-01-21 09:39:21'),(80,'herschel-leather-duffle-bag-in-brown-color',20,'Botble\\Ecommerce\\Models\\Product','products','2025-01-21 09:39:21','2025-01-21 09:39:21'),(81,'xbox-one-wireless-controller-black-color',21,'Botble\\Ecommerce\\Models\\Product','products','2025-01-21 09:39:21','2025-01-21 09:39:21'),(82,'epsion-plaster-printer',22,'Botble\\Ecommerce\\Models\\Product','products','2025-01-21 09:39:21','2025-01-21 09:39:21'),(83,'sound-intone-i65-earphone-white-version',23,'Botble\\Ecommerce\\Models\\Product','products','2025-01-21 09:39:21','2025-01-21 09:39:21'),(84,'bo-play-mini-bluetooth-speaker',24,'Botble\\Ecommerce\\Models\\Product','products','2025-01-21 09:39:21','2025-01-21 09:39:21'),(85,'apple-macbook-air-retina-133-inch-laptop',25,'Botble\\Ecommerce\\Models\\Product','products','2025-01-21 09:39:21','2025-01-21 09:39:21'),(86,'apple-macbook-air-retina-12-inch-laptop',26,'Botble\\Ecommerce\\Models\\Product','products','2025-01-21 09:39:21','2025-01-21 09:39:21'),(87,'samsung-gear-vr-virtual-reality-headset',27,'Botble\\Ecommerce\\Models\\Product','products','2025-01-21 09:39:21','2025-01-21 09:39:21'),(88,'aveeno-moisturizing-body-shower-450ml',28,'Botble\\Ecommerce\\Models\\Product','products','2025-01-21 09:39:21','2025-01-21 09:39:21'),(89,'nyx-beauty-couton-pallete-makeup-12',29,'Botble\\Ecommerce\\Models\\Product','products','2025-01-21 09:39:21','2025-01-21 09:39:21'),(90,'nyx-beauty-couton-pallete-makeup-12',30,'Botble\\Ecommerce\\Models\\Product','products','2025-01-21 09:39:21','2025-01-21 09:39:21'),(91,'mvmth-classical-leather-watch-in-black',31,'Botble\\Ecommerce\\Models\\Product','products','2025-01-21 09:39:21','2025-01-21 09:39:21'),(92,'baxter-care-hair-kit-for-bearded-mens',32,'Botble\\Ecommerce\\Models\\Product','products','2025-01-21 09:39:22','2025-01-21 09:39:22'),(93,'ciate-palemore-lipstick-bold-red-color',33,'Botble\\Ecommerce\\Models\\Product','products','2025-01-21 09:39:22','2025-01-21 09:39:22'),(94,'vimto-squash-remix-apple-15-litres',34,'Botble\\Ecommerce\\Models\\Product','products','2025-01-21 09:39:22','2025-01-21 09:39:22'),(95,'crock-pot-slow-cooker',35,'Botble\\Ecommerce\\Models\\Product','products','2025-01-21 09:39:22','2025-01-21 09:39:22'),(96,'taylors-of-harrogate-yorkshire-coffee',36,'Botble\\Ecommerce\\Models\\Product','products','2025-01-21 09:39:22','2025-01-21 09:39:22'),(97,'soft-mochi-galeto-ice-cream',37,'Botble\\Ecommerce\\Models\\Product','products','2025-01-21 09:39:22','2025-01-21 09:39:22'),(98,'naked-noodle-egg-noodles-singapore',38,'Botble\\Ecommerce\\Models\\Product','products','2025-01-21 09:39:22','2025-01-21 09:39:22'),(99,'saute-pan-silver',39,'Botble\\Ecommerce\\Models\\Product','products','2025-01-21 09:39:22','2025-01-21 09:39:22'),(100,'bar-s-classic-bun-length-franks',40,'Botble\\Ecommerce\\Models\\Product','products','2025-01-21 09:39:22','2025-01-21 09:39:22'),(101,'broccoli-crowns',41,'Botble\\Ecommerce\\Models\\Product','products','2025-01-21 09:39:22','2025-01-21 09:39:22'),(102,'slimming-world-vegan-mac-greens',42,'Botble\\Ecommerce\\Models\\Product','products','2025-01-21 09:39:22','2025-01-21 09:39:22'),(103,'haagen-dazs-salted-caramel',43,'Botble\\Ecommerce\\Models\\Product','products','2025-01-21 09:39:22','2025-01-21 09:39:22'),(104,'iceland-3-solo-exotic-burst',44,'Botble\\Ecommerce\\Models\\Product','products','2025-01-21 09:39:22','2025-01-21 09:39:22'),(105,'extreme-budweiser-light-can',45,'Botble\\Ecommerce\\Models\\Product','products','2025-01-21 09:39:22','2025-01-21 09:39:22'),(106,'iceland-macaroni-cheese-traybake',46,'Botble\\Ecommerce\\Models\\Product','products','2025-01-21 09:39:22','2025-01-21 09:39:22'),(107,'dolmio-bolognese-pasta-sauce',47,'Botble\\Ecommerce\\Models\\Product','products','2025-01-21 09:39:22','2025-01-21 09:39:22'),(108,'sitema-bakeit-plastic-box',48,'Botble\\Ecommerce\\Models\\Product','products','2025-01-21 09:39:22','2025-01-21 09:39:22'),(109,'wayfair-basics-dinner-plate-storage',49,'Botble\\Ecommerce\\Models\\Product','products','2025-01-21 09:39:22','2025-01-21 09:39:22'),(110,'miko-the-panda-water-bottle',50,'Botble\\Ecommerce\\Models\\Product','products','2025-01-21 09:39:22','2025-01-21 09:39:22'),(111,'sesame-seed-bread',51,'Botble\\Ecommerce\\Models\\Product','products','2025-01-21 09:39:22','2025-01-21 09:39:22'),(112,'morrisons-the-best-beef',52,'Botble\\Ecommerce\\Models\\Product','products','2025-01-21 09:39:22','2025-01-21 09:39:22'),(113,'avocado-hass-large',53,'Botble\\Ecommerce\\Models\\Product','products','2025-01-21 09:39:22','2025-01-21 09:39:22'),(114,'italia-beef-lasagne',54,'Botble\\Ecommerce\\Models\\Product','products','2025-01-21 09:39:22','2025-01-21 09:39:22'),(115,'maxwell-house-classic-roast-mocha',55,'Botble\\Ecommerce\\Models\\Product','products','2025-01-21 09:39:22','2025-01-21 09:39:22'),(116,'bottled-pure-water-500ml',56,'Botble\\Ecommerce\\Models\\Product','products','2025-01-21 09:39:22','2025-01-21 09:39:22'),(117,'famart-farmhouse-soft-white',57,'Botble\\Ecommerce\\Models\\Product','products','2025-01-21 09:39:22','2025-01-21 09:39:22'),(118,'coca-cola-original-taste',58,'Botble\\Ecommerce\\Models\\Product','products','2025-01-21 09:39:22','2025-01-21 09:39:22'),(119,'casillero-diablo-cabernet-sauvignon',59,'Botble\\Ecommerce\\Models\\Product','products','2025-01-21 09:39:22','2025-01-21 09:39:22'),(120,'arla-organic-free-range-milk',60,'Botble\\Ecommerce\\Models\\Product','products','2025-01-21 09:39:22','2025-01-21 09:39:22'),(121,'aptamil-follow-on-baby-milk',61,'Botble\\Ecommerce\\Models\\Product','products','2025-01-21 09:39:22','2025-01-21 09:39:22'),(122,'cuisinart-chefs-classic-hard-anodized',62,'Botble\\Ecommerce\\Models\\Product','products','2025-01-21 09:39:22','2025-01-21 09:39:22'),(123,'corn-yellow-sweet',63,'Botble\\Ecommerce\\Models\\Product','products','2025-01-21 09:39:22','2025-01-21 09:39:22'),(124,'hobnobs-the-nobbly-biscuit',64,'Botble\\Ecommerce\\Models\\Product','products','2025-01-21 09:39:22','2025-01-21 09:39:22'),(125,'honest-organic-still-lemonade',65,'Botble\\Ecommerce\\Models\\Product','products','2025-01-21 09:39:22','2025-01-21 09:39:22'),(126,'ice-becks-beer-350ml-x-24-pieces',66,'Botble\\Ecommerce\\Models\\Product','products','2025-01-21 09:39:22','2025-01-21 09:39:22'),(127,'iceland-6-hot-cross-buns',67,'Botble\\Ecommerce\\Models\\Product','products','2025-01-21 09:39:22','2025-01-21 09:39:22'),(128,'iceland-luxury-4-panini-rolls',68,'Botble\\Ecommerce\\Models\\Product','products','2025-01-21 09:39:22','2025-01-21 09:39:22'),(129,'iceland-soft-scoop-vanilla',69,'Botble\\Ecommerce\\Models\\Product','products','2025-01-21 09:39:22','2025-01-21 09:39:22'),(130,'iceland-spaghetti-bolognese',70,'Botble\\Ecommerce\\Models\\Product','products','2025-01-21 09:39:22','2025-01-21 09:39:22'),(131,'kelloggs-coco-pops-cereal',71,'Botble\\Ecommerce\\Models\\Product','products','2025-01-21 09:39:22','2025-01-21 09:39:22'),(132,'kit-kat-chunky-milk-chocolate',72,'Botble\\Ecommerce\\Models\\Product','products','2025-01-21 09:39:22','2025-01-21 09:39:22'),(133,'large-green-bell-pepper',73,'Botble\\Ecommerce\\Models\\Product','products','2025-01-21 09:39:22','2025-01-21 09:39:22'),(134,'pice-94w-beasley-journal',74,'Botble\\Ecommerce\\Models\\Product','products','2025-01-21 09:39:22','2025-01-21 09:39:22'),(135,'province-piece-glass-drinking-glass',75,'Botble\\Ecommerce\\Models\\Product','products','2025-01-21 09:39:22','2025-01-21 09:39:22'),(136,'perfect',1,'Botble\\Gallery\\Models\\Gallery','galleries','2025-01-21 09:39:34','2025-01-21 09:39:34'),(137,'new-day',2,'Botble\\Gallery\\Models\\Gallery','galleries','2025-01-21 09:39:34','2025-01-21 09:39:34'),(138,'happy-day',3,'Botble\\Gallery\\Models\\Gallery','galleries','2025-01-21 09:39:34','2025-01-21 09:39:34'),(139,'nature',4,'Botble\\Gallery\\Models\\Gallery','galleries','2025-01-21 09:39:34','2025-01-21 09:39:34'),(140,'morning',5,'Botble\\Gallery\\Models\\Gallery','galleries','2025-01-21 09:39:34','2025-01-21 09:39:34'),(141,'photography',6,'Botble\\Gallery\\Models\\Gallery','galleries','2025-01-21 09:39:34','2025-01-21 09:39:34'),(142,'miko-wooden-bluetooth-speaker',76,'Botble\\Ecommerce\\Models\\Product','products','2025-01-21 09:39:35','2025-01-21 09:39:35'),(143,'miko-wooden-bluetooth-speaker',77,'Botble\\Ecommerce\\Models\\Product','products','2025-01-21 09:39:35','2025-01-21 09:39:35'),(144,'gorgeous-wooden-gloves',78,'Botble\\Ecommerce\\Models\\Product','products','2025-01-21 09:39:35','2025-01-21 09:39:35'),(145,'gorgeous-wooden-gloves',79,'Botble\\Ecommerce\\Models\\Product','products','2025-01-21 09:39:35','2025-01-21 09:39:35'),(146,'gorgeous-wooden-gloves',80,'Botble\\Ecommerce\\Models\\Product','products','2025-01-21 09:39:35','2025-01-21 09:39:35'),(147,'pinkol-enormous-granite-bottle',81,'Botble\\Ecommerce\\Models\\Product','products','2025-01-21 09:39:35','2025-01-21 09:39:35'),(148,'gorgeous-aluminum-table',82,'Botble\\Ecommerce\\Models\\Product','products','2025-01-21 09:39:35','2025-01-21 09:39:35'),(149,'gorgeous-aluminum-table',83,'Botble\\Ecommerce\\Models\\Product','products','2025-01-21 09:39:35','2025-01-21 09:39:35'),(150,'evo-lightweight-granite-shirt',84,'Botble\\Ecommerce\\Models\\Product','products','2025-01-21 09:39:35','2025-01-21 09:39:35'),(151,'evo-lightweight-granite-shirt',85,'Botble\\Ecommerce\\Models\\Product','products','2025-01-21 09:39:35','2025-01-21 09:39:35'),(152,'clco-incredible-paper-car',86,'Botble\\Ecommerce\\Models\\Product','products','2025-01-21 09:39:35','2025-01-21 09:39:35'),(153,'clco-incredible-paper-car',87,'Botble\\Ecommerce\\Models\\Product','products','2025-01-21 09:39:35','2025-01-21 09:39:35'),(154,'clco-incredible-paper-car',88,'Botble\\Ecommerce\\Models\\Product','products','2025-01-21 09:39:35','2025-01-21 09:39:35'),(155,'progash-durable-granite-hat',89,'Botble\\Ecommerce\\Models\\Product','products','2025-01-21 09:39:35','2025-01-21 09:39:35'),(156,'progash-durable-granite-hat',90,'Botble\\Ecommerce\\Models\\Product','products','2025-01-21 09:39:35','2025-01-21 09:39:35'),(157,'purab-enormous-miranda-bottle',91,'Botble\\Ecommerce\\Models\\Product','products','2025-01-21 09:39:35','2025-01-21 09:39:35'),(158,'purab-enormous-miranda-bottle',92,'Botble\\Ecommerce\\Models\\Product','products','2025-01-21 09:39:35','2025-01-21 09:39:35'),(159,'purab-enormous-miranda-bottle',93,'Botble\\Ecommerce\\Models\\Product','products','2025-01-21 09:39:35','2025-01-21 09:39:35'),(160,'miklonda-co-crafted-candles',94,'Botble\\Ecommerce\\Models\\Product','products','2025-01-21 09:39:35','2025-01-21 09:39:35'),(161,'miklonda-co-crafted-candles',95,'Botble\\Ecommerce\\Models\\Product','products','2025-01-21 09:39:35','2025-01-21 09:39:35'),(162,'miklonda-co-crafted-candles',96,'Botble\\Ecommerce\\Models\\Product','products','2025-01-21 09:39:35','2025-01-21 09:39:35'),(163,'pinkol-enormous-granite-bottle',97,'Botble\\Ecommerce\\Models\\Product','products','2025-01-21 09:39:35','2025-01-21 09:39:35'),(164,'pinkol-enormous-granite-bottle',98,'Botble\\Ecommerce\\Models\\Product','products','2025-01-21 09:39:35','2025-01-21 09:39:35'),(165,'dual-camera-20mp',99,'Botble\\Ecommerce\\Models\\Product','products','2025-01-21 09:39:35','2025-01-21 09:39:35'),(166,'dual-camera-20mp',100,'Botble\\Ecommerce\\Models\\Product','products','2025-01-21 09:39:35','2025-01-21 09:39:35'),(167,'dual-camera-20mp',101,'Botble\\Ecommerce\\Models\\Product','products','2025-01-21 09:39:35','2025-01-21 09:39:35'),(168,'dual-camera-20mp',102,'Botble\\Ecommerce\\Models\\Product','products','2025-01-21 09:39:35','2025-01-21 09:39:35'),(169,'smart-watches',103,'Botble\\Ecommerce\\Models\\Product','products','2025-01-21 09:39:35','2025-01-21 09:39:35'),(170,'smart-watches',104,'Botble\\Ecommerce\\Models\\Product','products','2025-01-21 09:39:35','2025-01-21 09:39:35'),(171,'smart-watches',105,'Botble\\Ecommerce\\Models\\Product','products','2025-01-21 09:39:35','2025-01-21 09:39:35'),(172,'smart-watches',106,'Botble\\Ecommerce\\Models\\Product','products','2025-01-21 09:39:35','2025-01-21 09:39:35'),(173,'beat-headphone',107,'Botble\\Ecommerce\\Models\\Product','products','2025-01-21 09:39:35','2025-01-21 09:39:35'),(174,'red-black-headphone',108,'Botble\\Ecommerce\\Models\\Product','products','2025-01-21 09:39:35','2025-01-21 09:39:35'),(175,'red-black-headphone',109,'Botble\\Ecommerce\\Models\\Product','products','2025-01-21 09:39:35','2025-01-21 09:39:35'),(176,'smart-watch-external',110,'Botble\\Ecommerce\\Models\\Product','products','2025-01-21 09:39:35','2025-01-21 09:39:35'),(177,'smart-watch-external',111,'Botble\\Ecommerce\\Models\\Product','products','2025-01-21 09:39:35','2025-01-21 09:39:35'),(178,'smart-watch-external',112,'Botble\\Ecommerce\\Models\\Product','products','2025-01-21 09:39:35','2025-01-21 09:39:35'),(179,'nikon-hd-camera',113,'Botble\\Ecommerce\\Models\\Product','products','2025-01-21 09:39:35','2025-01-21 09:39:35'),(180,'nikon-hd-camera',114,'Botble\\Ecommerce\\Models\\Product','products','2025-01-21 09:39:35','2025-01-21 09:39:35'),(181,'nikon-hd-camera',115,'Botble\\Ecommerce\\Models\\Product','products','2025-01-21 09:39:35','2025-01-21 09:39:35'),(182,'nikon-hd-camera',116,'Botble\\Ecommerce\\Models\\Product','products','2025-01-21 09:39:35','2025-01-21 09:39:35'),(183,'audio-equipment',117,'Botble\\Ecommerce\\Models\\Product','products','2025-01-21 09:39:35','2025-01-21 09:39:35'),(184,'audio-equipment',118,'Botble\\Ecommerce\\Models\\Product','products','2025-01-21 09:39:35','2025-01-21 09:39:35'),(185,'smart-televisions',119,'Botble\\Ecommerce\\Models\\Product','products','2025-01-21 09:39:35','2025-01-21 09:39:35'),(186,'samsung-smart-phone',120,'Botble\\Ecommerce\\Models\\Product','products','2025-01-21 09:39:35','2025-01-21 09:39:35'),(187,'samsung-smart-phone',121,'Botble\\Ecommerce\\Models\\Product','products','2025-01-21 09:39:35','2025-01-21 09:39:35'),(188,'herschel-leather-duffle-bag-in-brown-color',122,'Botble\\Ecommerce\\Models\\Product','products','2025-01-21 09:39:35','2025-01-21 09:39:35'),(189,'herschel-leather-duffle-bag-in-brown-color',123,'Botble\\Ecommerce\\Models\\Product','products','2025-01-21 09:39:35','2025-01-21 09:39:35'),(190,'xbox-one-wireless-controller-black-color',124,'Botble\\Ecommerce\\Models\\Product','products','2025-01-21 09:39:35','2025-01-21 09:39:35'),(191,'xbox-one-wireless-controller-black-color',125,'Botble\\Ecommerce\\Models\\Product','products','2025-01-21 09:39:35','2025-01-21 09:39:35'),(192,'epsion-plaster-printer',126,'Botble\\Ecommerce\\Models\\Product','products','2025-01-21 09:39:35','2025-01-21 09:39:35'),(193,'epsion-plaster-printer',127,'Botble\\Ecommerce\\Models\\Product','products','2025-01-21 09:39:35','2025-01-21 09:39:35'),(194,'sound-intone-i65-earphone-white-version',128,'Botble\\Ecommerce\\Models\\Product','products','2025-01-21 09:39:35','2025-01-21 09:39:35'),(195,'sound-intone-i65-earphone-white-version',129,'Botble\\Ecommerce\\Models\\Product','products','2025-01-21 09:39:35','2025-01-21 09:39:35'),(196,'bo-play-mini-bluetooth-speaker',130,'Botble\\Ecommerce\\Models\\Product','products','2025-01-21 09:39:35','2025-01-21 09:39:35'),(197,'bo-play-mini-bluetooth-speaker',131,'Botble\\Ecommerce\\Models\\Product','products','2025-01-21 09:39:35','2025-01-21 09:39:35'),(198,'bo-play-mini-bluetooth-speaker',132,'Botble\\Ecommerce\\Models\\Product','products','2025-01-21 09:39:35','2025-01-21 09:39:35'),(199,'apple-macbook-air-retina-133-inch-laptop',133,'Botble\\Ecommerce\\Models\\Product','products','2025-01-21 09:39:35','2025-01-21 09:39:35'),(200,'apple-macbook-air-retina-133-inch-laptop',134,'Botble\\Ecommerce\\Models\\Product','products','2025-01-21 09:39:35','2025-01-21 09:39:35'),(201,'apple-macbook-air-retina-12-inch-laptop',135,'Botble\\Ecommerce\\Models\\Product','products','2025-01-21 09:39:35','2025-01-21 09:39:35'),(202,'apple-macbook-air-retina-12-inch-laptop',136,'Botble\\Ecommerce\\Models\\Product','products','2025-01-21 09:39:35','2025-01-21 09:39:35'),(203,'samsung-gear-vr-virtual-reality-headset',137,'Botble\\Ecommerce\\Models\\Product','products','2025-01-21 09:39:35','2025-01-21 09:39:35'),(204,'samsung-gear-vr-virtual-reality-headset',138,'Botble\\Ecommerce\\Models\\Product','products','2025-01-21 09:39:35','2025-01-21 09:39:35'),(205,'samsung-gear-vr-virtual-reality-headset',139,'Botble\\Ecommerce\\Models\\Product','products','2025-01-21 09:39:35','2025-01-21 09:39:35'),(206,'aveeno-moisturizing-body-shower-450ml',140,'Botble\\Ecommerce\\Models\\Product','products','2025-01-21 09:39:35','2025-01-21 09:39:35'),(207,'aveeno-moisturizing-body-shower-450ml',141,'Botble\\Ecommerce\\Models\\Product','products','2025-01-21 09:39:35','2025-01-21 09:39:35'),(208,'aveeno-moisturizing-body-shower-450ml',142,'Botble\\Ecommerce\\Models\\Product','products','2025-01-21 09:39:35','2025-01-21 09:39:35'),(209,'nyx-beauty-couton-pallete-makeup-12',143,'Botble\\Ecommerce\\Models\\Product','products','2025-01-21 09:39:35','2025-01-21 09:39:35'),(210,'nyx-beauty-couton-pallete-makeup-12',144,'Botble\\Ecommerce\\Models\\Product','products','2025-01-21 09:39:35','2025-01-21 09:39:35'),(211,'nyx-beauty-couton-pallete-makeup-12',145,'Botble\\Ecommerce\\Models\\Product','products','2025-01-21 09:39:35','2025-01-21 09:39:35'),(212,'nyx-beauty-couton-pallete-makeup-12',146,'Botble\\Ecommerce\\Models\\Product','products','2025-01-21 09:39:35','2025-01-21 09:39:35'),(213,'mvmth-classical-leather-watch-in-black',147,'Botble\\Ecommerce\\Models\\Product','products','2025-01-21 09:39:35','2025-01-21 09:39:35'),(214,'mvmth-classical-leather-watch-in-black',148,'Botble\\Ecommerce\\Models\\Product','products','2025-01-21 09:39:35','2025-01-21 09:39:35'),(215,'baxter-care-hair-kit-for-bearded-mens',149,'Botble\\Ecommerce\\Models\\Product','products','2025-01-21 09:39:35','2025-01-21 09:39:35'),(216,'baxter-care-hair-kit-for-bearded-mens',150,'Botble\\Ecommerce\\Models\\Product','products','2025-01-21 09:39:35','2025-01-21 09:39:35'),(217,'baxter-care-hair-kit-for-bearded-mens',151,'Botble\\Ecommerce\\Models\\Product','products','2025-01-21 09:39:35','2025-01-21 09:39:35'),(218,'ciate-palemore-lipstick-bold-red-color',152,'Botble\\Ecommerce\\Models\\Product','products','2025-01-21 09:39:35','2025-01-21 09:39:35'),(219,'ciate-palemore-lipstick-bold-red-color',153,'Botble\\Ecommerce\\Models\\Product','products','2025-01-21 09:39:35','2025-01-21 09:39:35'),(220,'vimto-squash-remix-apple-15-litres',154,'Botble\\Ecommerce\\Models\\Product','products','2025-01-21 09:39:35','2025-01-21 09:39:35'),(221,'vimto-squash-remix-apple-15-litres',155,'Botble\\Ecommerce\\Models\\Product','products','2025-01-21 09:39:35','2025-01-21 09:39:35'),(222,'vimto-squash-remix-apple-15-litres',156,'Botble\\Ecommerce\\Models\\Product','products','2025-01-21 09:39:35','2025-01-21 09:39:35'),(223,'crock-pot-slow-cooker',157,'Botble\\Ecommerce\\Models\\Product','products','2025-01-21 09:39:35','2025-01-21 09:39:35'),(224,'crock-pot-slow-cooker',158,'Botble\\Ecommerce\\Models\\Product','products','2025-01-21 09:39:35','2025-01-21 09:39:35'),(225,'taylors-of-harrogate-yorkshire-coffee',159,'Botble\\Ecommerce\\Models\\Product','products','2025-01-21 09:39:35','2025-01-21 09:39:35'),(226,'soft-mochi-galeto-ice-cream',160,'Botble\\Ecommerce\\Models\\Product','products','2025-01-21 09:39:35','2025-01-21 09:39:35'),(227,'soft-mochi-galeto-ice-cream',161,'Botble\\Ecommerce\\Models\\Product','products','2025-01-21 09:39:35','2025-01-21 09:39:35'),(228,'naked-noodle-egg-noodles-singapore',162,'Botble\\Ecommerce\\Models\\Product','products','2025-01-21 09:39:35','2025-01-21 09:39:35'),(229,'naked-noodle-egg-noodles-singapore',163,'Botble\\Ecommerce\\Models\\Product','products','2025-01-21 09:39:35','2025-01-21 09:39:35'),(230,'naked-noodle-egg-noodles-singapore',164,'Botble\\Ecommerce\\Models\\Product','products','2025-01-21 09:39:35','2025-01-21 09:39:35'),(231,'saute-pan-silver',165,'Botble\\Ecommerce\\Models\\Product','products','2025-01-21 09:39:35','2025-01-21 09:39:35'),(232,'saute-pan-silver',166,'Botble\\Ecommerce\\Models\\Product','products','2025-01-21 09:39:35','2025-01-21 09:39:35'),(233,'saute-pan-silver',167,'Botble\\Ecommerce\\Models\\Product','products','2025-01-21 09:39:35','2025-01-21 09:39:35'),(234,'bar-s-classic-bun-length-franks',168,'Botble\\Ecommerce\\Models\\Product','products','2025-01-21 09:39:35','2025-01-21 09:39:35'),(235,'bar-s-classic-bun-length-franks',169,'Botble\\Ecommerce\\Models\\Product','products','2025-01-21 09:39:35','2025-01-21 09:39:35'),(236,'bar-s-classic-bun-length-franks',170,'Botble\\Ecommerce\\Models\\Product','products','2025-01-21 09:39:35','2025-01-21 09:39:35'),(237,'broccoli-crowns',171,'Botble\\Ecommerce\\Models\\Product','products','2025-01-21 09:39:35','2025-01-21 09:39:35'),(238,'slimming-world-vegan-mac-greens',172,'Botble\\Ecommerce\\Models\\Product','products','2025-01-21 09:39:35','2025-01-21 09:39:35'),(239,'slimming-world-vegan-mac-greens',173,'Botble\\Ecommerce\\Models\\Product','products','2025-01-21 09:39:35','2025-01-21 09:39:35'),(240,'haagen-dazs-salted-caramel',174,'Botble\\Ecommerce\\Models\\Product','products','2025-01-21 09:39:35','2025-01-21 09:39:35'),(241,'iceland-3-solo-exotic-burst',175,'Botble\\Ecommerce\\Models\\Product','products','2025-01-21 09:39:35','2025-01-21 09:39:35'),(242,'iceland-3-solo-exotic-burst',176,'Botble\\Ecommerce\\Models\\Product','products','2025-01-21 09:39:35','2025-01-21 09:39:35'),(243,'iceland-3-solo-exotic-burst',177,'Botble\\Ecommerce\\Models\\Product','products','2025-01-21 09:39:36','2025-01-21 09:39:36'),(244,'extreme-budweiser-light-can',178,'Botble\\Ecommerce\\Models\\Product','products','2025-01-21 09:39:36','2025-01-21 09:39:36'),(245,'iceland-macaroni-cheese-traybake',179,'Botble\\Ecommerce\\Models\\Product','products','2025-01-21 09:39:36','2025-01-21 09:39:36'),(246,'iceland-macaroni-cheese-traybake',180,'Botble\\Ecommerce\\Models\\Product','products','2025-01-21 09:39:36','2025-01-21 09:39:36'),(247,'dolmio-bolognese-pasta-sauce',181,'Botble\\Ecommerce\\Models\\Product','products','2025-01-21 09:39:36','2025-01-21 09:39:36'),(248,'sitema-bakeit-plastic-box',182,'Botble\\Ecommerce\\Models\\Product','products','2025-01-21 09:39:36','2025-01-21 09:39:36'),(249,'wayfair-basics-dinner-plate-storage',183,'Botble\\Ecommerce\\Models\\Product','products','2025-01-21 09:39:36','2025-01-21 09:39:36'),(250,'wayfair-basics-dinner-plate-storage',184,'Botble\\Ecommerce\\Models\\Product','products','2025-01-21 09:39:36','2025-01-21 09:39:36'),(251,'wayfair-basics-dinner-plate-storage',185,'Botble\\Ecommerce\\Models\\Product','products','2025-01-21 09:39:36','2025-01-21 09:39:36'),(252,'miko-the-panda-water-bottle',186,'Botble\\Ecommerce\\Models\\Product','products','2025-01-21 09:39:36','2025-01-21 09:39:36'),(253,'miko-the-panda-water-bottle',187,'Botble\\Ecommerce\\Models\\Product','products','2025-01-21 09:39:36','2025-01-21 09:39:36'),(254,'miko-the-panda-water-bottle',188,'Botble\\Ecommerce\\Models\\Product','products','2025-01-21 09:39:36','2025-01-21 09:39:36'),(255,'sesame-seed-bread',189,'Botble\\Ecommerce\\Models\\Product','products','2025-01-21 09:39:36','2025-01-21 09:39:36'),(256,'sesame-seed-bread',190,'Botble\\Ecommerce\\Models\\Product','products','2025-01-21 09:39:36','2025-01-21 09:39:36'),(257,'morrisons-the-best-beef',191,'Botble\\Ecommerce\\Models\\Product','products','2025-01-21 09:39:36','2025-01-21 09:39:36'),(258,'avocado-hass-large',192,'Botble\\Ecommerce\\Models\\Product','products','2025-01-21 09:39:36','2025-01-21 09:39:36'),(259,'avocado-hass-large',193,'Botble\\Ecommerce\\Models\\Product','products','2025-01-21 09:39:36','2025-01-21 09:39:36'),(260,'avocado-hass-large',194,'Botble\\Ecommerce\\Models\\Product','products','2025-01-21 09:39:36','2025-01-21 09:39:36'),(261,'italia-beef-lasagne',195,'Botble\\Ecommerce\\Models\\Product','products','2025-01-21 09:39:36','2025-01-21 09:39:36'),(262,'maxwell-house-classic-roast-mocha',196,'Botble\\Ecommerce\\Models\\Product','products','2025-01-21 09:39:36','2025-01-21 09:39:36'),(263,'maxwell-house-classic-roast-mocha',197,'Botble\\Ecommerce\\Models\\Product','products','2025-01-21 09:39:36','2025-01-21 09:39:36'),(264,'maxwell-house-classic-roast-mocha',198,'Botble\\Ecommerce\\Models\\Product','products','2025-01-21 09:39:36','2025-01-21 09:39:36'),(265,'maxwell-house-classic-roast-mocha',199,'Botble\\Ecommerce\\Models\\Product','products','2025-01-21 09:39:36','2025-01-21 09:39:36'),(266,'bottled-pure-water-500ml',200,'Botble\\Ecommerce\\Models\\Product','products','2025-01-21 09:39:36','2025-01-21 09:39:36'),(267,'bottled-pure-water-500ml',201,'Botble\\Ecommerce\\Models\\Product','products','2025-01-21 09:39:36','2025-01-21 09:39:36'),(268,'bottled-pure-water-500ml',202,'Botble\\Ecommerce\\Models\\Product','products','2025-01-21 09:39:36','2025-01-21 09:39:36'),(269,'bottled-pure-water-500ml',203,'Botble\\Ecommerce\\Models\\Product','products','2025-01-21 09:39:36','2025-01-21 09:39:36'),(270,'bottled-pure-water-500ml',204,'Botble\\Ecommerce\\Models\\Product','products','2025-01-21 09:39:36','2025-01-21 09:39:36'),(271,'famart-farmhouse-soft-white',205,'Botble\\Ecommerce\\Models\\Product','products','2025-01-21 09:39:36','2025-01-21 09:39:36'),(272,'famart-farmhouse-soft-white',206,'Botble\\Ecommerce\\Models\\Product','products','2025-01-21 09:39:36','2025-01-21 09:39:36'),(273,'coca-cola-original-taste',207,'Botble\\Ecommerce\\Models\\Product','products','2025-01-21 09:39:36','2025-01-21 09:39:36'),(274,'coca-cola-original-taste',208,'Botble\\Ecommerce\\Models\\Product','products','2025-01-21 09:39:36','2025-01-21 09:39:36'),(275,'casillero-diablo-cabernet-sauvignon',209,'Botble\\Ecommerce\\Models\\Product','products','2025-01-21 09:39:36','2025-01-21 09:39:36'),(276,'casillero-diablo-cabernet-sauvignon',210,'Botble\\Ecommerce\\Models\\Product','products','2025-01-21 09:39:36','2025-01-21 09:39:36'),(277,'casillero-diablo-cabernet-sauvignon',211,'Botble\\Ecommerce\\Models\\Product','products','2025-01-21 09:39:36','2025-01-21 09:39:36'),(278,'arla-organic-free-range-milk',212,'Botble\\Ecommerce\\Models\\Product','products','2025-01-21 09:39:36','2025-01-21 09:39:36'),(279,'arla-organic-free-range-milk',213,'Botble\\Ecommerce\\Models\\Product','products','2025-01-21 09:39:36','2025-01-21 09:39:36'),(280,'arla-organic-free-range-milk',214,'Botble\\Ecommerce\\Models\\Product','products','2025-01-21 09:39:36','2025-01-21 09:39:36'),(281,'arla-organic-free-range-milk',215,'Botble\\Ecommerce\\Models\\Product','products','2025-01-21 09:39:36','2025-01-21 09:39:36'),(282,'aptamil-follow-on-baby-milk',216,'Botble\\Ecommerce\\Models\\Product','products','2025-01-21 09:39:36','2025-01-21 09:39:36'),(283,'cuisinart-chefs-classic-hard-anodized',217,'Botble\\Ecommerce\\Models\\Product','products','2025-01-21 09:39:36','2025-01-21 09:39:36'),(284,'cuisinart-chefs-classic-hard-anodized',218,'Botble\\Ecommerce\\Models\\Product','products','2025-01-21 09:39:36','2025-01-21 09:39:36'),(285,'corn-yellow-sweet',219,'Botble\\Ecommerce\\Models\\Product','products','2025-01-21 09:39:36','2025-01-21 09:39:36'),(286,'hobnobs-the-nobbly-biscuit',220,'Botble\\Ecommerce\\Models\\Product','products','2025-01-21 09:39:36','2025-01-21 09:39:36'),(287,'hobnobs-the-nobbly-biscuit',221,'Botble\\Ecommerce\\Models\\Product','products','2025-01-21 09:39:36','2025-01-21 09:39:36'),(288,'hobnobs-the-nobbly-biscuit',222,'Botble\\Ecommerce\\Models\\Product','products','2025-01-21 09:39:36','2025-01-21 09:39:36'),(289,'hobnobs-the-nobbly-biscuit',223,'Botble\\Ecommerce\\Models\\Product','products','2025-01-21 09:39:36','2025-01-21 09:39:36'),(290,'honest-organic-still-lemonade',224,'Botble\\Ecommerce\\Models\\Product','products','2025-01-21 09:39:36','2025-01-21 09:39:36'),(291,'honest-organic-still-lemonade',225,'Botble\\Ecommerce\\Models\\Product','products','2025-01-21 09:39:36','2025-01-21 09:39:36'),(292,'honest-organic-still-lemonade',226,'Botble\\Ecommerce\\Models\\Product','products','2025-01-21 09:39:36','2025-01-21 09:39:36'),(293,'honest-organic-still-lemonade',227,'Botble\\Ecommerce\\Models\\Product','products','2025-01-21 09:39:36','2025-01-21 09:39:36'),(294,'ice-becks-beer-350ml-x-24-pieces',228,'Botble\\Ecommerce\\Models\\Product','products','2025-01-21 09:39:36','2025-01-21 09:39:36'),(295,'ice-becks-beer-350ml-x-24-pieces',229,'Botble\\Ecommerce\\Models\\Product','products','2025-01-21 09:39:36','2025-01-21 09:39:36'),(296,'ice-becks-beer-350ml-x-24-pieces',230,'Botble\\Ecommerce\\Models\\Product','products','2025-01-21 09:39:36','2025-01-21 09:39:36'),(297,'ice-becks-beer-350ml-x-24-pieces',231,'Botble\\Ecommerce\\Models\\Product','products','2025-01-21 09:39:36','2025-01-21 09:39:36'),(298,'iceland-6-hot-cross-buns',232,'Botble\\Ecommerce\\Models\\Product','products','2025-01-21 09:39:36','2025-01-21 09:39:36'),(299,'iceland-luxury-4-panini-rolls',233,'Botble\\Ecommerce\\Models\\Product','products','2025-01-21 09:39:36','2025-01-21 09:39:36'),(300,'iceland-soft-scoop-vanilla',234,'Botble\\Ecommerce\\Models\\Product','products','2025-01-21 09:39:36','2025-01-21 09:39:36'),(301,'iceland-soft-scoop-vanilla',235,'Botble\\Ecommerce\\Models\\Product','products','2025-01-21 09:39:36','2025-01-21 09:39:36'),(302,'iceland-soft-scoop-vanilla',236,'Botble\\Ecommerce\\Models\\Product','products','2025-01-21 09:39:36','2025-01-21 09:39:36'),(303,'iceland-soft-scoop-vanilla',237,'Botble\\Ecommerce\\Models\\Product','products','2025-01-21 09:39:36','2025-01-21 09:39:36'),(304,'iceland-spaghetti-bolognese',238,'Botble\\Ecommerce\\Models\\Product','products','2025-01-21 09:39:36','2025-01-21 09:39:36'),(305,'iceland-spaghetti-bolognese',239,'Botble\\Ecommerce\\Models\\Product','products','2025-01-21 09:39:36','2025-01-21 09:39:36'),(306,'kelloggs-coco-pops-cereal',240,'Botble\\Ecommerce\\Models\\Product','products','2025-01-21 09:39:36','2025-01-21 09:39:36'),(307,'kelloggs-coco-pops-cereal',241,'Botble\\Ecommerce\\Models\\Product','products','2025-01-21 09:39:36','2025-01-21 09:39:36'),(308,'kit-kat-chunky-milk-chocolate',242,'Botble\\Ecommerce\\Models\\Product','products','2025-01-21 09:39:36','2025-01-21 09:39:36'),(309,'kit-kat-chunky-milk-chocolate',243,'Botble\\Ecommerce\\Models\\Product','products','2025-01-21 09:39:36','2025-01-21 09:39:36'),(310,'large-green-bell-pepper',244,'Botble\\Ecommerce\\Models\\Product','products','2025-01-21 09:39:36','2025-01-21 09:39:36'),(311,'large-green-bell-pepper',245,'Botble\\Ecommerce\\Models\\Product','products','2025-01-21 09:39:36','2025-01-21 09:39:36'),(312,'large-green-bell-pepper',246,'Botble\\Ecommerce\\Models\\Product','products','2025-01-21 09:39:36','2025-01-21 09:39:36'),(313,'large-green-bell-pepper',247,'Botble\\Ecommerce\\Models\\Product','products','2025-01-21 09:39:36','2025-01-21 09:39:36'),(314,'large-green-bell-pepper',248,'Botble\\Ecommerce\\Models\\Product','products','2025-01-21 09:39:36','2025-01-21 09:39:36'),(315,'pice-94w-beasley-journal',249,'Botble\\Ecommerce\\Models\\Product','products','2025-01-21 09:39:36','2025-01-21 09:39:36'),(316,'province-piece-glass-drinking-glass',250,'Botble\\Ecommerce\\Models\\Product','products','2025-01-21 09:39:36','2025-01-21 09:39:36'),(317,'province-piece-glass-drinking-glass',251,'Botble\\Ecommerce\\Models\\Product','products','2025-01-21 09:39:36','2025-01-21 09:39:36'),(318,'province-piece-glass-drinking-glass',252,'Botble\\Ecommerce\\Models\\Product','products','2025-01-21 09:39:36','2025-01-21 09:39:36'),(319,'rosalina-d-willson',1,'Botble\\Team\\Models\\Team','teams','2025-01-21 09:39:36','2025-01-21 09:39:36'),(320,'ukolilix-x-xilanorix',2,'Botble\\Team\\Models\\Team','teams','2025-01-21 09:39:36','2025-01-21 09:39:36'),(321,'alonso-m-miklonax',3,'Botble\\Team\\Models\\Team','teams','2025-01-21 09:39:36','2025-01-21 09:39:36'),(322,'miranda-h-halim',4,'Botble\\Team\\Models\\Team','teams','2025-01-21 09:39:36','2025-01-21 09:39:36');
/*!40000 ALTER TABLE `slugs` ENABLE KEYS */;
UNLOCK TABLES;

--
-- Table structure for table `slugs_translations`
--

DROP TABLE IF EXISTS `slugs_translations`;
/*!40101 SET @saved_cs_client     = @@character_set_client */;
/*!40101 SET character_set_client = utf8 */;
CREATE TABLE `slugs_translations` (
  `lang_code` varchar(20) COLLATE utf8mb4_unicode_ci NOT NULL,
  `slugs_id` bigint unsigned NOT NULL,
  `key` varchar(191) COLLATE utf8mb4_unicode_ci DEFAULT NULL,
  `prefix` varchar(120) COLLATE utf8mb4_unicode_ci DEFAULT '',
  PRIMARY KEY (`lang_code`,`slugs_id`)
) ENGINE=InnoDB DEFAULT CHARSET=utf8mb4 COLLATE=utf8mb4_unicode_ci;
/*!40101 SET character_set_client = @saved_cs_client */;

--
-- Dumping data for table `slugs_translations`
--

LOCK TABLES `slugs_translations` WRITE;
/*!40000 ALTER TABLE `slugs_translations` DISABLE KEYS */;
/*!40000 ALTER TABLE `slugs_translations` ENABLE KEYS */;
UNLOCK TABLES;

--
-- Table structure for table `states`
--

DROP TABLE IF EXISTS `states`;
/*!40101 SET @saved_cs_client     = @@character_set_client */;
/*!40101 SET character_set_client = utf8 */;
CREATE TABLE `states` (
  `id` bigint unsigned NOT NULL AUTO_INCREMENT,
  `name` varchar(120) COLLATE utf8mb4_unicode_ci NOT NULL,
  `slug` varchar(120) COLLATE utf8mb4_unicode_ci DEFAULT NULL,
  `abbreviation` varchar(10) COLLATE utf8mb4_unicode_ci DEFAULT NULL,
  `country_id` bigint unsigned DEFAULT NULL,
  `order` tinyint NOT NULL DEFAULT '0',
  `image` varchar(191) COLLATE utf8mb4_unicode_ci DEFAULT NULL,
  `is_default` tinyint unsigned NOT NULL DEFAULT '0',
  `status` varchar(60) COLLATE utf8mb4_unicode_ci NOT NULL DEFAULT 'published',
  `created_at` timestamp NULL DEFAULT NULL,
  `updated_at` timestamp NULL DEFAULT NULL,
  PRIMARY KEY (`id`),
  UNIQUE KEY `states_slug_unique` (`slug`)
) ENGINE=InnoDB DEFAULT CHARSET=utf8mb4 COLLATE=utf8mb4_unicode_ci;
/*!40101 SET character_set_client = @saved_cs_client */;

--
-- Dumping data for table `states`
--

LOCK TABLES `states` WRITE;
/*!40000 ALTER TABLE `states` DISABLE KEYS */;
/*!40000 ALTER TABLE `states` ENABLE KEYS */;
UNLOCK TABLES;

--
-- Table structure for table `states_translations`
--

DROP TABLE IF EXISTS `states_translations`;
/*!40101 SET @saved_cs_client     = @@character_set_client */;
/*!40101 SET character_set_client = utf8 */;
CREATE TABLE `states_translations` (
  `lang_code` varchar(20) COLLATE utf8mb4_unicode_ci NOT NULL,
  `states_id` bigint unsigned NOT NULL,
  `name` varchar(120) COLLATE utf8mb4_unicode_ci DEFAULT NULL,
  `slug` varchar(120) COLLATE utf8mb4_unicode_ci DEFAULT NULL,
  `abbreviation` varchar(10) COLLATE utf8mb4_unicode_ci DEFAULT NULL,
  PRIMARY KEY (`lang_code`,`states_id`)
) ENGINE=InnoDB DEFAULT CHARSET=utf8mb4 COLLATE=utf8mb4_unicode_ci;
/*!40101 SET character_set_client = @saved_cs_client */;

--
-- Dumping data for table `states_translations`
--

LOCK TABLES `states_translations` WRITE;
/*!40000 ALTER TABLE `states_translations` DISABLE KEYS */;
/*!40000 ALTER TABLE `states_translations` ENABLE KEYS */;
UNLOCK TABLES;

--
-- Table structure for table `tags`
--

DROP TABLE IF EXISTS `tags`;
/*!40101 SET @saved_cs_client     = @@character_set_client */;
/*!40101 SET character_set_client = utf8 */;
CREATE TABLE `tags` (
  `id` bigint unsigned NOT NULL AUTO_INCREMENT,
  `name` varchar(120) COLLATE utf8mb4_unicode_ci NOT NULL,
  `author_id` bigint unsigned DEFAULT NULL,
  `author_type` varchar(191) COLLATE utf8mb4_unicode_ci NOT NULL,
  `description` varchar(400) COLLATE utf8mb4_unicode_ci DEFAULT NULL,
  `status` varchar(60) COLLATE utf8mb4_unicode_ci NOT NULL DEFAULT 'published',
  `created_at` timestamp NULL DEFAULT NULL,
  `updated_at` timestamp NULL DEFAULT NULL,
  PRIMARY KEY (`id`)
) ENGINE=InnoDB AUTO_INCREMENT=6 DEFAULT CHARSET=utf8mb4 COLLATE=utf8mb4_unicode_ci;
/*!40101 SET character_set_client = @saved_cs_client */;

--
-- Dumping data for table `tags`
--

LOCK TABLES `tags` WRITE;
/*!40000 ALTER TABLE `tags` DISABLE KEYS */;
INSERT INTO `tags` VALUES (1,'General',1,'Botble\\ACL\\Models\\User',NULL,'published','2025-01-21 09:39:00','2025-01-21 09:39:00'),(2,'Design',1,'Botble\\ACL\\Models\\User',NULL,'published','2025-01-21 09:39:00','2025-01-21 09:39:00'),(3,'Fashion',1,'Botble\\ACL\\Models\\User',NULL,'published','2025-01-21 09:39:00','2025-01-21 09:39:00'),(4,'Branding',1,'Botble\\ACL\\Models\\User',NULL,'published','2025-01-21 09:39:00','2025-01-21 09:39:00'),(5,'Modern',1,'Botble\\ACL\\Models\\User',NULL,'published','2025-01-21 09:39:00','2025-01-21 09:39:00');
/*!40000 ALTER TABLE `tags` ENABLE KEYS */;
UNLOCK TABLES;

--
-- Table structure for table `tags_translations`
--

DROP TABLE IF EXISTS `tags_translations`;
/*!40101 SET @saved_cs_client     = @@character_set_client */;
/*!40101 SET character_set_client = utf8 */;
CREATE TABLE `tags_translations` (
  `lang_code` varchar(20) COLLATE utf8mb4_unicode_ci NOT NULL,
  `tags_id` bigint unsigned NOT NULL,
  `name` varchar(191) COLLATE utf8mb4_unicode_ci DEFAULT NULL,
  `description` varchar(400) COLLATE utf8mb4_unicode_ci DEFAULT NULL,
  PRIMARY KEY (`lang_code`,`tags_id`)
) ENGINE=InnoDB DEFAULT CHARSET=utf8mb4 COLLATE=utf8mb4_unicode_ci;
/*!40101 SET character_set_client = @saved_cs_client */;

--
-- Dumping data for table `tags_translations`
--

LOCK TABLES `tags_translations` WRITE;
/*!40000 ALTER TABLE `tags_translations` DISABLE KEYS */;
/*!40000 ALTER TABLE `tags_translations` ENABLE KEYS */;
UNLOCK TABLES;

--
-- Table structure for table `teams`
--

DROP TABLE IF EXISTS `teams`;
/*!40101 SET @saved_cs_client     = @@character_set_client */;
/*!40101 SET character_set_client = utf8 */;
CREATE TABLE `teams` (
  `id` bigint unsigned NOT NULL AUTO_INCREMENT,
  `name` varchar(191) COLLATE utf8mb4_unicode_ci NOT NULL,
  `photo` varchar(191) COLLATE utf8mb4_unicode_ci DEFAULT NULL,
  `title` varchar(191) COLLATE utf8mb4_unicode_ci DEFAULT NULL,
  `location` varchar(191) COLLATE utf8mb4_unicode_ci DEFAULT NULL,
  `socials` varchar(191) COLLATE utf8mb4_unicode_ci DEFAULT NULL,
  `status` varchar(60) COLLATE utf8mb4_unicode_ci NOT NULL DEFAULT 'published',
  `created_at` timestamp NULL DEFAULT NULL,
  `updated_at` timestamp NULL DEFAULT NULL,
  `content` longtext COLLATE utf8mb4_unicode_ci,
  `phone` varchar(15) COLLATE utf8mb4_unicode_ci DEFAULT NULL,
  `email` varchar(191) COLLATE utf8mb4_unicode_ci DEFAULT NULL,
  `address` varchar(191) COLLATE utf8mb4_unicode_ci DEFAULT NULL,
  `website` varchar(191) COLLATE utf8mb4_unicode_ci DEFAULT NULL,
  `description` varchar(400) COLLATE utf8mb4_unicode_ci DEFAULT NULL,
  PRIMARY KEY (`id`)
) ENGINE=InnoDB AUTO_INCREMENT=5 DEFAULT CHARSET=utf8mb4 COLLATE=utf8mb4_unicode_ci;
/*!40101 SET character_set_client = @saved_cs_client */;

--
-- Dumping data for table `teams`
--

LOCK TABLES `teams` WRITE;
/*!40000 ALTER TABLE `teams` DISABLE KEYS */;
INSERT INTO `teams` VALUES (1,'Rosalina D. Willson','testimonials/team-1.jpg','Founder','USA',NULL,'published','2025-01-21 09:39:35','2025-01-21 09:39:35',NULL,NULL,NULL,NULL,NULL,NULL),(2,'Ukolilix X. Xilanorix','testimonials/team-2.jpg','CEO','Qatar',NULL,'published','2025-01-21 09:39:35','2025-01-21 09:39:35',NULL,NULL,NULL,NULL,NULL,NULL),(3,'Alonso M. Miklonax','testimonials/team-3.jpg','Designer','India',NULL,'published','2025-01-21 09:39:35','2025-01-21 09:39:35',NULL,NULL,NULL,NULL,NULL,NULL),(4,'Miranda H. Halim','testimonials/team-4.jpg','Developer','China',NULL,'published','2025-01-21 09:39:35','2025-01-21 09:39:35',NULL,NULL,NULL,NULL,NULL,NULL);
/*!40000 ALTER TABLE `teams` ENABLE KEYS */;
UNLOCK TABLES;

--
-- Table structure for table `teams_translations`
--

DROP TABLE IF EXISTS `teams_translations`;
/*!40101 SET @saved_cs_client     = @@character_set_client */;
/*!40101 SET character_set_client = utf8 */;
CREATE TABLE `teams_translations` (
  `lang_code` varchar(191) COLLATE utf8mb4_unicode_ci NOT NULL,
  `teams_id` int NOT NULL,
  `name` varchar(191) COLLATE utf8mb4_unicode_ci NOT NULL,
  `title` varchar(191) COLLATE utf8mb4_unicode_ci DEFAULT NULL,
  `location` varchar(191) COLLATE utf8mb4_unicode_ci DEFAULT NULL,
  `content` longtext COLLATE utf8mb4_unicode_ci,
  `address` varchar(191) COLLATE utf8mb4_unicode_ci DEFAULT NULL,
  PRIMARY KEY (`lang_code`,`teams_id`)
) ENGINE=InnoDB DEFAULT CHARSET=utf8mb4 COLLATE=utf8mb4_unicode_ci;
/*!40101 SET character_set_client = @saved_cs_client */;

--
-- Dumping data for table `teams_translations`
--

LOCK TABLES `teams_translations` WRITE;
/*!40000 ALTER TABLE `teams_translations` DISABLE KEYS */;
/*!40000 ALTER TABLE `teams_translations` ENABLE KEYS */;
UNLOCK TABLES;

--
-- Table structure for table `testimonials`
--

DROP TABLE IF EXISTS `testimonials`;
/*!40101 SET @saved_cs_client     = @@character_set_client */;
/*!40101 SET character_set_client = utf8 */;
CREATE TABLE `testimonials` (
  `id` bigint unsigned NOT NULL AUTO_INCREMENT,
  `name` varchar(120) COLLATE utf8mb4_unicode_ci NOT NULL,
  `content` text COLLATE utf8mb4_unicode_ci NOT NULL,
  `image` varchar(255) COLLATE utf8mb4_unicode_ci DEFAULT NULL,
  `company` varchar(120) COLLATE utf8mb4_unicode_ci DEFAULT NULL,
  `status` varchar(60) COLLATE utf8mb4_unicode_ci NOT NULL DEFAULT 'published',
  `created_at` timestamp NULL DEFAULT NULL,
  `updated_at` timestamp NULL DEFAULT NULL,
  PRIMARY KEY (`id`)
) ENGINE=InnoDB AUTO_INCREMENT=5 DEFAULT CHARSET=utf8mb4 COLLATE=utf8mb4_unicode_ci;
/*!40101 SET character_set_client = @saved_cs_client */;

--
-- Dumping data for table `testimonials`
--

LOCK TABLES `testimonials` WRITE;
/*!40000 ALTER TABLE `testimonials` DISABLE KEYS */;
INSERT INTO `testimonials` VALUES (1,'Guy Hawkins','Five stars! Their cosmetics are magic. Transformed my skin, enhanced my beauty. A go-to for quality and results ⭐⭐⭐⭐⭐','testimonials/avatar-1.png','Bank of America','published','2025-01-21 09:39:35','2025-01-21 09:39:35'),(2,'Eleanor Pena','Top-notch! 5 stars. Makeup, skincare, all exceptional. Delighted with my purchases. A must-visit for every beauty enthusiast! ⭐⭐⭐⭐⭐','testimonials/avatar-2.png','Nintendo','published','2025-01-21 09:39:35','2025-01-21 09:39:35'),(3,'Cody Fisher','Thrilled with results! 5 stars. Solved my sensitive skin issues. The cosmetics shop is a gem. Highly recommended. ⭐⭐⭐⭐⭐','testimonials/avatar-3.png','Starbucks','published','2025-01-21 09:39:35','2025-01-21 09:39:35'),(4,'Albert Flores','Wedding day savior! 5 stars. Their bridal collection is a game-changer. Made me feel like a star. Impressed beyond words. ⭐⭐⭐⭐⭐','testimonials/avatar-4.png','Bank of America','published','2025-01-21 09:39:35','2025-01-21 09:39:35');
/*!40000 ALTER TABLE `testimonials` ENABLE KEYS */;
UNLOCK TABLES;

--
-- Table structure for table `testimonials_translations`
--

DROP TABLE IF EXISTS `testimonials_translations`;
/*!40101 SET @saved_cs_client     = @@character_set_client */;
/*!40101 SET character_set_client = utf8 */;
CREATE TABLE `testimonials_translations` (
  `lang_code` varchar(191) COLLATE utf8mb4_unicode_ci NOT NULL,
  `testimonials_id` bigint unsigned NOT NULL,
  `name` varchar(255) COLLATE utf8mb4_unicode_ci DEFAULT NULL,
  `content` text COLLATE utf8mb4_unicode_ci,
  `company` varchar(120) COLLATE utf8mb4_unicode_ci DEFAULT NULL,
  PRIMARY KEY (`lang_code`,`testimonials_id`)
) ENGINE=InnoDB DEFAULT CHARSET=utf8mb4 COLLATE=utf8mb4_unicode_ci;
/*!40101 SET character_set_client = @saved_cs_client */;

--
-- Dumping data for table `testimonials_translations`
--

LOCK TABLES `testimonials_translations` WRITE;
/*!40000 ALTER TABLE `testimonials_translations` DISABLE KEYS */;
/*!40000 ALTER TABLE `testimonials_translations` ENABLE KEYS */;
UNLOCK TABLES;

--
-- Table structure for table `user_meta`
--

DROP TABLE IF EXISTS `user_meta`;
/*!40101 SET @saved_cs_client     = @@character_set_client */;
/*!40101 SET character_set_client = utf8 */;
CREATE TABLE `user_meta` (
  `id` bigint unsigned NOT NULL AUTO_INCREMENT,
  `key` varchar(120) COLLATE utf8mb4_unicode_ci DEFAULT NULL,
  `value` text COLLATE utf8mb4_unicode_ci,
  `user_id` bigint unsigned NOT NULL,
  `created_at` timestamp NULL DEFAULT NULL,
  `updated_at` timestamp NULL DEFAULT NULL,
  PRIMARY KEY (`id`),
  KEY `user_meta_user_id_index` (`user_id`)
) ENGINE=InnoDB DEFAULT CHARSET=utf8mb4 COLLATE=utf8mb4_unicode_ci;
/*!40101 SET character_set_client = @saved_cs_client */;

--
-- Dumping data for table `user_meta`
--

LOCK TABLES `user_meta` WRITE;
/*!40000 ALTER TABLE `user_meta` DISABLE KEYS */;
/*!40000 ALTER TABLE `user_meta` ENABLE KEYS */;
UNLOCK TABLES;

--
-- Table structure for table `users`
--

DROP TABLE IF EXISTS `users`;
/*!40101 SET @saved_cs_client     = @@character_set_client */;
/*!40101 SET character_set_client = utf8 */;
CREATE TABLE `users` (
  `id` bigint unsigned NOT NULL AUTO_INCREMENT,
  `email` varchar(191) COLLATE utf8mb4_unicode_ci NOT NULL,
  `email_verified_at` timestamp NULL DEFAULT NULL,
  `password` varchar(120) COLLATE utf8mb4_unicode_ci DEFAULT NULL,
  `remember_token` varchar(100) COLLATE utf8mb4_unicode_ci DEFAULT NULL,
  `created_at` timestamp NULL DEFAULT NULL,
  `updated_at` timestamp NULL DEFAULT NULL,
  `first_name` varchar(120) COLLATE utf8mb4_unicode_ci DEFAULT NULL,
  `last_name` varchar(120) COLLATE utf8mb4_unicode_ci DEFAULT NULL,
  `username` varchar(60) COLLATE utf8mb4_unicode_ci DEFAULT NULL,
  `avatar_id` bigint unsigned DEFAULT NULL,
  `super_user` tinyint(1) NOT NULL DEFAULT '0',
  `manage_supers` tinyint(1) NOT NULL DEFAULT '0',
  `permissions` text COLLATE utf8mb4_unicode_ci,
  `last_login` timestamp NULL DEFAULT NULL,
  PRIMARY KEY (`id`),
  UNIQUE KEY `users_email_unique` (`email`),
  UNIQUE KEY `users_username_unique` (`username`)
) ENGINE=InnoDB AUTO_INCREMENT=2 DEFAULT CHARSET=utf8mb4 COLLATE=utf8mb4_unicode_ci;
/*!40101 SET character_set_client = @saved_cs_client */;

--
-- Dumping data for table `users`
--

LOCK TABLES `users` WRITE;
/*!40000 ALTER TABLE `users` DISABLE KEYS */;
INSERT INTO `users` VALUES (1,'smante@boyle.biz',NULL,'$2y$12$Ey1LTaOEWanOaOL2MnVLy.b/ziZrHbcaTgkCxTQxXBV3vB/feJa9q',NULL,'2025-01-21 09:38:58','2025-01-21 09:38:58','Emmanuel','Rau','admin',NULL,1,1,NULL,NULL);
/*!40000 ALTER TABLE `users` ENABLE KEYS */;
UNLOCK TABLES;

--
-- Table structure for table `widgets`
--

DROP TABLE IF EXISTS `widgets`;
/*!40101 SET @saved_cs_client     = @@character_set_client */;
/*!40101 SET character_set_client = utf8 */;
CREATE TABLE `widgets` (
  `id` bigint unsigned NOT NULL AUTO_INCREMENT,
  `widget_id` varchar(120) COLLATE utf8mb4_unicode_ci NOT NULL,
  `sidebar_id` varchar(120) COLLATE utf8mb4_unicode_ci NOT NULL,
  `theme` varchar(120) COLLATE utf8mb4_unicode_ci NOT NULL,
  `position` tinyint unsigned NOT NULL DEFAULT '0',
  `data` text COLLATE utf8mb4_unicode_ci,
  `created_at` timestamp NULL DEFAULT NULL,
  `updated_at` timestamp NULL DEFAULT NULL,
  PRIMARY KEY (`id`)
) ENGINE=InnoDB AUTO_INCREMENT=15 DEFAULT CHARSET=utf8mb4 COLLATE=utf8mb4_unicode_ci;
/*!40101 SET character_set_client = @saved_cs_client */;

--
-- Dumping data for table `widgets`
--

LOCK TABLES `widgets` WRITE;
/*!40000 ALTER TABLE `widgets` DISABLE KEYS */;
INSERT INTO `widgets` VALUES (1,'SiteInfoWidget','footer_sidebar','ninico',0,'{\"description\":\"Elegant pink origami design three dimensional view and decoration co-exist. Great for adding a decorative touch to any room\\u2019s decor.\",\"logo\":null}','2025-01-21 09:39:08','2025-01-21 09:39:08'),(2,'CustomMenuWidget','footer_sidebar','ninico',1,'{\"name\":\"Information\",\"menu_id\":\"information\"}','2025-01-21 09:39:08','2025-01-21 09:39:08'),(3,'CustomMenuWidget','footer_sidebar','ninico',2,'{\"name\":\"My Account\",\"menu_id\":\"my-account\"}','2025-01-21 09:39:08','2025-01-21 09:39:08'),(4,'CustomMenuWidget','footer_sidebar','ninico',3,'{\"name\":\"Social Network\",\"menu_id\":\"social-network\"}','2025-01-21 09:39:08','2025-01-21 09:39:08'),(5,'NewsletterWidget','footer_sidebar','ninico',4,'[]','2025-01-21 09:39:08','2025-01-21 09:39:08'),(6,'CtaContactWidget','footer_middle_sidebar','ninico',1,'[]','2025-01-21 09:39:08','2025-01-21 09:39:08'),(7,'DownloadAppsWidget','footer_middle_sidebar','ninico',2,'{\"ios_image\":\"general\\/f-app.jpg\",\"android_image\":\"general\\/f-google.jpg\"}','2025-01-21 09:39:08','2025-01-21 09:39:08'),(8,'SiteCopyrightWidget','footer_bottom_sidebar','ninico',0,'{\"description\":\"Copyright 2025 \\u00a9 Ninico. All rights reserved. Powered by Botble.\"}','2025-01-21 09:39:08','2025-01-21 09:39:08'),(9,'SiteAcceptedPaymentsWidget','footer_bottom_sidebar','ninico',1,'{\"image\":\"general\\/f-brand-icon-01.png\",\"url\":\"\\/\"}','2025-01-21 09:39:08','2025-01-21 09:39:08'),(10,'BlogSearchWidget','blog_sidebar','ninico',1,'{\"name\":\"Search\"}','2025-01-21 09:39:08','2025-01-21 09:39:08'),(11,'BlogCategoriesWidget','blog_sidebar','ninico',2,'{\"name\":\"Categories\"}','2025-01-21 09:39:08','2025-01-21 09:39:08'),(12,'BlogPostsWidget','blog_sidebar','ninico',3,'{\"name\":\"Recent Posts\",\"type\":\"recent\"}','2025-01-21 09:39:08','2025-01-21 09:39:08'),(13,'BlogTagsWidget','blog_sidebar','ninico',4,'{\"name\":\"Popular Tag\"}','2025-01-21 09:39:08','2025-01-21 09:39:08'),(14,'SiteFeaturesWidget','product_detail_sidebar','ninico',1,'{\"id\":\"SiteFeaturesWidget\",\"title\":\"Site Features\",\"data\":{\"1\":{\"icon\":\"icons\\/product-det-1.png\",\"text\":\"Free Shipping apply to all orders over $100\"},\"2\":{\"icon\":\"icons\\/product-det-2.png\",\"text\":\"Guaranteed 100% Organic from natural farms\"},\"3\":{\"icon\":\"icons\\/product-det-3.png\",\"text\":\"1 Day Returns if you change your mind\"},\"4\":{\"icon\":\"icons\\/product-det-4.png\",\"text\":\"Covid-19 Info: We keep delivering.\"}}}','2025-01-21 09:39:08','2025-01-21 09:39:08');
/*!40000 ALTER TABLE `widgets` ENABLE KEYS */;
UNLOCK TABLES;
/*!40103 SET TIME_ZONE=@OLD_TIME_ZONE */;

/*!40101 SET SQL_MODE=@OLD_SQL_MODE */;
/*!40014 SET FOREIGN_KEY_CHECKS=@OLD_FOREIGN_KEY_CHECKS */;
/*!40014 SET UNIQUE_CHECKS=@OLD_UNIQUE_CHECKS */;
/*!40101 SET CHARACTER_SET_CLIENT=@OLD_CHARACTER_SET_CLIENT */;
/*!40101 SET CHARACTER_SET_RESULTS=@OLD_CHARACTER_SET_RESULTS */;
/*!40101 SET COLLATION_CONNECTION=@OLD_COLLATION_CONNECTION */;
/*!40111 SET SQL_NOTES=@OLD_SQL_NOTES */;

-- Dump completed on 2025-01-21 23:39:38
